order_id,order_date,customer_name,region,product_id,product_name,category,quantity,sales_amount,profit
ORD-00025,2024-07-03,"Sean Rasmussen",West,PROD-0001,"Bulletin Board (Bookcases)",Furniture,6,523.20,196.91
ORD-00082,2024-08-20,"Anna Lozano",West,PROD-0001,"Bulletin Board (Bookcases)",Furniture,9,833.85,306.83
ORD-00137,2023-10-05,"James Mayo",Central,PROD-0001,"Bulletin Board (Bookcases)",Furniture,7,724.85,245.50
ORD-00173,2023-11-13,"Kathleen Ramos",North,PROD-0001,"Bulletin Board (Bookcases)",Furniture,11,1139.05,435.94
ORD-00380,2023-01-14,"Jacob Fitzpatrick",South,PROD-0001,"Bulletin Board (Bookcases)",Furniture,5,517.75,196.41
ORD-00431,2023-08-29,"John Hernandez",East,PROD-0001,"Bulletin Board (Bookcases)",Furniture,12,1046.40,320.54
ORD-00476,2023-07-07,"Robert Robinson",East,PROD-0001,"Bulletin Board (Bookcases)",Furniture,1,109.00,34.51
ORD-00510,2023-08-03,"Mark Brennan",North,PROD-0001,"Bulletin Board (Bookcases)",Furniture,5,517.75,90.00
ORD-00575,2024-12-04,"Vincent Mueller",East,PROD-0001,"Bulletin Board (Bookcases)",Furniture,14,1526.00,234.32
ORD-00597,2023-11-09,"Dwayne Payne",South,PROD-0001,"Bulletin Board (Bookcases)",Furniture,5,545.00,194.58
ORD-00688,2024-10-16,"Victoria Valdez",South,PROD-0001,"Bulletin Board (Bookcases)",Furniture,3,277.95,51.26
ORD-00770,2024-06-17,"Denise King",South,PROD-0001,"Bulletin Board (Bookcases)",Furniture,10,1090.00,338.85
ORD-00857,2024-10-04,"Matthew Harvey",South,PROD-0001,"Bulletin Board (Bookcases)",Furniture,12,1111.80,188.28
ORD-00873,2024-02-20,"Melanie Taylor",South,PROD-0001,"Bulletin Board (Bookcases)",Furniture,10,872.00,188.11
ORD-01114,2023-07-17,"Courtney Jones",North,PROD-0001,"Bulletin Board (Bookcases)",Furniture,9,833.85,358.55
ORD-01148,2024-11-15,"Robert Robinson",East,PROD-0001,"Bulletin Board (Bookcases)",Furniture,6,523.20,167.27
ORD-01161,2024-10-24,"Walter Rush",West,PROD-0001,"Bulletin Board (Bookcases)",Furniture,11,1079.10,456.59
ORD-01164,2023-12-13,"Marie Christian",West,PROD-0001,"Bulletin Board (Bookcases)",Furniture,6,588.60,119.79
ORD-01239,2023-12-30,"Laurie Hoffman",North,PROD-0001,"Bulletin Board (Bookcases)",Furniture,8,741.20,204.80
ORD-01276,2024-02-25,"Amanda Lutz",East,PROD-0001,"Bulletin Board (Bookcases)",Furniture,12,1308.00,408.34
ORD-01293,2025-08-17,"Lori Hill",West,PROD-0001,"Bulletin Board (Bookcases)",Furniture,2,207.10,73.91
ORD-01300,2025-04-10,"Scott Cole",North,PROD-0001,"Bulletin Board (Bookcases)",Furniture,14,1297.10,273.65
ORD-01332,2025-01-24,"Belinda Mccullough",East,PROD-0001,"Bulletin Board (Bookcases)",Furniture,2,196.20,59.95
ORD-01346,2024-06-10,"Angie Henderson",East,PROD-0001,"Bulletin Board (Bookcases)",Furniture,1,92.65,38.59
ORD-01418,2023-06-30,"Michelle James",West,PROD-0001,"Bulletin Board (Bookcases)",Furniture,11,959.20,206.44
ORD-01447,2023-04-01,"Marie Christian",West,PROD-0001,"Bulletin Board (Bookcases)",Furniture,1,103.55,23.81
ORD-01466,2024-12-23,"Cynthia Wallace",Central,PROD-0001,"Bulletin Board (Bookcases)",Furniture,15,1635.00,488.75
ORD-01483,2023-11-26,"Sean Rasmussen",West,PROD-0001,"Bulletin Board (Bookcases)",Furniture,12,1177.20,429.00
ORD-01487,2025-02-02,"Andrew Johnson",North,PROD-0001,"Bulletin Board (Bookcases)",Furniture,8,784.80,123.50
ORD-01491,2024-08-16,"Mr. Donald Fischer",Central,PROD-0001,"Bulletin Board (Bookcases)",Furniture,13,1275.30,318.74
ORD-01523,2023-04-10,"Ms. Susan Vargas",East,PROD-0001,"Bulletin Board (Bookcases)",Furniture,5,545.00,158.66
ORD-01536,2025-12-07,"Noah Brown",North,PROD-0001,"Bulletin Board (Bookcases)",Furniture,13,1417.00,564.44
ORD-01581,2024-09-12,"Kelsey Parker",Central,PROD-0001,"Bulletin Board (Bookcases)",Furniture,15,1389.75,556.95
ORD-01626,2023-09-05,"Bryan Zamora",East,PROD-0001,"Bulletin Board (Bookcases)",Furniture,9,833.85,167.86
ORD-01742,2025-05-14,"Tracy Phillips",Central,PROD-0001,"Bulletin Board (Bookcases)",Furniture,10,1090.00,309.59
ORD-01748,2025-08-17,"Cheryl Allen",North,PROD-0001,"Bulletin Board (Bookcases)",Furniture,3,327.00,76.22
ORD-01788,2025-11-13,"Ashley Smith",South,PROD-0001,"Bulletin Board (Bookcases)",Furniture,9,981.00,288.02
ORD-01974,2023-05-24,"Nancy Gonzalez",Central,PROD-0001,"Bulletin Board (Bookcases)",Furniture,8,872.00,295.96
ORD-02026,2025-10-28,"Joshua Mata",North,PROD-0001,"Bulletin Board (Bookcases)",Furniture,10,926.50,142.20
ORD-02081,2023-06-25,"Belinda Miller",East,PROD-0001,"Bulletin Board (Bookcases)",Furniture,7,763.00,280.00
ORD-02113,2025-06-13,"John Torres",North,PROD-0001,"Bulletin Board (Bookcases)",Furniture,13,1417.00,542.62
ORD-02202,2025-05-20,"Casey Stone",Central,PROD-0001,"Bulletin Board (Bookcases)",Furniture,12,1177.20,264.99
ORD-02383,2023-05-13,"Sharon James",North,PROD-0001,"Bulletin Board (Bookcases)",Furniture,6,654.00,98.80
ORD-02415,2023-02-03,"Gina French",Central,PROD-0001,"Bulletin Board (Bookcases)",Furniture,10,1035.50,433.77
ORD-02475,2025-05-12,"Christopher Jenkins",South,PROD-0001,"Bulletin Board (Bookcases)",Furniture,2,218.00,68.49
ORD-02577,2024-09-08,"Shane Henderson",Central,PROD-0001,"Bulletin Board (Bookcases)",Furniture,11,1199.00,280.87
ORD-02592,2024-09-12,"James Howard",West,PROD-0001,"Bulletin Board (Bookcases)",Furniture,1,92.65,23.61
ORD-02607,2025-05-10,"Shannon Ray",North,PROD-0001,"Bulletin Board (Bookcases)",Furniture,15,1635.00,705.37
ORD-02609,2025-02-05,"Mary Thompson",North,PROD-0001,"Bulletin Board (Bookcases)",Furniture,10,926.50,183.26
ORD-02697,2024-12-05,"Curtis Johnson",West,PROD-0001,"Bulletin Board (Bookcases)",Furniture,4,414.20,83.16
ORD-02701,2023-04-16,"Joshua Perry",East,PROD-0001,"Bulletin Board (Bookcases)",Furniture,10,1035.50,261.20
ORD-02737,2023-07-16,"Joseph Hill",Central,PROD-0001,"Bulletin Board (Bookcases)",Furniture,4,392.40,77.84
ORD-02759,2024-04-19,"Destiny Riggs",South,PROD-0001,"Bulletin Board (Bookcases)",Furniture,15,1635.00,408.11
ORD-02785,2024-07-06,"Amanda Lutz",East,PROD-0001,"Bulletin Board (Bookcases)",Furniture,14,1526.00,651.67
ORD-02867,2023-06-26,"Angie Henderson",East,PROD-0001,"Bulletin Board (Bookcases)",Furniture,3,327.00,89.16
ORD-03000,2025-07-11,"Patrick Ryan",South,PROD-0001,"Bulletin Board (Bookcases)",Furniture,12,1308.00,365.63
ORD-00015,2023-08-10,"Cynthia Wallace",Central,PROD-0002,"Copier Machine (Paper)","Office Supplies",10,3562.60,610.39
ORD-00040,2025-12-10,"John Torres",North,PROD-0002,"Copier Machine (Paper)","Office Supplies",10,3562.60,555.22
ORD-00095,2024-11-10,"Mark Brennan",North,PROD-0002,"Copier Machine (Paper)","Office Supplies",14,4987.64,936.39
ORD-00097,2025-04-19,"Theresa Clark",Central,PROD-0002,"Copier Machine (Paper)","Office Supplies",14,4239.49,674.13
ORD-00141,2024-04-28,"Katrina Hill",East,PROD-0002,"Copier Machine (Paper)","Office Supplies",14,4987.64,2095.77
ORD-00204,2023-12-22,"Richard Romero",East,PROD-0002,"Copier Machine (Paper)","Office Supplies",10,3562.60,790.67
ORD-00286,2023-08-21,"Brittney Webster",West,PROD-0002,"Copier Machine (Paper)","Office Supplies",1,302.82,119.37
ORD-00289,2024-08-07,"Mr. Donald Fischer",Central,PROD-0002,"Copier Machine (Paper)","Office Supplies",12,4061.36,1583.71
ORD-00365,2025-04-13,"Christopher Schwartz",North,PROD-0002,"Copier Machine (Paper)","Office Supplies",11,3722.92,1142.06
ORD-00466,2025-03-07,"Brenda Snyder PhD",Central,PROD-0002,"Copier Machine (Paper)","Office Supplies",11,3526.97,1236.14
ORD-00512,2024-12-03,"Mary Thompson",North,PROD-0002,"Copier Machine (Paper)","Office Supplies",8,2280.06,884.53
ORD-00569,2023-11-22,"Jeremy Turner",Central,PROD-0002,"Copier Machine (Paper)","Office Supplies",14,4987.64,2104.77
ORD-00587,2024-09-09,"Stephanie Gardner",East,PROD-0002,"Copier Machine (Paper)","Office Supplies",4,1282.54,343.62
ORD-00602,2023-12-26,"Brenda Thornton",North,PROD-0002,"Copier Machine (Paper)","Office Supplies",2,712.52,169.32
ORD-00710,2025-06-19,"Paul Hudson",North,PROD-0002,"Copier Machine (Paper)","Office Supplies",8,2850.08,1089.09
ORD-00768,2024-11-18,"Rebecca Jackson",West,PROD-0002,"Copier Machine (Paper)","Office Supplies",11,3918.86,1502.19
ORD-00837,2025-07-23,"Kim Brown",East,PROD-0002,"Copier Machine (Paper)","Office Supplies",6,2137.56,432.66
ORD-00908,2023-06-27,"Stephanie Dalton",South,PROD-0002,"Copier Machine (Paper)","Office Supplies",5,1425.04,245.10
ORD-01069,2025-10-04,"Andrea Davis",East,PROD-0002,"Copier Machine (Paper)","Office Supplies",13,4399.81,1584.45
ORD-01082,2023-01-31,"John Hamilton",South,PROD-0002,"Copier Machine (Paper)","Office Supplies",8,2850.08,990.19
ORD-01186,2023-03-02,"Melissa Gates",North,PROD-0002,"Copier Machine (Paper)","Office Supplies",9,3206.34,1225.86
ORD-01235,2024-03-01,"Michelle Lewis",Central,PROD-0002,"Copier Machine (Paper)","Office Supplies",1,356.26,144.47
ORD-01283,2023-02-01,"Rickey Li",Central,PROD-0002,"Copier Machine (Paper)","Office Supplies",10,3206.34,948.38
ORD-01567,2024-07-24,"John Hernandez",East,PROD-0002,"Copier Machine (Paper)","Office Supplies",13,3936.67,866.89
ORD-01683,2024-10-08,"Eric Byrd",North,PROD-0002,"Copier Machine (Paper)","Office Supplies",12,4061.36,897.14
ORD-01725,2023-08-06,"Sara Johnston",East,PROD-0002,"Copier Machine (Paper)","Office Supplies",7,2244.44,997.94
ORD-01740,2024-08-18,"Destiny Riggs",South,PROD-0002,"Copier Machine (Paper)","Office Supplies",1,338.45,111.72
ORD-01751,2024-08-01,"Vincent Dalton",North,PROD-0002,"Copier Machine (Paper)","Office Supplies",12,3633.85,1541.27
ORD-01826,2023-06-24,"Nancy Gonzalez",Central,PROD-0002,"Copier Machine (Paper)","Office Supplies",4,1282.54,368.67
ORD-01841,2023-08-24,"David Murphy",East,PROD-0002,"Copier Machine (Paper)","Office Supplies",5,1781.30,631.47
ORD-01913,2024-09-05,"Eric Byrd",North,PROD-0002,"Copier Machine (Paper)","Office Supplies",7,2493.82,1000.81
ORD-01934,2023-09-16,"Julia Torres",East,PROD-0002,"Copier Machine (Paper)","Office Supplies",14,4488.88,715.91
ORD-01970,2025-07-13,"Ms. Teresa Wilson",West,PROD-0002,"Copier Machine (Paper)","Office Supplies",11,3918.86,1653.87
ORD-01976,2023-11-18,"Brittney Olson",South,PROD-0002,"Copier Machine (Paper)","Office Supplies",2,712.52,205.96
ORD-02014,2024-01-24,"Darrell Patterson",North,PROD-0002,"Copier Machine (Paper)","Office Supplies",10,3562.60,604.58
ORD-02064,2023-10-29,"Seth Booker",West,PROD-0002,"Copier Machine (Paper)","Office Supplies",5,1781.30,479.80
ORD-02083,2023-07-26,"John Hamilton",South,PROD-0002,"Copier Machine (Paper)","Office Supplies",1,356.26,131.88
ORD-02090,2024-11-07,"Ashley Smith",South,PROD-0002,"Copier Machine (Paper)","Office Supplies",13,4631.38,2079.84
ORD-02127,2023-05-01,"Lori Guerrero",East,PROD-0002,"Copier Machine (Paper)","Office Supplies",13,4631.38,1871.95
ORD-02168,2024-03-16,"Samantha Pollard",South,PROD-0002,"Copier Machine (Paper)","Office Supplies",3,961.90,273.54
ORD-02237,2024-07-14,"Christopher Jenkins",South,PROD-0002,"Copier Machine (Paper)","Office Supplies",4,1425.04,459.02
ORD-02412,2025-02-20,"Donald Wright",Central,PROD-0002,"Copier Machine (Paper)","Office Supplies",5,1425.04,359.28
ORD-02433,2024-02-22,"Kimberly Dudley",Central,PROD-0002,"Copier Machine (Paper)","Office Supplies",2,712.52,315.15
ORD-02522,2023-01-07,"Charles Schultz",Central,PROD-0002,"Copier Machine (Paper)","Office Supplies",2,712.52,213.06
ORD-02523,2025-09-03,"Anna Henderson",East,PROD-0002,"Copier Machine (Paper)","Office Supplies",12,4275.12,830.36
ORD-02537,2023-02-12,"Linda Dodson DVM",West,PROD-0002,"Copier Machine (Paper)","Office Supplies",3,1015.34,196.08
ORD-02631,2024-04-27,"Denise King",South,PROD-0002,"Copier Machine (Paper)","Office Supplies",8,2850.08,593.68
ORD-02658,2023-03-15,"Cameron Fisher",Central,PROD-0002,"Copier Machine (Paper)","Office Supplies",4,1211.28,385.09
ORD-02766,2025-04-23,"Joseph Hill",Central,PROD-0002,"Copier Machine (Paper)","Office Supplies",11,3918.86,1729.44
ORD-02767,2025-11-05,"Haley Hartman",East,PROD-0002,"Copier Machine (Paper)","Office Supplies",4,1140.03,245.28
ORD-02782,2023-11-18,"Matthew Harvey",South,PROD-0002,"Copier Machine (Paper)","Office Supplies",5,1781.30,788.63
ORD-02788,2024-02-02,"Jacob Anderson",West,PROD-0002,"Copier Machine (Paper)","Office Supplies",14,4488.88,862.80
ORD-02872,2023-10-15,"Laura Mckinney",South,PROD-0002,"Copier Machine (Paper)","Office Supplies",10,3562.60,1160.71
ORD-02983,2025-08-02,"Kerry Smith",North,PROD-0002,"Copier Machine (Paper)","Office Supplies",8,2850.08,697.98
ORD-00123,2024-10-31,"Justin Baxter",East,PROD-0003,"Label Maker (Copiers)",Technology,12,144.67,57.48
ORD-00143,2024-07-19,"Connor Greene",West,PROD-0003,"Label Maker (Copiers)",Technology,4,50.76,8.39
ORD-00190,2024-11-02,"Theresa Clark",Central,PROD-0003,"Label Maker (Copiers)",Technology,2,25.38,7.63
ORD-00224,2023-09-22,"Melissa Lee",North,PROD-0003,"Label Maker (Copiers)",Technology,10,107.86,18.19
ORD-00349,2025-09-06,"Curtis Johnson",West,PROD-0003,"Label Maker (Copiers)",Technology,9,108.50,38.61
ORD-00434,2024-09-23,"Mark Brennan",North,PROD-0003,"Label Maker (Copiers)",Technology,5,63.45,18.79
ORD-00437,2023-04-04,"Dr. Steven Martin",South,PROD-0003,"Label Maker (Copiers)",Technology,10,101.52,38.94
ORD-00673,2025-12-14,"Vincent Dalton",North,PROD-0003,"Label Maker (Copiers)",Technology,8,101.52,35.58
ORD-00681,2024-12-31,"Roger Vargas",Central,PROD-0003,"Label Maker (Copiers)",Technology,4,43.15,11.79
ORD-00727,2024-06-24,"Sandra Gilbert",West,PROD-0003,"Label Maker (Copiers)",Technology,7,75.51,22.98
ORD-00811,2024-10-02,"Andrea Davis",East,PROD-0003,"Label Maker (Copiers)",Technology,7,75.51,31.35
ORD-00911,2024-08-27,"Curtis Johnson",West,PROD-0003,"Label Maker (Copiers)",Technology,11,139.59,50.33
ORD-00914,2023-06-24,"Michelle Miles",South,PROD-0003,"Label Maker (Copiers)",Technology,5,63.45,14.31
ORD-00969,2023-03-21,"Roger Vargas",Central,PROD-0003,"Label Maker (Copiers)",Technology,15,152.28,44.25
ORD-01010,2024-03-27,"Vincent Dalton",North,PROD-0003,"Label Maker (Copiers)",Technology,11,118.65,45.21
ORD-01048,2025-04-08,"Andrea Davis",East,PROD-0003,"Label Maker (Copiers)",Technology,14,177.66,75.73
ORD-01205,2023-10-09,"Nicole Parrish",North,PROD-0003,"Label Maker (Copiers)",Technology,3,38.07,14.55
ORD-01262,2024-10-08,"Allison Hill",North,PROD-0003,"Label Maker (Copiers)",Technology,9,102.79,45.68
ORD-01272,2025-11-02,"Amanda Lutz",East,PROD-0003,"Label Maker (Copiers)",Technology,1,10.15,3.10
ORD-01278,2023-06-28,"Julie Spencer",North,PROD-0003,"Label Maker (Copiers)",Technology,6,72.33,13.25
ORD-01290,2024-02-10,"Phillip Dorsey",South,PROD-0003,"Label Maker (Copiers)",Technology,12,121.82,30.30
ORD-01327,2025-05-21,"Andrea Davis",East,PROD-0003,"Label Maker (Copiers)",Technology,10,126.90,39.81
ORD-01504,2025-05-01,"Noah Brown",North,PROD-0003,"Label Maker (Copiers)",Technology,13,156.72,56.95
ORD-01551,2023-07-22,"Kevin Mills",East,PROD-0003,"Label Maker (Copiers)",Technology,15,190.35,33.09
ORD-01631,2025-06-19,"Jesse Perry",North,PROD-0003,"Label Maker (Copiers)",Technology,7,88.83,16.98
ORD-01832,2024-11-27,"Melissa Bryant",South,PROD-0003,"Label Maker (Copiers)",Technology,7,88.83,28.92
ORD-01872,2025-10-08,"John Torres",North,PROD-0003,"Label Maker (Copiers)",Technology,3,34.26,13.43
ORD-02018,2024-07-24,"Sara Johnston",East,PROD-0003,"Label Maker (Copiers)",Technology,11,125.63,42.63
ORD-02061,2024-05-20,"Brittney Webster",West,PROD-0003,"Label Maker (Copiers)",Technology,4,48.22,21.20
ORD-02094,2025-08-31,"Steven Houston",North,PROD-0003,"Label Maker (Copiers)",Technology,9,108.50,27.33
ORD-02234,2024-02-11,"Deborah Figueroa",Central,PROD-0003,"Label Maker (Copiers)",Technology,8,86.29,18.57
ORD-02261,2023-05-05,"Lauren Keller",Central,PROD-0003,"Label Maker (Copiers)",Technology,13,140.22,55.10
ORD-02319,2023-06-21,"John Torres",North,PROD-0003,"Label Maker (Copiers)",Technology,10,107.86,34.89
ORD-02362,2025-03-04,"Melissa Lee",North,PROD-0003,"Label Maker (Copiers)",Technology,4,50.76,7.66
ORD-02391,2025-07-13,"Alexis Herrera",South,PROD-0003,"Label Maker (Copiers)",Technology,14,168.78,49.38
ORD-02463,2023-05-12,"Grant Watts",West,PROD-0003,"Label Maker (Copiers)",Technology,8,101.52,18.59
ORD-02492,2025-08-01,"Angela Hernandez",West,PROD-0003,"Label Maker (Copiers)",Technology,2,25.38,8.99
ORD-02656,2025-12-02,"Julie Spencer",North,PROD-0003,"Label Maker (Copiers)",Technology,4,50.76,11.54
ORD-02659,2025-07-18,"John Hamilton",South,PROD-0003,"Label Maker (Copiers)",Technology,2,25.38,7.62
ORD-02731,2024-01-01,"Jennifer Powers",North,PROD-0003,"Label Maker (Copiers)",Technology,3,38.07,7.83
ORD-02770,2024-07-03,"Stephen Potter",West,PROD-0003,"Label Maker (Copiers)",Technology,8,86.29,33.16
ORD-02789,2024-10-24,"Vincent Dalton",North,PROD-0003,"Label Maker (Copiers)",Technology,7,79.95,18.15
ORD-02803,2024-10-20,"Walter Rush",West,PROD-0003,"Label Maker (Copiers)",Technology,12,137.05,37.06
ORD-02851,2025-07-19,"Jake Campbell",Central,PROD-0003,"Label Maker (Copiers)",Technology,8,101.52,31.26
ORD-02904,2024-05-12,"Mark Lynch",South,PROD-0003,"Label Maker (Copiers)",Technology,13,164.97,55.06
ORD-02915,2024-01-03,"Rodney Trujillo",Central,PROD-0003,"Label Maker (Copiers)",Technology,3,36.17,8.87
ORD-02926,2024-06-12,"Amanda Lutz",East,PROD-0003,"Label Maker (Copiers)",Technology,4,45.68,9.42
ORD-00201,2023-12-11,"Jeremy Lowe",East,PROD-0004,"Label Maker (Tables)",Furniture,2,60.55,15.74
ORD-00206,2025-07-08,"Joshua Mata",North,PROD-0004,"Label Maker (Tables)",Furniture,11,333.04,85.63
ORD-00210,2024-09-27,"Diane Garcia",West,PROD-0004,"Label Maker (Tables)",Furniture,8,255.66,112.16
ORD-00257,2023-06-25,"Brenda Bailey",Central,PROD-0004,"Label Maker (Tables)",Furniture,9,302.76,130.09
ORD-00287,2025-03-03,"Marie Christian",West,PROD-0004,"Label Maker (Tables)",Furniture,15,454.14,188.32
ORD-00324,2025-07-25,"Sheila Sawyer",North,PROD-0004,"Label Maker (Tables)",Furniture,4,134.56,37.00
ORD-00362,2024-04-07,"Matthew Williams",South,PROD-0004,"Label Maker (Tables)",Furniture,11,370.04,160.69
ORD-00388,2025-02-04,"Courtney Jones",North,PROD-0004,"Label Maker (Tables)",Furniture,7,200.16,57.09
ORD-00474,2023-05-31,"Julie Grant",South,PROD-0004,"Label Maker (Tables)",Furniture,2,67.28,27.16
ORD-00502,2023-03-17,"Christopher Lewis",North,PROD-0004,"Label Maker (Tables)",Furniture,13,437.32,104.74
ORD-00517,2023-11-24,"Michael Evans",South,PROD-0004,"Label Maker (Tables)",Furniture,6,181.66,58.51
ORD-00533,2024-01-19,"Casey Stone",Central,PROD-0004,"Label Maker (Tables)",Furniture,6,161.47,50.81
ORD-00691,2023-01-03,"Christian Martinez",East,PROD-0004,"Label Maker (Tables)",Furniture,1,31.96,10.18
ORD-00753,2024-05-31,"Robert Costa",South,PROD-0004,"Label Maker (Tables)",Furniture,4,127.83,45.94
ORD-00766,2024-01-06,"Andrea Davis",East,PROD-0004,"Label Maker (Tables)",Furniture,5,168.20,51.93
ORD-00863,2024-08-08,"Olivia Moore",North,PROD-0004,"Label Maker (Tables)",Furniture,15,403.68,130.50
ORD-00986,2023-10-10,"George Shelton",Central,PROD-0004,"Label Maker (Tables)",Furniture,14,376.77,95.03
ORD-00988,2023-07-25,"Bryan Zamora",East,PROD-0004,"Label Maker (Tables)",Furniture,4,121.10,39.94
ORD-01012,2024-06-23,"Kara Schmidt",South,PROD-0004,"Label Maker (Tables)",Furniture,4,134.56,56.80
ORD-01021,2025-10-05,"Paul Hudson",North,PROD-0004,"Label Maker (Tables)",Furniture,15,454.14,86.00
ORD-01081,2025-06-16,"Connor Greene",West,PROD-0004,"Label Maker (Tables)",Furniture,12,403.68,153.46
ORD-01085,2023-04-25,"Christian Martinez",East,PROD-0004,"Label Maker (Tables)",Furniture,5,134.56,44.71
ORD-01128,2025-07-28,"Stephanie Gardner",East,PROD-0004,"Label Maker (Tables)",Furniture,12,343.13,110.45
ORD-01178,2025-03-02,"Brenda Bailey",Central,PROD-0004,"Label Maker (Tables)",Furniture,4,127.83,38.02
ORD-01226,2023-12-16,"Dwayne Payne",South,PROD-0004,"Label Maker (Tables)",Furniture,15,504.60,141.47
ORD-01404,2023-05-11,"Barry Welch",West,PROD-0004,"Label Maker (Tables)",Furniture,14,376.77,157.53
ORD-01411,2023-03-25,"Jacob Anderson",West,PROD-0004,"Label Maker (Tables)",Furniture,3,100.92,21.46
ORD-01432,2024-04-30,"Sharon James",North,PROD-0004,"Label Maker (Tables)",Furniture,12,383.50,72.49
ORD-01449,2023-07-20,"Andrew Johnson",North,PROD-0004,"Label Maker (Tables)",Furniture,8,255.66,96.60
ORD-01528,2025-12-30,"Randy Strickland",Central,PROD-0004,"Label Maker (Tables)",Furniture,10,336.40,68.29
ORD-01560,2025-05-26,"Seth Booker",West,PROD-0004,"Label Maker (Tables)",Furniture,4,107.65,46.19
ORD-01679,2024-06-17,"Noah Brown",North,PROD-0004,"Label Maker (Tables)",Furniture,2,67.28,29.38
ORD-01714,2025-09-05,"Kelly Foster",East,PROD-0004,"Label Maker (Tables)",Furniture,5,168.20,26.03
ORD-01733,2023-10-25,"Jonathan Dougherty",Central,PROD-0004,"Label Maker (Tables)",Furniture,11,370.04,118.14
ORD-01786,2023-03-17,"Carol Lawson",South,PROD-0004,"Label Maker (Tables)",Furniture,9,302.76,100.82
ORD-01921,2025-01-07,"Michael Miles",South,PROD-0004,"Label Maker (Tables)",Furniture,1,33.64,13.13
ORD-01944,2025-11-28,"Julie Spencer",North,PROD-0004,"Label Maker (Tables)",Furniture,6,201.84,55.47
ORD-02042,2025-08-14,"Robert Robinson",East,PROD-0004,"Label Maker (Tables)",Furniture,5,168.20,39.27
ORD-02177,2023-06-08,"Jennifer Powers",North,PROD-0004,"Label Maker (Tables)",Furniture,5,168.20,48.87
ORD-02358,2023-10-16,"Gina French",Central,PROD-0004,"Label Maker (Tables)",Furniture,13,371.72,149.31
ORD-02399,2024-10-10,"Linda Dodson DVM",West,PROD-0004,"Label Maker (Tables)",Furniture,1,33.64,6.09
ORD-02532,2024-11-18,"Walter Rush",West,PROD-0004,"Label Maker (Tables)",Furniture,8,255.66,58.69
ORD-02566,2025-05-12,"Rebecca Jackson",West,PROD-0004,"Label Maker (Tables)",Furniture,2,53.82,21.95
ORD-02567,2024-05-11,"Robert Montgomery",East,PROD-0004,"Label Maker (Tables)",Furniture,10,302.76,102.35
ORD-02590,2025-05-03,"Austin Smith",West,PROD-0004,"Label Maker (Tables)",Furniture,14,447.41,181.45
ORD-02596,2025-12-11,"Amanda Patel",Central,PROD-0004,"Label Maker (Tables)",Furniture,7,211.93,91.38
ORD-02642,2025-01-23,"Barry Welch",West,PROD-0004,"Label Maker (Tables)",Furniture,6,201.84,70.05
ORD-02647,2024-08-01,"Courtney Jones",North,PROD-0004,"Label Maker (Tables)",Furniture,1,33.64,11.61
ORD-02663,2023-04-01,"Allison Smith",South,PROD-0004,"Label Maker (Tables)",Furniture,4,134.56,45.24
ORD-02672,2024-05-02,"Nicholas Sheppard",East,PROD-0004,"Label Maker (Tables)",Furniture,3,100.92,36.92
ORD-02678,2025-06-19,"Marie Christian",West,PROD-0004,"Label Maker (Tables)",Furniture,1,31.96,14.03
ORD-02693,2024-11-17,"Kimberly Dudley",Central,PROD-0004,"Label Maker (Tables)",Furniture,7,200.16,67.57
ORD-02787,2023-11-07,"James Howard",West,PROD-0004,"Label Maker (Tables)",Furniture,2,57.19,15.64
ORD-02881,2024-03-22,"April Booth",North,PROD-0004,"Label Maker (Tables)",Furniture,8,269.12,118.57
ORD-02895,2024-02-11,"Christopher Collins",Central,PROD-0004,"Label Maker (Tables)",Furniture,10,269.12,109.84
ORD-00027,2025-02-15,"Jacob Anderson",West,PROD-0005,"Label Maker (Labels)","Office Supplies",6,736.38,222.17
ORD-00062,2025-04-04,"David Cox",West,PROD-0005,"Label Maker (Labels)","Office Supplies",5,552.28,159.06
ORD-00063,2023-06-14,"Ashley James",Central,PROD-0005,"Label Maker (Labels)","Office Supplies",10,1227.30,224.81
ORD-00108,2025-02-22,"Paul Hudson",North,PROD-0005,"Label Maker (Labels)","Office Supplies",10,1043.20,394.07
ORD-00305,2024-02-07,"Christopher Lewis",North,PROD-0005,"Label Maker (Labels)","Office Supplies",11,1215.03,446.72
ORD-00418,2023-12-25,"David Murphy",East,PROD-0005,"Label Maker (Labels)","Office Supplies",11,1147.53,369.32
ORD-00495,2024-01-04,"Linda Dodson DVM",West,PROD-0005,"Label Maker (Labels)","Office Supplies",11,1080.02,307.77
ORD-00497,2023-05-22,"Kyle Preston",South,PROD-0005,"Label Maker (Labels)","Office Supplies",14,1374.58,290.45
ORD-00524,2024-06-21,"Christian Martinez",East,PROD-0005,"Label Maker (Labels)","Office Supplies",11,1080.02,327.41
ORD-00537,2023-12-09,"Kerry Smith",North,PROD-0005,"Label Maker (Labels)","Office Supplies",2,220.91,97.36
ORD-00596,2025-04-30,"Kelsey Parker",Central,PROD-0005,"Label Maker (Labels)","Office Supplies",7,730.24,240.48
ORD-00693,2024-12-20,"Stephen Johnston",North,PROD-0005,"Label Maker (Labels)","Office Supplies",9,1049.34,440.27
ORD-00711,2023-05-07,"Scott Branch",West,PROD-0005,"Label Maker (Labels)","Office Supplies",3,294.55,71.00
ORD-00715,2024-04-27,"Linda Dodson DVM",West,PROD-0005,"Label Maker (Labels)","Office Supplies",8,981.84,418.57
ORD-00754,2025-03-24,"Jeremy Turner",Central,PROD-0005,"Label Maker (Labels)","Office Supplies",10,1227.30,549.58
ORD-00862,2025-05-04,"Michael Evans",South,PROD-0005,"Label Maker (Labels)","Office Supplies",11,1147.53,208.67
ORD-00866,2024-08-09,"Mr. Philip Cannon",East,PROD-0005,"Label Maker (Labels)","Office Supplies",11,1350.03,548.21
ORD-00925,2025-01-16,"Casey James",East,PROD-0005,"Label Maker (Labels)","Office Supplies",13,1595.49,259.11
ORD-00946,2024-07-14,"Melissa Lee",North,PROD-0005,"Label Maker (Labels)","Office Supplies",14,1460.49,541.85
ORD-00971,2023-01-03,"Lori Garcia",East,PROD-0005,"Label Maker (Labels)","Office Supplies",15,1472.76,362.94
ORD-01032,2023-09-26,"Andrea Davis",East,PROD-0005,"Label Maker (Labels)","Office Supplies",10,1043.20,397.91
ORD-01037,2024-10-08,"Randy Strickland",Central,PROD-0005,"Label Maker (Labels)","Office Supplies",13,1515.72,545.64
ORD-01046,2025-02-19,"Nancy Gonzalez",Central,PROD-0005,"Label Maker (Labels)","Office Supplies",10,1227.30,381.54
ORD-01070,2025-05-31,"Ms. Teresa Wilson",West,PROD-0005,"Label Maker (Labels)","Office Supplies",13,1595.49,432.22
ORD-01073,2025-03-09,"Lori Guerrero",East,PROD-0005,"Label Maker (Labels)","Office Supplies",14,1632.31,626.52
ORD-01075,2024-07-10,"Brenda Thornton",North,PROD-0005,"Label Maker (Labels)","Office Supplies",5,521.60,118.47
ORD-01277,2025-12-05,"Lisa Gibbs",Central,PROD-0005,"Label Maker (Labels)","Office Supplies",2,245.46,87.56
ORD-01315,2023-07-02,"Patrick Fox",Central,PROD-0005,"Label Maker (Labels)","Office Supplies",10,1227.30,327.14
ORD-01480,2023-09-28,"Michael Warner",East,PROD-0005,"Label Maker (Labels)","Office Supplies",15,1472.76,527.32
ORD-01544,2023-07-17,"Jake Campbell",Central,PROD-0005,"Label Maker (Labels)","Office Supplies",13,1595.49,277.57
ORD-01599,2024-09-05,"Courtney Jones",North,PROD-0005,"Label Maker (Labels)","Office Supplies",6,699.56,272.46
ORD-01696,2024-10-24,"Amanda Patel",Central,PROD-0005,"Label Maker (Labels)","Office Supplies",3,368.19,156.73
ORD-01722,2025-07-20,"Mark Lynch",South,PROD-0005,"Label Maker (Labels)","Office Supplies",13,1356.17,427.21
ORD-01827,2023-04-19,"Mark Brennan",North,PROD-0005,"Label Maker (Labels)","Office Supplies",10,1104.57,434.30
ORD-01983,2025-10-02,"Phillip Dorsey",South,PROD-0005,"Label Maker (Labels)","Office Supplies",8,932.75,258.52
ORD-02063,2023-10-30,"Angela Hernandez",West,PROD-0005,"Label Maker (Labels)","Office Supplies",5,552.28,173.06
ORD-02099,2023-07-25,"Melissa Bryant",South,PROD-0005,"Label Maker (Labels)","Office Supplies",12,1399.12,506.26
ORD-02191,2025-05-06,"Belinda Miller",East,PROD-0005,"Label Maker (Labels)","Office Supplies",12,1399.12,552.75
ORD-02432,2024-06-16,"Christian Martinez",East,PROD-0005,"Label Maker (Labels)","Office Supplies",14,1546.40,622.09
ORD-02496,2023-07-08,"Lori Guerrero",East,PROD-0005,"Label Maker (Labels)","Office Supplies",5,490.92,177.29
ORD-02945,2023-04-11,"Sarah Curtis",Central,PROD-0005,"Label Maker (Labels)","Office Supplies",6,662.74,204.21
ORD-02952,2024-10-26,"Paul Hudson",North,PROD-0005,"Label Maker (Labels)","Office Supplies",4,490.92,130.87
ORD-00153,2025-05-12,"Rickey Li",Central,PROD-0006,"Monitor Stand (Chairs)",Furniture,9,2654.10,600.62
ORD-00165,2024-11-25,"Shane Henderson",Central,PROD-0006,"Monitor Stand (Chairs)",Furniture,14,3922.17,1295.81
ORD-00172,2024-10-01,"Melissa Gates",North,PROD-0006,"Monitor Stand (Chairs)",Furniture,6,1769.40,489.46
ORD-00178,2024-11-26,"Thomas Jones",North,PROD-0006,"Monitor Stand (Chairs)",Furniture,6,1769.40,699.94
ORD-00182,2024-10-26,"Nicholas Sheppard",East,PROD-0006,"Monitor Stand (Chairs)",Furniture,13,3450.33,935.50
ORD-00304,2024-12-09,"Gina French",Central,PROD-0006,"Monitor Stand (Chairs)",Furniture,9,2654.10,520.79
ORD-00367,2023-07-03,"Robert Robinson",East,PROD-0006,"Monitor Stand (Chairs)",Furniture,11,2919.51,1110.39
ORD-00395,2025-07-01,"Reginald Williams",West,PROD-0006,"Monitor Stand (Chairs)",Furniture,13,3833.70,1203.67
ORD-00445,2023-04-10,"Sierra Johnson",East,PROD-0006,"Monitor Stand (Chairs)",Furniture,13,3833.70,1250.87
ORD-00454,2023-06-11,"Anna Gay",Central,PROD-0006,"Monitor Stand (Chairs)",Furniture,6,1680.93,524.96
ORD-00530,2025-11-12,"Marie Moody",West,PROD-0006,"Monitor Stand (Chairs)",Furniture,7,1961.08,531.59
ORD-00598,2024-02-21,"Robert Costa",South,PROD-0006,"Monitor Stand (Chairs)",Furniture,13,3833.70,1108.26
ORD-00645,2023-10-14,"Robert Robinson",East,PROD-0006,"Monitor Stand (Chairs)",Furniture,2,589.80,254.50
ORD-00668,2023-12-27,"Sherry Wood",North,PROD-0006,"Monitor Stand (Chairs)",Furniture,4,1061.64,376.46
ORD-00728,2025-08-26,"John Hernandez",East,PROD-0006,"Monitor Stand (Chairs)",Furniture,1,294.90,108.34
ORD-00743,2025-03-23,"John Hamilton",South,PROD-0006,"Monitor Stand (Chairs)",Furniture,11,3243.90,796.86
ORD-00761,2023-02-22,"Jennifer Conley",South,PROD-0006,"Monitor Stand (Chairs)",Furniture,11,3081.70,464.59
ORD-00869,2024-04-04,"David Davidson",East,PROD-0006,"Monitor Stand (Chairs)",Furniture,12,3007.98,847.10
ORD-00897,2024-03-12,"Vincent Mueller",East,PROD-0006,"Monitor Stand (Chairs)",Furniture,14,3509.31,1132.58
ORD-01050,2024-07-01,"Michael Martinez",East,PROD-0006,"Monitor Stand (Chairs)",Furniture,10,2506.65,830.61
ORD-01059,2023-09-16,"Randy Strickland",Central,PROD-0006,"Monitor Stand (Chairs)",Furniture,3,796.23,158.01
ORD-01079,2024-10-18,"Stephen Potter",West,PROD-0006,"Monitor Stand (Chairs)",Furniture,1,294.90,128.31
ORD-01103,2025-02-12,"John Hamilton",South,PROD-0006,"Monitor Stand (Chairs)",Furniture,6,1503.99,616.00
ORD-01389,2023-06-14,"Jordan Edwards",North,PROD-0006,"Monitor Stand (Chairs)",Furniture,14,3922.17,870.19
ORD-01570,2025-09-19,"Kimberly Smith",North,PROD-0006,"Monitor Stand (Chairs)",Furniture,9,2654.10,1077.00
ORD-01578,2023-02-06,"Sara Johnston",East,PROD-0006,"Monitor Stand (Chairs)",Furniture,13,3833.70,585.74
ORD-01623,2024-10-04,"Donald Wright",Central,PROD-0006,"Monitor Stand (Chairs)",Furniture,10,2949.00,559.86
ORD-01715,2024-09-07,"Cheryl Allen",North,PROD-0006,"Monitor Stand (Chairs)",Furniture,14,4128.60,1209.98
ORD-01769,2024-02-18,"Vincent Dalton",North,PROD-0006,"Monitor Stand (Chairs)",Furniture,8,2241.24,491.36
ORD-01879,2024-07-15,"April Booth",North,PROD-0006,"Monitor Stand (Chairs)",Furniture,2,501.33,147.65
ORD-01930,2025-02-05,"Nathan Cortez",East,PROD-0006,"Monitor Stand (Chairs)",Furniture,6,1592.46,511.40
ORD-02125,2023-09-10,"Robin Young",Central,PROD-0006,"Monitor Stand (Chairs)",Furniture,5,1179.60,280.80
ORD-02163,2023-04-05,"Jeremy Lowe",East,PROD-0006,"Monitor Stand (Chairs)",Furniture,9,2123.28,768.59
ORD-02263,2023-06-03,"Carol Lawson",South,PROD-0006,"Monitor Stand (Chairs)",Furniture,3,840.46,188.92
ORD-02273,2025-01-25,"Jacob Fitzpatrick",South,PROD-0006,"Monitor Stand (Chairs)",Furniture,6,1769.40,293.85
ORD-02306,2025-05-27,"Noah Brown",North,PROD-0006,"Monitor Stand (Chairs)",Furniture,9,2654.10,716.92
ORD-02318,2025-10-05,"Kimberly Dudley",Central,PROD-0006,"Monitor Stand (Chairs)",Furniture,9,2388.69,486.29
ORD-02338,2024-04-10,"Sharon James",North,PROD-0006,"Monitor Stand (Chairs)",Furniture,7,2064.30,760.59
ORD-02366,2023-06-28,"Angel Miller",North,PROD-0006,"Monitor Stand (Chairs)",Furniture,8,2359.20,739.75
ORD-02402,2023-09-15,"Mr. Donald Fischer",Central,PROD-0006,"Monitor Stand (Chairs)",Furniture,11,3081.70,796.08
ORD-02535,2025-11-26,"Stephanie Gardner",East,PROD-0006,"Monitor Stand (Chairs)",Furniture,13,3258.64,628.63
ORD-02554,2024-02-07,"Derek Thomas",Central,PROD-0006,"Monitor Stand (Chairs)",Furniture,7,1857.87,324.24
ORD-02729,2025-11-26,"Jennifer Smith",West,PROD-0006,"Monitor Stand (Chairs)",Furniture,15,3981.15,1099.00
ORD-02751,2025-02-09,"Cameron Fisher",Central,PROD-0006,"Monitor Stand (Chairs)",Furniture,14,4128.60,1023.88
ORD-02752,2025-08-20,"Kimberly Smith",North,PROD-0006,"Monitor Stand (Chairs)",Furniture,3,840.46,173.00
ORD-02822,2025-08-17,"James Mayo",Central,PROD-0006,"Monitor Stand (Chairs)",Furniture,10,2949.00,1267.98
ORD-02841,2023-09-04,"Kathleen Ramos",North,PROD-0006,"Monitor Stand (Chairs)",Furniture,9,2521.40,641.37
ORD-02870,2024-01-27,"Scott Cole",North,PROD-0006,"Monitor Stand (Chairs)",Furniture,12,2831.04,647.08
ORD-02885,2023-01-17,"Darrell Patterson",North,PROD-0006,"Monitor Stand (Chairs)",Furniture,3,840.46,258.32
ORD-00002,2025-04-08,"George Shelton",Central,PROD-0007,"Desk Lamp (Bookcases)",Furniture,12,6566.88,1299.25
ORD-00179,2025-03-31,"Paul Hudson",North,PROD-0007,"Desk Lamp (Bookcases)",Furniture,2,1094.48,249.22
ORD-00221,2025-03-02,"Stephanie Dalton",South,PROD-0007,"Desk Lamp (Bookcases)",Furniture,5,2736.20,637.21
ORD-00237,2025-06-21,"Katherine Mcguire",East,PROD-0007,"Desk Lamp (Bookcases)",Furniture,8,3502.34,1279.99
ORD-00303,2023-12-04,"Charles Schultz",Central,PROD-0007,"Desk Lamp (Bookcases)",Furniture,3,1641.72,278.40
ORD-00330,2025-10-29,"Phillip Dorsey",South,PROD-0007,"Desk Lamp (Bookcases)",Furniture,8,3502.34,998.32
ORD-00343,2025-12-09,"Lori Guerrero",East,PROD-0007,"Desk Lamp (Bookcases)",Furniture,11,5116.69,1351.21
ORD-00498,2025-10-19,"Linda Dodson DVM",West,PROD-0007,"Desk Lamp (Bookcases)",Furniture,3,1395.46,501.18
ORD-00503,2023-06-24,"Darrell Patterson",North,PROD-0007,"Desk Lamp (Bookcases)",Furniture,2,875.58,328.81
ORD-00518,2024-04-19,"Amy Hernandez",South,PROD-0007,"Desk Lamp (Bookcases)",Furniture,13,6758.41,1764.43
ORD-00652,2025-03-19,"Crystal Whitehead",North,PROD-0007,"Desk Lamp (Bookcases)",Furniture,8,4377.92,1467.40
ORD-00778,2024-03-04,"Angela Hernandez",West,PROD-0007,"Desk Lamp (Bookcases)",Furniture,13,5691.30,2273.21
ORD-00844,2025-04-18,"Jacob Fitzpatrick",South,PROD-0007,"Desk Lamp (Bookcases)",Furniture,2,1094.48,291.95
ORD-00895,2023-06-18,"Julie Grant",South,PROD-0007,"Desk Lamp (Bookcases)",Furniture,2,1094.48,173.49
ORD-00951,2025-10-24,"Victoria Valdez",South,PROD-0007,"Desk Lamp (Bookcases)",Furniture,15,8208.60,2610.58
ORD-00981,2024-06-03,"Dawn Hensley",West,PROD-0007,"Desk Lamp (Bookcases)",Furniture,5,2188.96,632.98
ORD-01167,2023-06-25,"Amanda Patel",Central,PROD-0007,"Desk Lamp (Bookcases)",Furniture,2,930.31,403.42
ORD-01238,2024-01-01,"Jacob Fitzpatrick",South,PROD-0007,"Desk Lamp (Bookcases)",Furniture,3,1395.46,508.90
ORD-01268,2024-07-10,"Michelle Miles",South,PROD-0007,"Desk Lamp (Bookcases)",Furniture,7,3830.68,1152.59
ORD-01337,2024-10-01,"David Cox",West,PROD-0007,"Desk Lamp (Bookcases)",Furniture,10,5472.40,979.15
ORD-01383,2023-01-08,"Jordan Edwards",North,PROD-0007,"Desk Lamp (Bookcases)",Furniture,9,4186.39,703.43
ORD-01386,2025-09-14,"Jordan Wilson",North,PROD-0007,"Desk Lamp (Bookcases)",Furniture,2,985.03,285.08
ORD-01400,2023-03-17,"Patrick Ryan",South,PROD-0007,"Desk Lamp (Bookcases)",Furniture,12,6566.88,1991.94
ORD-01458,2024-08-30,"Dwayne Payne",South,PROD-0007,"Desk Lamp (Bookcases)",Furniture,7,3064.54,1131.01
ORD-01527,2024-07-09,"Allison Smith",South,PROD-0007,"Desk Lamp (Bookcases)",Furniture,11,5116.69,1245.89
ORD-01568,2024-07-13,"Vincent Dalton",North,PROD-0007,"Desk Lamp (Bookcases)",Furniture,13,5691.30,1193.49
ORD-01587,2023-04-03,"Jesse Santiago",West,PROD-0007,"Desk Lamp (Bookcases)",Furniture,3,1313.38,446.65
ORD-01609,2024-01-18,"Stephen Johnston",North,PROD-0007,"Desk Lamp (Bookcases)",Furniture,10,5198.78,2007.32
ORD-01739,2025-06-03,"Amanda Lutz",East,PROD-0007,"Desk Lamp (Bookcases)",Furniture,7,3064.54,923.31
ORD-01809,2025-07-21,"Cameron Fisher",Central,PROD-0007,"Desk Lamp (Bookcases)",Furniture,8,4377.92,989.63
ORD-01833,2025-12-17,"Shannon Ray",North,PROD-0007,"Desk Lamp (Bookcases)",Furniture,6,3119.27,1163.01
ORD-01911,2025-09-01,"Darrell Patterson",North,PROD-0007,"Desk Lamp (Bookcases)",Furniture,12,5581.85,867.55
ORD-02181,2025-02-14,"Jordan Edwards",North,PROD-0007,"Desk Lamp (Bookcases)",Furniture,2,875.58,150.87
ORD-02182,2025-12-14,"Robin Young",Central,PROD-0007,"Desk Lamp (Bookcases)",Furniture,12,6566.88,1795.07
ORD-02205,2023-12-25,"Kelly Foster",East,PROD-0007,"Desk Lamp (Bookcases)",Furniture,2,1094.48,216.90
ORD-02260,2024-07-15,"James Mayo",Central,PROD-0007,"Desk Lamp (Bookcases)",Furniture,12,6566.88,2384.45
ORD-02339,2025-12-04,"Belinda Miller",East,PROD-0007,"Desk Lamp (Bookcases)",Furniture,7,3830.68,869.79
ORD-02393,2024-12-01,"Patrick Ryan",South,PROD-0007,"Desk Lamp (Bookcases)",Furniture,13,7114.12,2850.20
ORD-02405,2025-02-12,"Dr. Steven Martin",South,PROD-0007,"Desk Lamp (Bookcases)",Furniture,4,2188.96,847.28
ORD-02673,2024-07-15,"Shane Henderson",Central,PROD-0007,"Desk Lamp (Bookcases)",Furniture,2,1094.48,239.25
ORD-02691,2025-05-01,"Jennifer Smith",West,PROD-0007,"Desk Lamp (Bookcases)",Furniture,2,930.31,299.61
ORD-02929,2025-01-26,"Bryan Zamora",East,PROD-0007,"Desk Lamp (Bookcases)",Furniture,5,2599.39,906.57
ORD-02941,2025-03-31,"Tracy Phillips",Central,PROD-0007,"Desk Lamp (Bookcases)",Furniture,1,547.24,90.24
ORD-00067,2025-06-24,"Amanda Patel",Central,PROD-0008,"Binder Clips (Phones)",Technology,15,9377.85,3709.44
ORD-00222,2023-11-04,"Barry Welch",West,PROD-0008,"Binder Clips (Phones)",Technology,6,3751.14,1032.23
ORD-00258,2025-11-05,"Matthew Harvey",South,PROD-0008,"Binder Clips (Phones)",Technology,13,7314.72,2075.58
ORD-00296,2023-02-23,"Jake Campbell",Central,PROD-0008,"Binder Clips (Phones)",Technology,6,3376.03,939.61
ORD-00311,2023-03-04,"Jennifer Conley",South,PROD-0008,"Binder Clips (Phones)",Technology,8,4251.29,1217.26
ORD-00328,2025-04-05,"Lori Hill",West,PROD-0008,"Binder Clips (Phones)",Technology,6,3751.14,1237.22
ORD-00332,2024-11-25,"Brent Jordan",East,PROD-0008,"Binder Clips (Phones)",Technology,9,5626.71,1257.63
ORD-00366,2024-08-11,"Julie Spencer",North,PROD-0008,"Binder Clips (Phones)",Technology,6,3751.14,961.16
ORD-00408,2025-08-01,"Jeremy Lowe",East,PROD-0008,"Binder Clips (Phones)",Technology,6,3751.14,1377.81
ORD-00436,2024-10-17,"Dwayne Payne",South,PROD-0008,"Binder Clips (Phones)",Technology,15,9377.85,3177.11
ORD-00570,2024-05-27,"Barry Welch",West,PROD-0008,"Binder Clips (Phones)",Technology,2,1250.38,313.40
ORD-00643,2023-12-23,"Christopher Collins",Central,PROD-0008,"Binder Clips (Phones)",Technology,1,593.93,115.00
ORD-00680,2025-09-24,"Austin Smith",West,PROD-0008,"Binder Clips (Phones)",Technology,11,6877.09,2735.29
ORD-00714,2025-12-06,"Sherry Wood",North,PROD-0008,"Binder Clips (Phones)",Technology,7,3938.70,960.57
ORD-00721,2023-05-18,"James Harmon",East,PROD-0008,"Binder Clips (Phones)",Technology,2,1187.86,336.27
ORD-00762,2025-05-07,"Crystal Little",East,PROD-0008,"Binder Clips (Phones)",Technology,7,4157.51,951.99
ORD-00771,2025-08-21,"Robert Carter",North,PROD-0008,"Binder Clips (Phones)",Technology,1,500.15,129.88
ORD-00842,2024-08-20,"Lori Hill",West,PROD-0008,"Binder Clips (Phones)",Technology,9,5064.04,1710.80
ORD-00927,2025-06-12,"Connor Greene",West,PROD-0008,"Binder Clips (Phones)",Technology,5,2500.76,855.65
ORD-00928,2024-11-10,"Nicole Parrish",North,PROD-0008,"Binder Clips (Phones)",Technology,15,8908.96,2771.98
ORD-01007,2025-09-17,"Christopher Jenkins",South,PROD-0008,"Binder Clips (Phones)",Technology,13,8127.47,1810.46
ORD-01035,2023-11-03,"Samantha Pollard",South,PROD-0008,"Binder Clips (Phones)",Technology,8,4001.22,1788.85
ORD-01092,2023-03-28,"Justin Baxter",East,PROD-0008,"Binder Clips (Phones)",Technology,12,6752.05,1983.23
ORD-01144,2025-03-29,"Jennifer Conley",South,PROD-0008,"Binder Clips (Phones)",Technology,10,6251.90,1436.19
ORD-01171,2024-03-09,"Mrs. Jennifer Morgan",Central,PROD-0008,"Binder Clips (Phones)",Technology,4,2250.68,659.49
ORD-01180,2025-12-24,"Patrick Fox",Central,PROD-0008,"Binder Clips (Phones)",Technology,2,1250.38,488.07
ORD-01232,2023-01-12,"Diane Garcia",West,PROD-0008,"Binder Clips (Phones)",Technology,10,5939.30,2248.84
ORD-01247,2025-12-12,"Ms. Teresa Wilson",West,PROD-0008,"Binder Clips (Phones)",Technology,10,5626.71,1934.71
ORD-01382,2025-03-10,"Deborah Figueroa",Central,PROD-0008,"Binder Clips (Phones)",Technology,5,3125.95,750.18
ORD-01410,2025-01-27,"Dr. Steven Martin",South,PROD-0008,"Binder Clips (Phones)",Technology,9,5626.71,1791.55
ORD-01416,2024-07-08,"Cheryl Williams",South,PROD-0008,"Binder Clips (Phones)",Technology,9,5345.37,1744.68
ORD-01430,2024-10-29,"Theresa Clark",Central,PROD-0008,"Binder Clips (Phones)",Technology,7,4376.33,988.50
ORD-01435,2023-12-31,"Andrew Johnson",North,PROD-0008,"Binder Clips (Phones)",Technology,7,4376.33,1790.26
ORD-01585,2023-04-25,"Michael Evans",South,PROD-0008,"Binder Clips (Phones)",Technology,7,4376.33,1319.87
ORD-01605,2023-06-07,"John Hamilton",South,PROD-0008,"Binder Clips (Phones)",Technology,11,5501.67,1977.55
ORD-01619,2025-05-14,"Samantha Pollard",South,PROD-0008,"Binder Clips (Phones)",Technology,11,6877.09,2677.96
ORD-01668,2024-04-27,"Sandra Parker",West,PROD-0008,"Binder Clips (Phones)",Technology,10,5939.30,1056.02
ORD-01681,2025-05-30,"Sandra Gilbert",West,PROD-0008,"Binder Clips (Phones)",Technology,5,3125.95,831.88
ORD-01685,2024-01-11,"Ashley James",Central,PROD-0008,"Binder Clips (Phones)",Technology,1,593.93,220.90
ORD-01704,2025-03-06,"Daniel Salinas",East,PROD-0008,"Binder Clips (Phones)",Technology,13,7721.10,2814.49
ORD-01907,2024-08-19,"Mark Lynch",South,PROD-0008,"Binder Clips (Phones)",Technology,6,3751.14,1105.45
ORD-01966,2024-10-29,"Melissa Bryant",South,PROD-0008,"Binder Clips (Phones)",Technology,10,6251.90,1748.82
ORD-02095,2024-10-21,"Jordan Edwards",North,PROD-0008,"Binder Clips (Phones)",Technology,1,531.41,181.71
ORD-02476,2024-10-31,"Christian Martinez",East,PROD-0008,"Binder Clips (Phones)",Technology,10,5939.30,2251.43
ORD-02501,2025-12-16,"Richard Romero",East,PROD-0008,"Binder Clips (Phones)",Technology,9,4501.37,1602.45
ORD-02611,2024-02-14,"Robert Robinson",East,PROD-0008,"Binder Clips (Phones)",Technology,4,2500.76,756.90
ORD-02695,2023-02-22,"Melanie Taylor",South,PROD-0008,"Binder Clips (Phones)",Technology,2,1125.34,435.01
ORD-00044,2025-10-02,"Kelsey Parker",Central,PROD-0009,"Copier Machine (Labels)","Office Supplies",2,204.59,91.31
ORD-00091,2024-05-04,"Joshua Perry",East,PROD-0009,"Copier Machine (Labels)","Office Supplies",10,1214.77,461.53
ORD-00106,2025-02-06,"Jesse Brown",South,PROD-0009,"Copier Machine (Labels)","Office Supplies",7,895.09,337.22
ORD-00196,2024-08-15,"Kristen Willis",West,PROD-0009,"Copier Machine (Labels)","Office Supplies",2,242.95,107.81
ORD-00253,2025-07-25,"Kyle Mcdonald",North,PROD-0009,"Copier Machine (Labels)","Office Supplies",2,255.74,50.89
ORD-00278,2023-04-28,"Walter Rush",West,PROD-0009,"Copier Machine (Labels)","Office Supplies",2,217.38,56.25
ORD-00421,2024-09-06,"Noah Brown",North,PROD-0009,"Copier Machine (Labels)","Office Supplies",7,895.09,200.21
ORD-00492,2024-10-15,"Destiny Riggs",South,PROD-0009,"Copier Machine (Labels)","Office Supplies",5,543.45,131.25
ORD-00589,2024-05-05,"Cheryl Williams",South,PROD-0009,"Copier Machine (Labels)","Office Supplies",8,971.81,404.44
ORD-00708,2023-07-06,"Ashley James",Central,PROD-0009,"Copier Machine (Labels)","Office Supplies",11,1265.91,422.49
ORD-00834,2025-04-06,"Destiny Riggs",South,PROD-0009,"Copier Machine (Labels)","Office Supplies",7,895.09,253.19
ORD-00856,2025-11-15,"Melissa Bryant",South,PROD-0009,"Copier Machine (Labels)","Office Supplies",5,511.48,122.53
ORD-00891,2023-08-21,"Barry Welch",West,PROD-0009,"Copier Machine (Labels)","Office Supplies",7,895.09,257.72
ORD-00926,2023-01-10,"Angie Henderson",East,PROD-0009,"Copier Machine (Labels)","Office Supplies",6,767.22,164.42
ORD-01245,2025-12-19,"Brittney Webster",West,PROD-0009,"Copier Machine (Labels)","Office Supplies",2,242.95,56.55
ORD-01308,2023-05-23,"Kristen Willis",West,PROD-0009,"Copier Machine (Labels)","Office Supplies",10,1278.70,312.45
ORD-01428,2023-12-27,"Jeremy Lowe",East,PROD-0009,"Copier Machine (Labels)","Office Supplies",3,306.89,135.42
ORD-01434,2025-06-11,"Curtis Johnson",West,PROD-0009,"Copier Machine (Labels)","Office Supplies",3,383.61,65.84
ORD-01521,2025-08-02,"Julia Torres",East,PROD-0009,"Copier Machine (Labels)","Office Supplies",15,1630.34,667.38
ORD-01529,2023-10-08,"Laurie Hoffman",North,PROD-0009,"Copier Machine (Labels)","Office Supplies",9,1150.83,389.09
ORD-01753,2023-07-26,"Derek Thomas",Central,PROD-0009,"Copier Machine (Labels)","Office Supplies",13,1579.19,263.86
ORD-01759,2024-12-28,"Sean Rasmussen",West,PROD-0009,"Copier Machine (Labels)","Office Supplies",13,1662.31,364.00
ORD-01764,2023-07-28,"Patrick Ryan",South,PROD-0009,"Copier Machine (Labels)","Office Supplies",14,1611.16,704.74
ORD-01781,2024-09-15,"Jennifer Smith",West,PROD-0009,"Copier Machine (Labels)","Office Supplies",12,1304.27,464.18
ORD-01798,2023-10-14,"Victoria Valdez",South,PROD-0009,"Copier Machine (Labels)","Office Supplies",12,1457.72,428.72
ORD-01830,2025-06-28,"Michael Evans",South,PROD-0009,"Copier Machine (Labels)","Office Supplies",2,204.59,59.32
ORD-01850,2024-07-13,"Walter Rush",West,PROD-0009,"Copier Machine (Labels)","Office Supplies",10,1278.70,253.38
ORD-01961,2025-05-05,"Michelle Lewis",Central,PROD-0009,"Copier Machine (Labels)","Office Supplies",4,485.91,153.07
ORD-01965,2025-04-06,"Walter Rush",West,PROD-0009,"Copier Machine (Labels)","Office Supplies",13,1329.85,322.95
ORD-02150,2025-09-09,"Shawn Baker",South,PROD-0009,"Copier Machine (Labels)","Office Supplies",5,543.45,123.03
ORD-02266,2023-01-19,"Christopher Collins",Central,PROD-0009,"Copier Machine (Labels)","Office Supplies",15,1534.44,454.44
ORD-02333,2025-08-20,"Sandra Gilbert",West,PROD-0009,"Copier Machine (Labels)","Office Supplies",7,760.83,265.38
ORD-02364,2023-07-19,"Jesse Santiago",West,PROD-0009,"Copier Machine (Labels)","Office Supplies",13,1662.31,676.91
ORD-02384,2024-03-11,"Randy Strickland",Central,PROD-0009,"Copier Machine (Labels)","Office Supplies",12,1304.27,400.59
ORD-02502,2025-07-18,"Cheryl Williams",South,PROD-0009,"Copier Machine (Labels)","Office Supplies",11,1406.57,275.21
ORD-02547,2025-08-13,"Amanda Patel",Central,PROD-0009,"Copier Machine (Labels)","Office Supplies",11,1406.57,412.19
ORD-02619,2023-10-10,"Stephanie Gardner",East,PROD-0009,"Copier Machine (Labels)","Office Supplies",13,1662.31,529.17
ORD-02820,2023-05-18,"Walter Rush",West,PROD-0009,"Copier Machine (Labels)","Office Supplies",1,127.87,30.63
ORD-02878,2024-03-07,"Nicole Parrish",North,PROD-0009,"Copier Machine (Labels)","Office Supplies",12,1457.72,504.26
ORD-02951,2024-10-13,"Sara Johnston",East,PROD-0009,"Copier Machine (Labels)","Office Supplies",2,255.74,97.83
ORD-00012,2023-08-23,"Ashley Smith",South,PROD-0010,"Reclining Chair (Tables)",Furniture,10,6495.60,2016.82
ORD-00161,2024-10-27,"Noah Brown",North,PROD-0010,"Reclining Chair (Tables)",Furniture,7,4092.23,1190.16
ORD-00218,2025-01-15,"Tracy Phillips",Central,PROD-0010,"Reclining Chair (Tables)",Furniture,6,3897.36,1300.84
ORD-00354,2024-10-11,"Rita Adams",South,PROD-0010,"Reclining Chair (Tables)",Furniture,8,5196.48,1464.65
ORD-00398,2023-01-07,"Kristine Garcia",East,PROD-0010,"Reclining Chair (Tables)",Furniture,12,7794.72,2155.29
ORD-00404,2023-09-30,"Charles Schultz",Central,PROD-0010,"Reclining Chair (Tables)",Furniture,11,5716.13,1975.89
ORD-00425,2024-05-12,"Angela Hernandez",West,PROD-0010,"Reclining Chair (Tables)",Furniture,5,3247.80,1139.72
ORD-00559,2025-01-25,"Michael Miles",South,PROD-0010,"Reclining Chair (Tables)",Furniture,8,4936.66,1736.78
ORD-00644,2024-05-26,"Alexis Herrera",South,PROD-0010,"Reclining Chair (Tables)",Furniture,2,1234.16,517.64
ORD-00694,2024-04-06,"Joseph Hill",Central,PROD-0010,"Reclining Chair (Tables)",Furniture,3,1851.25,792.13
ORD-00788,2025-06-07,"Nathan Cortez",East,PROD-0010,"Reclining Chair (Tables)",Furniture,15,8281.89,1253.53
ORD-00818,2023-05-01,"Crystal Little",East,PROD-0010,"Reclining Chair (Tables)",Furniture,14,9093.84,3809.28
ORD-00896,2025-12-28,"Christopher Jenkins",South,PROD-0010,"Reclining Chair (Tables)",Furniture,1,552.13,237.61
ORD-00935,2025-08-24,"Jonathan Dougherty",Central,PROD-0010,"Reclining Chair (Tables)",Furniture,11,5716.13,2317.38
ORD-00938,2025-03-23,"April Booth",North,PROD-0010,"Reclining Chair (Tables)",Furniture,6,3507.62,1567.28
ORD-01019,2025-10-05,"Christopher Collins",Central,PROD-0010,"Reclining Chair (Tables)",Furniture,10,6495.60,1433.75
ORD-01055,2023-05-11,"Cheryl Allen",North,PROD-0010,"Reclining Chair (Tables)",Furniture,15,9256.23,2642.37
ORD-01099,2024-11-24,"Christopher Lewis",North,PROD-0010,"Reclining Chair (Tables)",Furniture,15,7794.72,2045.80
ORD-01125,2024-01-31,"Dwayne Payne",South,PROD-0010,"Reclining Chair (Tables)",Furniture,9,4969.13,1865.27
ORD-01132,2024-10-26,"Jesse Brown",South,PROD-0010,"Reclining Chair (Tables)",Furniture,14,9093.84,2967.29
ORD-01153,2023-04-14,"Kristen Willis",West,PROD-0010,"Reclining Chair (Tables)",Furniture,11,6073.39,915.81
ORD-01154,2025-10-30,"Darrell Patterson",North,PROD-0010,"Reclining Chair (Tables)",Furniture,2,1299.12,416.26
ORD-01179,2023-07-23,"Jeremy Turner",Central,PROD-0010,"Reclining Chair (Tables)",Furniture,15,9743.40,2967.85
ORD-01182,2024-11-14,"Rebecca Jackson",West,PROD-0010,"Reclining Chair (Tables)",Furniture,8,4936.66,1119.06
ORD-01203,2025-09-03,"Daniel Salinas",East,PROD-0010,"Reclining Chair (Tables)",Furniture,3,1753.81,344.02
ORD-01402,2023-09-25,"Diane Garcia",West,PROD-0010,"Reclining Chair (Tables)",Furniture,1,649.56,169.02
ORD-01414,2024-08-04,"Theresa Clark",Central,PROD-0010,"Reclining Chair (Tables)",Furniture,7,3864.88,803.03
ORD-01462,2025-01-18,"Justin Baxter",East,PROD-0010,"Reclining Chair (Tables)",Furniture,6,3897.36,995.96
ORD-01558,2024-08-03,"Michelle James",West,PROD-0010,"Reclining Chair (Tables)",Furniture,8,4676.83,1071.68
ORD-01638,2025-01-13,"Kara Schmidt",South,PROD-0010,"Reclining Chair (Tables)",Furniture,15,7794.72,1905.23
ORD-01646,2023-07-25,"Matthew Williams",South,PROD-0010,"Reclining Chair (Tables)",Furniture,14,9093.84,2186.66
ORD-01666,2024-08-02,"Sandra Gilbert",West,PROD-0010,"Reclining Chair (Tables)",Furniture,12,6625.51,2605.09
ORD-01670,2024-10-24,"Brenda Snyder PhD",Central,PROD-0010,"Reclining Chair (Tables)",Furniture,12,7404.98,1806.40
ORD-01697,2025-09-09,"Dr. Steven Martin",South,PROD-0010,"Reclining Chair (Tables)",Furniture,8,4417.01,721.91
ORD-01712,2023-11-14,"Kathleen Ramos",North,PROD-0010,"Reclining Chair (Tables)",Furniture,15,9256.23,2701.12
ORD-01813,2024-09-13,"Daniel Salinas",East,PROD-0010,"Reclining Chair (Tables)",Furniture,5,3085.41,1362.54
ORD-01887,2024-11-15,"Robert Costa",South,PROD-0010,"Reclining Chair (Tables)",Furniture,14,9093.84,3417.96
ORD-01898,2023-07-27,"Grant Watts",West,PROD-0010,"Reclining Chair (Tables)",Furniture,6,3312.76,558.94
ORD-01952,2024-11-14,"James Mayo",Central,PROD-0010,"Reclining Chair (Tables)",Furniture,4,2208.50,775.69
ORD-02017,2023-01-25,"John Hamilton",South,PROD-0010,"Reclining Chair (Tables)",Furniture,7,4546.92,1420.31
ORD-02073,2025-10-04,"Michelle Lewis",Central,PROD-0010,"Reclining Chair (Tables)",Furniture,1,649.56,278.69
ORD-02277,2024-06-08,"George Shelton",Central,PROD-0010,"Reclining Chair (Tables)",Furniture,1,584.60,147.79
ORD-02320,2024-03-25,"Theresa Clark",Central,PROD-0010,"Reclining Chair (Tables)",Furniture,12,7794.72,2957.64
ORD-02342,2025-04-09,"Denise King",South,PROD-0010,"Reclining Chair (Tables)",Furniture,14,8639.15,3460.43
ORD-02375,2024-06-22,"Brent Jordan",East,PROD-0010,"Reclining Chair (Tables)",Furniture,15,8281.89,3620.82
ORD-02414,2023-07-23,"Amy Hernandez",South,PROD-0010,"Reclining Chair (Tables)",Furniture,2,1039.30,206.64
ORD-02551,2024-12-22,"Matthew Harvey",South,PROD-0010,"Reclining Chair (Tables)",Furniture,11,5716.13,2571.16
ORD-02559,2024-02-13,"Sandra Parker",West,PROD-0010,"Reclining Chair (Tables)",Furniture,5,3247.80,1055.88
ORD-02604,2023-11-22,"Seth Booker",West,PROD-0010,"Reclining Chair (Tables)",Furniture,4,2598.24,650.66
ORD-02608,2023-08-23,"Stephen Johnston",North,PROD-0010,"Reclining Chair (Tables)",Furniture,1,519.65,116.93
ORD-02625,2023-06-03,"Tony Saunders",East,PROD-0010,"Reclining Chair (Tables)",Furniture,9,5261.44,1986.62
ORD-02652,2024-08-22,"Rita Adams",South,PROD-0010,"Reclining Chair (Tables)",Furniture,14,7729.76,2912.10
ORD-02790,2024-07-15,"Derek Thomas",Central,PROD-0010,"Reclining Chair (Tables)",Furniture,8,5196.48,2183.02
ORD-02837,2025-08-29,"Julie Spencer",North,PROD-0010,"Reclining Chair (Tables)",Furniture,6,3897.36,773.26
ORD-02850,2023-03-04,"Stephanie Dalton",South,PROD-0010,"Reclining Chair (Tables)",Furniture,14,7729.76,1327.41
ORD-02855,2023-04-25,"Mr. Nathaniel Khan",North,PROD-0010,"Reclining Chair (Tables)",Furniture,8,4417.01,1046.05
ORD-02871,2023-04-20,"Stephen Potter",West,PROD-0010,"Reclining Chair (Tables)",Furniture,7,3864.88,1406.34
ORD-00009,2024-12-17,"Victoria Valdez",South,PROD-0011,"Filing Cabinet (Binders)","Office Supplies",4,2007.94,862.24
ORD-00112,2024-12-08,"Deborah Figueroa",Central,PROD-0011,"Filing Cabinet (Binders)","Office Supplies",10,5905.70,1525.55
ORD-00154,2025-07-07,"Samantha Pollard",South,PROD-0011,"Filing Cabinet (Binders)","Office Supplies",13,7677.41,2272.73
ORD-00315,2024-11-27,"Laura Mckinney",South,PROD-0011,"Filing Cabinet (Binders)","Office Supplies",10,5905.70,2103.76
ORD-00357,2023-10-27,"Kristine Garcia",East,PROD-0011,"Filing Cabinet (Binders)","Office Supplies",5,2952.85,1073.98
ORD-00379,2023-07-15,"Casey James",East,PROD-0011,"Filing Cabinet (Binders)","Office Supplies",3,1771.71,543.50
ORD-00433,2024-08-02,"Jennifer Smith",West,PROD-0011,"Filing Cabinet (Binders)","Office Supplies",7,3927.29,1138.54
ORD-00449,2025-04-22,"Scott Branch",West,PROD-0011,"Filing Cabinet (Binders)","Office Supplies",1,590.57,171.96
ORD-00593,2023-05-30,"Dawn Hensley",West,PROD-0011,"Filing Cabinet (Binders)","Office Supplies",1,531.51,228.41
ORD-00606,2023-08-30,"Brenda Thornton",North,PROD-0011,"Filing Cabinet (Binders)","Office Supplies",13,7677.41,2683.23
ORD-00632,2023-09-25,"Melissa Bryant",South,PROD-0011,"Filing Cabinet (Binders)","Office Supplies",4,2362.28,878.07
ORD-00635,2023-10-06,"Sharon James",North,PROD-0011,"Filing Cabinet (Binders)","Office Supplies",13,6141.93,1686.50
ORD-00670,2024-12-21,"Paul Hudson",North,PROD-0011,"Filing Cabinet (Binders)","Office Supplies",10,5315.13,2165.22
ORD-00725,2023-07-25,"Melissa Gates",North,PROD-0011,"Filing Cabinet (Binders)","Office Supplies",15,8858.55,2490.98
ORD-00772,2023-05-26,"Sandra Parker",West,PROD-0011,"Filing Cabinet (Binders)","Office Supplies",8,4724.56,1416.69
ORD-01143,2024-04-22,"Deborah Figueroa",Central,PROD-0011,"Filing Cabinet (Binders)","Office Supplies",5,2362.28,850.21
ORD-01156,2023-04-11,"Jonathan Dougherty",Central,PROD-0011,"Filing Cabinet (Binders)","Office Supplies",9,5049.37,1874.49
ORD-01165,2025-06-24,"Nancy Gonzalez",Central,PROD-0011,"Filing Cabinet (Binders)","Office Supplies",10,5905.70,1877.19
ORD-01181,2023-02-14,"James Howard",West,PROD-0011,"Filing Cabinet (Binders)","Office Supplies",1,590.57,102.36
ORD-01207,2024-02-20,"Crystal Little",East,PROD-0011,"Filing Cabinet (Binders)","Office Supplies",13,7677.41,3302.51
ORD-01229,2025-07-02,"Belinda Miller",East,PROD-0011,"Filing Cabinet (Binders)","Office Supplies",5,2509.92,993.40
ORD-01251,2023-08-30,"Jesse Brown",South,PROD-0011,"Filing Cabinet (Binders)","Office Supplies",12,5669.47,2198.62
ORD-01355,2025-09-02,"Sarah Curtis",Central,PROD-0011,"Filing Cabinet (Binders)","Office Supplies",12,5669.47,982.30
ORD-01370,2024-01-14,"Michael Evans",South,PROD-0011,"Filing Cabinet (Binders)","Office Supplies",15,8858.55,2137.60
ORD-01378,2024-03-23,"Brittney Webster",West,PROD-0011,"Filing Cabinet (Binders)","Office Supplies",10,5019.84,2098.92
ORD-01439,2025-05-06,"Marie Christian",West,PROD-0011,"Filing Cabinet (Binders)","Office Supplies",3,1417.37,491.72
ORD-01556,2025-10-12,"Justin Baxter",East,PROD-0011,"Filing Cabinet (Binders)","Office Supplies",13,7677.41,1831.68
ORD-01563,2023-06-24,"Robert Carter",North,PROD-0011,"Filing Cabinet (Binders)","Office Supplies",2,1181.14,391.61
ORD-01574,2025-02-22,"Jesse Santiago",West,PROD-0011,"Filing Cabinet (Binders)","Office Supplies",10,5019.84,1766.55
ORD-01627,2025-12-11,"Christopher Lewis",North,PROD-0011,"Filing Cabinet (Binders)","Office Supplies",5,2805.21,517.93
ORD-01642,2025-06-17,"Melissa Gates",North,PROD-0011,"Filing Cabinet (Binders)","Office Supplies",11,6496.27,1209.34
ORD-01693,2023-06-07,"Sherry Wood",North,PROD-0011,"Filing Cabinet (Binders)","Office Supplies",4,1889.82,568.02
ORD-01701,2024-08-02,"Melanie Taylor",South,PROD-0011,"Filing Cabinet (Binders)","Office Supplies",6,2834.74,1228.40
ORD-01723,2024-06-26,"Marie Moody",West,PROD-0011,"Filing Cabinet (Binders)","Office Supplies",6,2834.74,586.79
ORD-01766,2023-11-18,"Jennifer Smith",West,PROD-0011,"Filing Cabinet (Binders)","Office Supplies",12,7086.84,1683.49
ORD-01819,2023-09-29,"Christopher Collins",Central,PROD-0011,"Filing Cabinet (Binders)","Office Supplies",13,7677.41,2292.25
ORD-01894,2025-06-03,"Jake Campbell",Central,PROD-0011,"Filing Cabinet (Binders)","Office Supplies",2,1181.14,291.42
ORD-01910,2024-02-17,"John Torres",North,PROD-0011,"Filing Cabinet (Binders)","Office Supplies",13,7677.41,2668.16
ORD-01948,2024-06-27,"Rodney Trujillo",Central,PROD-0011,"Filing Cabinet (Binders)","Office Supplies",11,6496.27,2223.49
ORD-02171,2023-12-01,"Jennifer Smith",West,PROD-0011,"Filing Cabinet (Binders)","Office Supplies",7,3927.29,1669.19
ORD-02271,2023-04-16,"David Davidson",East,PROD-0011,"Filing Cabinet (Binders)","Office Supplies",11,6496.27,994.83
ORD-02285,2023-12-27,"Jake Campbell",Central,PROD-0011,"Filing Cabinet (Binders)","Office Supplies",4,2126.05,643.86
ORD-02309,2025-01-25,"John Torres",North,PROD-0011,"Filing Cabinet (Binders)","Office Supplies",15,8858.55,1831.81
ORD-02329,2023-11-20,"Sheila Sawyer",North,PROD-0011,"Filing Cabinet (Binders)","Office Supplies",1,590.57,201.05
ORD-02407,2024-09-20,"Marie Christian",West,PROD-0011,"Filing Cabinet (Binders)","Office Supplies",9,4252.10,806.51
ORD-02410,2024-11-18,"Dawn Hensley",West,PROD-0011,"Filing Cabinet (Binders)","Office Supplies",2,1181.14,368.93
ORD-02538,2023-10-18,"Brenda Snyder PhD",Central,PROD-0011,"Filing Cabinet (Binders)","Office Supplies",6,3366.25,1483.60
ORD-02712,2023-10-31,"Patrick Fox",Central,PROD-0011,"Filing Cabinet (Binders)","Office Supplies",10,5610.42,1459.89
ORD-02802,2024-09-29,"Theresa Clark",Central,PROD-0011,"Filing Cabinet (Binders)","Office Supplies",12,7086.84,1415.26
ORD-02819,2023-01-21,"Christopher Lewis",North,PROD-0011,"Filing Cabinet (Binders)","Office Supplies",6,3366.25,1333.82
ORD-02828,2023-09-17,"Christian Martinez",East,PROD-0011,"Filing Cabinet (Binders)","Office Supplies",13,6909.67,1891.90
ORD-02913,2023-11-05,"Sierra Johnson",East,PROD-0011,"Filing Cabinet (Binders)","Office Supplies",5,2952.85,986.12
ORD-02960,2024-09-14,"Mark Brennan",North,PROD-0011,"Filing Cabinet (Binders)","Office Supplies",5,2362.28,839.55
ORD-00169,2025-02-02,"Brenda Thornton",North,PROD-0012,"Reclining Chair (Art)","Office Supplies",13,6988.54,1978.38
ORD-00194,2023-02-08,"Bryan Zamora",East,PROD-0012,"Reclining Chair (Art)","Office Supplies",8,4300.64,823.00
ORD-00195,2025-05-29,"Cheryl Allen",North,PROD-0012,"Reclining Chair (Art)","Office Supplies",10,5107.01,1211.13
ORD-00209,2024-07-16,"Kimberly Gibson",West,PROD-0012,"Reclining Chair (Art)","Office Supplies",10,5375.80,1851.52
ORD-00428,2023-03-22,"Michelle Miles",South,PROD-0012,"Reclining Chair (Art)","Office Supplies",14,7526.12,2961.91
ORD-00457,2025-09-01,"Eric Byrd",North,PROD-0012,"Reclining Chair (Art)","Office Supplies",1,456.94,204.33
ORD-00499,2023-11-12,"Robert Carter",North,PROD-0012,"Reclining Chair (Art)","Office Supplies",12,6128.41,1307.05
ORD-00519,2025-06-04,"Jordan Wilson",North,PROD-0012,"Reclining Chair (Art)","Office Supplies",7,3763.06,860.93
ORD-00520,2025-07-09,"Tracy Phillips",Central,PROD-0012,"Reclining Chair (Art)","Office Supplies",10,5107.01,1702.42
ORD-00601,2023-08-26,"Vincent Mueller",East,PROD-0012,"Reclining Chair (Art)","Office Supplies",8,3870.58,1034.80
ORD-00636,2023-08-05,"Marie Christian",West,PROD-0012,"Reclining Chair (Art)","Office Supplies",3,1532.10,475.23
ORD-00718,2024-03-09,"Katrina Hill",East,PROD-0012,"Reclining Chair (Art)","Office Supplies",13,6988.54,2880.29
ORD-00740,2023-03-01,"Michael Warner",East,PROD-0012,"Reclining Chair (Art)","Office Supplies",3,1612.74,302.30
ORD-00767,2024-06-13,"Rita Adams",South,PROD-0012,"Reclining Chair (Art)","Office Supplies",12,5160.77,1456.84
ORD-00785,2023-09-22,"Robert Robinson",East,PROD-0012,"Reclining Chair (Art)","Office Supplies",2,1021.40,305.40
ORD-00861,2023-08-25,"Andrew Johnson",North,PROD-0012,"Reclining Chair (Art)","Office Supplies",13,6988.54,1965.99
ORD-01067,2024-09-13,"Brenda Snyder PhD",Central,PROD-0012,"Reclining Chair (Art)","Office Supplies",1,537.58,157.51
ORD-01236,2024-12-15,"James Howard",West,PROD-0012,"Reclining Chair (Art)","Office Supplies",1,537.58,104.21
ORD-01457,2023-05-25,"Angela Hernandez",West,PROD-0012,"Reclining Chair (Art)","Office Supplies",7,3198.60,1119.92
ORD-01461,2023-08-16,"Kelly Foster",East,PROD-0012,"Reclining Chair (Art)","Office Supplies",7,3763.06,1168.03
ORD-01473,2023-08-18,"Alexis Herrera",South,PROD-0012,"Reclining Chair (Art)","Office Supplies",12,6450.96,1942.39
ORD-01615,2024-02-21,"Lauren Keller",Central,PROD-0012,"Reclining Chair (Art)","Office Supplies",14,7149.81,2644.85
ORD-01647,2023-05-16,"Alison Buchanan",Central,PROD-0012,"Reclining Chair (Art)","Office Supplies",6,3064.21,825.39
ORD-01661,2023-12-15,"Patrick Ryan",South,PROD-0012,"Reclining Chair (Art)","Office Supplies",10,5375.80,2396.35
ORD-01687,2023-03-25,"Stephen Johnston",North,PROD-0012,"Reclining Chair (Art)","Office Supplies",8,4300.64,659.52
ORD-01710,2024-01-17,"Olivia Moore",North,PROD-0012,"Reclining Chair (Art)","Office Supplies",7,3198.60,1030.57
ORD-01728,2025-09-23,"Alexis Herrera",South,PROD-0012,"Reclining Chair (Art)","Office Supplies",5,2419.11,498.48
ORD-01757,2023-05-11,"Andrew Johnson",North,PROD-0012,"Reclining Chair (Art)","Office Supplies",6,3064.21,1274.13
ORD-01848,2025-07-14,"Michael Martinez",East,PROD-0012,"Reclining Chair (Art)","Office Supplies",1,537.58,110.85
ORD-01857,2025-07-16,"Mr. Donald Fischer",Central,PROD-0012,"Reclining Chair (Art)","Office Supplies",5,2687.90,675.51
ORD-01947,2024-07-13,"Andrea Davis",East,PROD-0012,"Reclining Chair (Art)","Office Supplies",7,3763.06,1490.66
ORD-02060,2025-01-24,"Kevin Mills",East,PROD-0012,"Reclining Chair (Art)","Office Supplies",12,6450.96,1643.24
ORD-02092,2023-02-22,"Connor Greene",West,PROD-0012,"Reclining Chair (Art)","Office Supplies",10,5375.80,1017.63
ORD-02130,2025-09-25,"Michelle James",West,PROD-0012,"Reclining Chair (Art)","Office Supplies",12,6128.41,2207.88
ORD-02137,2024-08-19,"Anna Lozano",West,PROD-0012,"Reclining Chair (Art)","Office Supplies",15,8063.70,3121.22
ORD-02180,2024-04-07,"Andrew Johnson",North,PROD-0012,"Reclining Chair (Art)","Office Supplies",5,2687.90,1130.57
ORD-02188,2025-11-17,"Rita Adams",South,PROD-0012,"Reclining Chair (Art)","Office Supplies",12,6450.96,1630.36
ORD-02241,2025-05-24,"Amanda Patel",Central,PROD-0012,"Reclining Chair (Art)","Office Supplies",11,5913.38,2121.21
ORD-02288,2023-05-23,"Thomas Cunningham",Central,PROD-0012,"Reclining Chair (Art)","Office Supplies",3,1612.74,519.43
ORD-02387,2025-02-17,"Walter Rush",West,PROD-0012,"Reclining Chair (Art)","Office Supplies",1,430.06,146.89
ORD-02396,2025-03-07,"Christopher Collins",Central,PROD-0012,"Reclining Chair (Art)","Office Supplies",14,7526.12,2120.31
ORD-02624,2025-01-02,"Jordan Edwards",North,PROD-0012,"Reclining Chair (Art)","Office Supplies",2,860.13,162.18
ORD-02626,2025-10-21,"Cynthia Wallace",Central,PROD-0012,"Reclining Chair (Art)","Office Supplies",5,2553.50,675.16
ORD-02676,2023-01-26,"Kristen Willis",West,PROD-0012,"Reclining Chair (Art)","Office Supplies",2,1075.16,300.47
ORD-02725,2025-11-09,"Shane Henderson",Central,PROD-0012,"Reclining Chair (Art)","Office Supplies",2,1075.16,194.95
ORD-02801,2024-04-21,"Robin Young",Central,PROD-0012,"Reclining Chair (Art)","Office Supplies",1,430.06,129.87
ORD-00005,2025-08-03,"Curtis Johnson",West,PROD-0013,"Conference Table (Accessories)",Technology,3,394.68,146.80
ORD-00045,2025-08-19,"Amanda Lutz",East,PROD-0013,"Conference Table (Accessories)",Technology,8,999.86,347.74
ORD-00114,2025-09-16,"Michelle Lewis",Central,PROD-0013,"Conference Table (Accessories)",Technology,2,263.12,88.30
ORD-00184,2023-06-17,"Stephen Potter",West,PROD-0013,"Conference Table (Accessories)",Technology,5,624.91,157.11
ORD-00244,2025-07-12,"Kimberly Gibson",West,PROD-0013,"Conference Table (Accessories)",Technology,15,1973.40,337.17
ORD-00260,2024-06-03,"Dawn Hensley",West,PROD-0013,"Conference Table (Accessories)",Technology,12,1578.72,541.30
ORD-00294,2023-12-23,"Angela Hernandez",West,PROD-0013,"Conference Table (Accessories)",Technology,13,1710.28,508.59
ORD-00325,2023-04-14,"Mr. Philip Cannon",East,PROD-0013,"Conference Table (Accessories)",Technology,5,624.91,169.19
ORD-00356,2025-02-16,"Nicholas Sheppard",East,PROD-0013,"Conference Table (Accessories)",Technology,15,1874.73,383.36
ORD-00516,2023-12-03,"Kerry Smith",North,PROD-0013,"Conference Table (Accessories)",Technology,15,1677.39,632.08
ORD-00584,2024-12-20,"Sherry Wood",North,PROD-0013,"Conference Table (Accessories)",Technology,7,920.92,195.86
ORD-00665,2025-12-28,"Brent Jordan",East,PROD-0013,"Conference Table (Accessories)",Technology,14,1473.47,257.60
ORD-00699,2023-12-04,"Grant Watts",West,PROD-0013,"Conference Table (Accessories)",Technology,10,1249.82,503.51
ORD-00705,2024-02-13,"Daniel Salinas",East,PROD-0013,"Conference Table (Accessories)",Technology,2,263.12,102.07
ORD-00745,2025-08-29,"Shannon Ray",North,PROD-0013,"Conference Table (Accessories)",Technology,10,1184.04,408.58
ORD-00879,2024-06-25,"Angie Henderson",East,PROD-0013,"Conference Table (Accessories)",Technology,3,394.68,108.46
ORD-01053,2024-04-25,"Anna Henderson",East,PROD-0013,"Conference Table (Accessories)",Technology,11,1447.16,242.93
ORD-01062,2025-06-30,"Kimberly Gibson",West,PROD-0013,"Conference Table (Accessories)",Technology,3,335.48,96.69
ORD-01136,2023-01-01,"Nicole Parrish",North,PROD-0013,"Conference Table (Accessories)",Technology,12,1578.72,244.88
ORD-01314,2024-09-15,"Gina French",Central,PROD-0013,"Conference Table (Accessories)",Technology,15,1874.73,439.93
ORD-01364,2024-10-03,"Haley Hartman",East,PROD-0013,"Conference Table (Accessories)",Technology,9,1184.04,293.83
ORD-01387,2024-11-13,"Jacob Anderson",West,PROD-0013,"Conference Table (Accessories)",Technology,11,1447.16,477.30
ORD-01467,2024-07-21,"Ashley Smith",South,PROD-0013,"Conference Table (Accessories)",Technology,1,131.56,44.49
ORD-01476,2023-02-13,"Melanie Taylor",South,PROD-0013,"Conference Table (Accessories)",Technology,5,657.80,283.59
ORD-01607,2025-04-28,"Ashley James",Central,PROD-0013,"Conference Table (Accessories)",Technology,7,920.92,241.75
ORD-01618,2024-09-27,"Olivia Moore",North,PROD-0013,"Conference Table (Accessories)",Technology,8,999.86,282.01
ORD-01692,2023-01-09,"Mr. Philip Cannon",East,PROD-0013,"Conference Table (Accessories)",Technology,9,947.23,264.05
ORD-01698,2023-01-12,"Kimberly Smith",North,PROD-0013,"Conference Table (Accessories)",Technology,6,789.36,199.83
ORD-01776,2025-06-25,"Benjamin Smith",South,PROD-0013,"Conference Table (Accessories)",Technology,3,315.74,141.14
ORD-01873,2023-12-26,"Joshua Mata",North,PROD-0013,"Conference Table (Accessories)",Technology,2,236.81,97.45
ORD-01906,2023-10-26,"Katrina Hill",East,PROD-0013,"Conference Table (Accessories)",Technology,3,374.95,134.01
ORD-01909,2023-04-22,"Andrew Johnson",North,PROD-0013,"Conference Table (Accessories)",Technology,7,920.92,360.43
ORD-01931,2024-05-15,"Stephen Potter",West,PROD-0013,"Conference Table (Accessories)",Technology,15,1973.40,436.27
ORD-02032,2024-11-04,"Sandra Parker",West,PROD-0013,"Conference Table (Accessories)",Technology,3,394.68,140.01
ORD-02059,2024-12-14,"Justin Baxter",East,PROD-0013,"Conference Table (Accessories)",Technology,9,1006.43,305.36
ORD-02098,2025-05-26,"Robert Montgomery",East,PROD-0013,"Conference Table (Accessories)",Technology,15,1874.73,288.59
ORD-02134,2025-03-17,"Jake Campbell",Central,PROD-0013,"Conference Table (Accessories)",Technology,2,263.12,92.87
ORD-02160,2023-06-29,"Robert Robinson",East,PROD-0013,"Conference Table (Accessories)",Technology,9,1184.04,230.37
ORD-02165,2025-12-06,"Theresa Clark",Central,PROD-0013,"Conference Table (Accessories)",Technology,15,1973.40,529.16
ORD-02250,2024-03-06,"Nicole Parrish",North,PROD-0013,"Conference Table (Accessories)",Technology,10,1249.82,529.71
ORD-02317,2025-02-23,"Michael Evans",South,PROD-0013,"Conference Table (Accessories)",Technology,7,828.83,249.37
ORD-02438,2025-02-13,"Brittney Webster",West,PROD-0013,"Conference Table (Accessories)",Technology,13,1710.28,431.37
ORD-02497,2024-12-23,"Olivia Moore",North,PROD-0013,"Conference Table (Accessories)",Technology,9,947.23,178.21
ORD-02503,2023-09-24,"Michelle Lewis",Central,PROD-0013,"Conference Table (Accessories)",Technology,4,526.24,175.94
ORD-02581,2025-11-01,"Lisa Gibbs",Central,PROD-0013,"Conference Table (Accessories)",Technology,8,999.86,433.24
ORD-02586,2024-05-07,"Melissa Bryant",South,PROD-0013,"Conference Table (Accessories)",Technology,3,355.21,80.81
ORD-02627,2023-08-16,"Julie Grant",South,PROD-0013,"Conference Table (Accessories)",Technology,10,1249.82,211.12
ORD-02680,2023-04-30,"Kathleen Ramos",North,PROD-0013,"Conference Table (Accessories)",Technology,10,1315.60,482.91
ORD-02689,2025-11-04,"Jacob Fitzpatrick",South,PROD-0013,"Conference Table (Accessories)",Technology,8,1052.48,312.26
ORD-02733,2024-10-05,"Kyle Preston",South,PROD-0013,"Conference Table (Accessories)",Technology,2,263.12,95.92
ORD-02739,2024-02-04,"Joshua Perry",East,PROD-0013,"Conference Table (Accessories)",Technology,1,124.98,25.03
ORD-02794,2025-03-17,"Jordan Edwards",North,PROD-0013,"Conference Table (Accessories)",Technology,6,631.49,180.62
ORD-02825,2024-09-18,"Casey James",East,PROD-0013,"Conference Table (Accessories)",Technology,6,710.42,156.22
ORD-02874,2024-06-15,"Crystal Whitehead",North,PROD-0013,"Conference Table (Accessories)",Technology,12,1499.78,555.87
ORD-02967,2025-04-01,"April Booth",North,PROD-0013,"Conference Table (Accessories)",Technology,9,1124.84,387.39
ORD-00001,2025-09-21,"Amy Hernandez",South,PROD-0014,"Whiteboard (Phones)",Technology,1,663.45,231.65
ORD-00056,2024-08-19,"Brent Jordan",East,PROD-0014,"Whiteboard (Phones)",Technology,1,698.37,253.91
ORD-00118,2024-08-09,"Anna Henderson",East,PROD-0014,"Whiteboard (Phones)",Technology,13,7263.05,2766.96
ORD-00131,2025-02-19,"Mark Brennan",North,PROD-0014,"Whiteboard (Phones)",Technology,14,8310.60,1395.45
ORD-00157,2023-05-05,"Katherine Mcguire",East,PROD-0014,"Whiteboard (Phones)",Technology,8,4469.57,1472.79
ORD-00166,2023-07-14,"James Hughes",North,PROD-0014,"Whiteboard (Phones)",Technology,6,3980.71,1418.10
ORD-00203,2023-10-30,"Casey James",East,PROD-0014,"Whiteboard (Phones)",Technology,4,2793.48,1134.34
ORD-00217,2025-06-15,"Jake Campbell",Central,PROD-0014,"Whiteboard (Phones)",Technology,8,5028.26,1474.16
ORD-00339,2023-02-04,"Charles Schultz",Central,PROD-0014,"Whiteboard (Phones)",Technology,6,4190.22,1038.58
ORD-00347,2025-08-23,"Austin Smith",West,PROD-0014,"Whiteboard (Phones)",Technology,14,7821.74,1793.12
ORD-00429,2024-03-20,"Destiny Riggs",South,PROD-0014,"Whiteboard (Phones)",Technology,8,5586.96,1056.82
ORD-00513,2024-12-14,"David Murphy",East,PROD-0014,"Whiteboard (Phones)",Technology,8,5586.96,1779.73
ORD-00616,2023-09-02,"Samantha Pollard",South,PROD-0014,"Whiteboard (Phones)",Technology,9,5342.53,958.54
ORD-00649,2025-06-27,"Courtney Jones",North,PROD-0014,"Whiteboard (Phones)",Technology,13,9078.81,3834.95
ORD-00695,2023-03-10,"Julia Torres",East,PROD-0014,"Whiteboard (Phones)",Technology,5,3491.85,1237.46
ORD-00819,2025-09-15,"Sandra Gilbert",West,PROD-0014,"Whiteboard (Phones)",Technology,13,8170.93,2013.99
ORD-00855,2025-07-16,"Mr. Philip Cannon",East,PROD-0014,"Whiteboard (Phones)",Technology,13,9078.81,3709.11
ORD-01051,2025-01-13,"John Hernandez",East,PROD-0014,"Whiteboard (Phones)",Technology,12,7542.40,2215.35
ORD-01093,2025-09-12,"Melanie Taylor",South,PROD-0014,"Whiteboard (Phones)",Technology,11,7682.07,2998.95
ORD-01101,2023-08-08,"Mark Lynch",South,PROD-0014,"Whiteboard (Phones)",Technology,3,1990.35,756.73
ORD-01263,2024-11-10,"Katrina Hill",East,PROD-0014,"Whiteboard (Phones)",Technology,13,7263.05,2497.92
ORD-01301,2023-05-26,"Anna Gay",Central,PROD-0014,"Whiteboard (Phones)",Technology,13,9078.81,2634.46
ORD-01341,2024-09-14,"Jordan Wilson",North,PROD-0014,"Whiteboard (Phones)",Technology,12,6704.35,1883.17
ORD-01356,2025-02-16,"Stephen Potter",West,PROD-0014,"Whiteboard (Phones)",Technology,11,6529.76,2174.27
ORD-01423,2023-11-02,"Mr. Nathaniel Khan",North,PROD-0014,"Whiteboard (Phones)",Technology,11,6145.66,979.79
ORD-01525,2023-07-13,"Michelle Miles",South,PROD-0014,"Whiteboard (Phones)",Technology,10,5586.96,2234.00
ORD-01579,2025-02-24,"Mark Lynch",South,PROD-0014,"Whiteboard (Phones)",Technology,8,5586.96,1084.64
ORD-01791,2025-05-15,"Melanie Taylor",South,PROD-0014,"Whiteboard (Phones)",Technology,9,6285.33,1448.17
ORD-01890,2025-06-17,"Matthew Williams",South,PROD-0014,"Whiteboard (Phones)",Technology,13,9078.81,2382.24
ORD-01999,2025-08-02,"Ashley James",Central,PROD-0014,"Whiteboard (Phones)",Technology,2,1396.74,398.73
ORD-02020,2023-07-28,"Vincent Dalton",North,PROD-0014,"Whiteboard (Phones)",Technology,12,7542.40,1603.68
ORD-02048,2025-09-14,"Kelsey Parker",Central,PROD-0014,"Whiteboard (Phones)",Technology,1,558.70,187.49
ORD-02050,2023-12-26,"Jesse Perry",North,PROD-0014,"Whiteboard (Phones)",Technology,5,3317.26,1031.35
ORD-02109,2025-10-04,"Tony Saunders",East,PROD-0014,"Whiteboard (Phones)",Technology,2,1117.39,270.93
ORD-02227,2023-09-27,"Mr. Philip Cannon",East,PROD-0014,"Whiteboard (Phones)",Technology,2,1396.74,296.37
ORD-02291,2023-08-14,"Jake Campbell",Central,PROD-0014,"Whiteboard (Phones)",Technology,14,9777.18,2160.43
ORD-02454,2024-07-02,"Stephen Johnston",North,PROD-0014,"Whiteboard (Phones)",Technology,5,3317.26,1294.49
ORD-02468,2024-10-05,"Amy Hernandez",South,PROD-0014,"Whiteboard (Phones)",Technology,2,1396.74,495.04
ORD-02500,2025-02-27,"Victoria Valdez",South,PROD-0014,"Whiteboard (Phones)",Technology,4,2653.81,1110.99
ORD-02578,2025-09-20,"Deborah Figueroa",Central,PROD-0014,"Whiteboard (Phones)",Technology,10,5936.14,2313.85
ORD-02639,2023-02-07,"Belinda Mccullough",East,PROD-0014,"Whiteboard (Phones)",Technology,9,5971.06,2593.58
ORD-02661,2023-06-23,"Kerry Smith",North,PROD-0014,"Whiteboard (Phones)",Technology,1,698.37,135.22
ORD-02727,2025-06-17,"Phillip Dorsey",South,PROD-0014,"Whiteboard (Phones)",Technology,3,1885.60,439.80
ORD-02808,2025-02-08,"Matthew Williams",South,PROD-0014,"Whiteboard (Phones)",Technology,3,1676.09,747.39
ORD-02845,2023-01-22,"Jeremy Lowe",East,PROD-0014,"Whiteboard (Phones)",Technology,4,2653.81,906.81
ORD-02898,2025-08-01,"Mr. Philip Cannon",East,PROD-0014,"Whiteboard (Phones)",Technology,1,593.61,240.86
ORD-02944,2025-11-18,"Jennifer Powers",North,PROD-0014,"Whiteboard (Phones)",Technology,9,5028.26,1065.40
ORD-02946,2025-06-13,"Andrea Davis",East,PROD-0014,"Whiteboard (Phones)",Technology,5,2968.07,722.25
ORD-02980,2023-11-27,"Jake Campbell",Central,PROD-0014,"Whiteboard (Phones)",Technology,8,5586.96,1302.22
ORD-00011,2023-02-11,"Sharon James",North,PROD-0015,"Desk Lamp (Paper)","Office Supplies",10,6541.90,2475.69
ORD-00054,2023-11-18,"Robert Carter",North,PROD-0015,"Desk Lamp (Paper)","Office Supplies",4,2616.76,744.21
ORD-00235,2025-07-08,"Joshua Mata",North,PROD-0015,"Desk Lamp (Paper)","Office Supplies",4,2355.08,890.81
ORD-00265,2025-07-26,"Lori Garcia",East,PROD-0015,"Desk Lamp (Paper)","Office Supplies",1,654.19,254.82
ORD-00475,2023-11-12,"Monica Logan",North,PROD-0015,"Desk Lamp (Paper)","Office Supplies",12,7457.77,2647.48
ORD-00612,2023-01-26,"Ms. Teresa Wilson",West,PROD-0015,"Desk Lamp (Paper)","Office Supplies",4,2616.76,807.19
ORD-00675,2024-10-24,"Melissa Lee",North,PROD-0015,"Desk Lamp (Paper)","Office Supplies",1,654.19,265.40
ORD-00677,2025-01-17,"Kimberly Gibson",West,PROD-0015,"Desk Lamp (Paper)","Office Supplies",2,1308.38,312.23
ORD-00773,2025-02-20,"Benjamin Smith",South,PROD-0015,"Desk Lamp (Paper)","Office Supplies",9,5887.71,1919.79
ORD-00780,2023-09-23,"Brittney Webster",West,PROD-0015,"Desk Lamp (Paper)","Office Supplies",10,6214.80,1615.56
ORD-00802,2024-02-14,"Julie Grant",South,PROD-0015,"Desk Lamp (Paper)","Office Supplies",13,8504.47,1705.57
ORD-00845,2023-09-05,"Kyle Mcdonald",North,PROD-0015,"Desk Lamp (Paper)","Office Supplies",15,7850.28,2607.32
ORD-00880,2023-01-12,"Brenda Thornton",North,PROD-0015,"Desk Lamp (Paper)","Office Supplies",6,3728.88,884.09
ORD-00884,2024-01-12,"Kelly Foster",East,PROD-0015,"Desk Lamp (Paper)","Office Supplies",9,5887.71,1260.69
ORD-00904,2024-10-09,"Randy Strickland",Central,PROD-0015,"Desk Lamp (Paper)","Office Supplies",1,621.48,154.13
ORD-01117,2025-03-06,"Shannon Ray",North,PROD-0015,"Desk Lamp (Paper)","Office Supplies",11,6836.29,1997.93
ORD-01146,2023-07-15,"Nicholas Sheppard",East,PROD-0015,"Desk Lamp (Paper)","Office Supplies",10,5560.62,2001.17
ORD-01212,2023-08-12,"Nicole Parrish",North,PROD-0015,"Desk Lamp (Paper)","Office Supplies",8,4971.84,1003.80
ORD-01271,2023-03-18,"Gina French",Central,PROD-0015,"Desk Lamp (Paper)","Office Supplies",13,8504.47,1496.73
ORD-01372,2025-07-17,"Patrick Ryan",South,PROD-0015,"Desk Lamp (Paper)","Office Supplies",15,9812.85,2150.90
ORD-01380,2024-05-28,"Matthew Harvey",South,PROD-0015,"Desk Lamp (Paper)","Office Supplies",13,8079.25,3590.18
ORD-01395,2024-09-22,"Stephanie Dalton",South,PROD-0015,"Desk Lamp (Paper)","Office Supplies",8,4710.17,756.05
ORD-01455,2025-04-10,"Kimberly Smith",North,PROD-0015,"Desk Lamp (Paper)","Office Supplies",3,1570.06,296.01
ORD-01501,2025-05-25,"Lauren Keller",Central,PROD-0015,"Desk Lamp (Paper)","Office Supplies",6,3728.88,1260.92
ORD-01600,2023-06-04,"Christopher Jenkins",South,PROD-0015,"Desk Lamp (Paper)","Office Supplies",14,7326.93,2119.31
ORD-01662,2025-06-10,"Shawn Baker",South,PROD-0015,"Desk Lamp (Paper)","Office Supplies",13,8079.25,1630.58
ORD-01849,2024-08-15,"Alexis Herrera",South,PROD-0015,"Desk Lamp (Paper)","Office Supplies",11,7196.09,3237.07
ORD-02049,2023-06-20,"Stephanie Dalton",South,PROD-0015,"Desk Lamp (Paper)","Office Supplies",13,8504.47,2308.50
ORD-02066,2025-02-26,"Kristen Willis",West,PROD-0015,"Desk Lamp (Paper)","Office Supplies",7,3892.43,1067.12
ORD-02075,2025-06-01,"Christopher Lewis",North,PROD-0015,"Desk Lamp (Paper)","Office Supplies",3,1962.57,662.57
ORD-02156,2023-09-12,"Jeremy Turner",Central,PROD-0015,"Desk Lamp (Paper)","Office Supplies",13,6803.58,2638.16
ORD-02176,2025-06-07,"David Cox",West,PROD-0015,"Desk Lamp (Paper)","Office Supplies",7,4579.33,736.33
ORD-02207,2025-02-03,"Jeremy Lowe",East,PROD-0015,"Desk Lamp (Paper)","Office Supplies",2,1308.38,230.00
ORD-02251,2023-09-25,"Robert Robinson",East,PROD-0015,"Desk Lamp (Paper)","Office Supplies",11,6116.68,1648.14
ORD-02296,2025-06-28,"Michelle Miles",South,PROD-0015,"Desk Lamp (Paper)","Office Supplies",14,9158.66,3276.83
ORD-02297,2023-11-13,"Walter Rush",West,PROD-0015,"Desk Lamp (Paper)","Office Supplies",4,2616.76,750.86
ORD-02357,2023-07-11,"Michelle Lewis",Central,PROD-0015,"Desk Lamp (Paper)","Office Supplies",12,7850.28,1449.78
ORD-02419,2024-02-05,"Crystal Little",East,PROD-0015,"Desk Lamp (Paper)","Office Supplies",14,8700.73,1434.18
ORD-02498,2024-02-26,"Anna Henderson",East,PROD-0015,"Desk Lamp (Paper)","Office Supplies",12,7850.28,3355.65
ORD-02519,2025-03-13,"Richard Romero",East,PROD-0015,"Desk Lamp (Paper)","Office Supplies",7,4579.33,1758.62
ORD-02583,2024-04-26,"Patrick Ryan",South,PROD-0015,"Desk Lamp (Paper)","Office Supplies",14,7326.93,2095.39
ORD-02716,2025-06-02,"Anna Gay",Central,PROD-0015,"Desk Lamp (Paper)","Office Supplies",1,556.06,222.38
ORD-02769,2025-06-24,"David Cox",West,PROD-0015,"Desk Lamp (Paper)","Office Supplies",7,4350.36,1617.42
ORD-02813,2024-08-25,"Alexis Herrera",South,PROD-0015,"Desk Lamp (Paper)","Office Supplies",12,6672.74,2460.02
ORD-02921,2024-06-13,"Connor Greene",West,PROD-0015,"Desk Lamp (Paper)","Office Supplies",12,6672.74,2770.60
ORD-00036,2024-11-08,"Stephen Johnston",North,PROD-0016,"Monitor Stand (Storage)","Office Supplies",6,3352.38,1052.23
ORD-00055,2023-01-06,"Justin Baxter",East,PROD-0016,"Monitor Stand (Storage)","Office Supplies",7,4371.24,1063.04
ORD-00059,2023-11-02,"Ashley Smith",South,PROD-0016,"Monitor Stand (Storage)","Office Supplies",15,9859.95,1991.81
ORD-00077,2024-06-30,"Julie Grant",South,PROD-0016,"Monitor Stand (Storage)","Office Supplies",9,5915.97,1015.76
ORD-00189,2024-03-08,"Benjamin Smith",South,PROD-0016,"Monitor Stand (Storage)","Office Supplies",13,8545.29,1886.39
ORD-00252,2024-09-08,"Teresa Rodriguez",West,PROD-0016,"Monitor Stand (Storage)","Office Supplies",2,1314.66,497.56
ORD-00266,2024-02-13,"Shannon Ray",North,PROD-0016,"Monitor Stand (Storage)","Office Supplies",15,9859.95,3503.45
ORD-00334,2023-10-08,"Mr. Philip Cannon",East,PROD-0016,"Monitor Stand (Storage)","Office Supplies",12,7887.96,1647.09
ORD-00335,2025-07-24,"Mr. Nathaniel Khan",North,PROD-0016,"Monitor Stand (Storage)","Office Supplies",3,1774.79,323.12
ORD-00405,2025-03-15,"Mr. Philip Cannon",East,PROD-0016,"Monitor Stand (Storage)","Office Supplies",9,5915.97,1370.39
ORD-00423,2023-10-23,"Julia Torres",East,PROD-0016,"Monitor Stand (Storage)","Office Supplies",13,8118.03,1425.34
ORD-00444,2023-05-01,"Rebecca Jackson",West,PROD-0016,"Monitor Stand (Storage)","Office Supplies",9,5915.97,1173.02
ORD-00450,2024-08-10,"Sean Rasmussen",West,PROD-0016,"Monitor Stand (Storage)","Office Supplies",1,591.60,121.90
ORD-00478,2025-07-08,"Christopher Collins",Central,PROD-0016,"Monitor Stand (Storage)","Office Supplies",9,5324.37,1577.44
ORD-00485,2024-09-05,"Michelle James",West,PROD-0016,"Monitor Stand (Storage)","Office Supplies",8,4206.91,1796.03
ORD-00508,2025-07-01,"Justin Baxter",East,PROD-0016,"Monitor Stand (Storage)","Office Supplies",6,3746.78,1165.55
ORD-00511,2023-08-26,"Scott Cole",North,PROD-0016,"Monitor Stand (Storage)","Office Supplies",14,7822.23,3187.54
ORD-00591,2023-09-28,"Nicole Parrish",North,PROD-0016,"Monitor Stand (Storage)","Office Supplies",7,3681.05,729.98
ORD-00620,2025-01-25,"Belinda Mccullough",East,PROD-0016,"Monitor Stand (Storage)","Office Supplies",4,2629.32,738.47
ORD-00671,2025-10-05,"George Shelton",Central,PROD-0016,"Monitor Stand (Storage)","Office Supplies",9,5915.97,2350.61
ORD-00840,2023-08-22,"Anna Lozano",West,PROD-0016,"Monitor Stand (Storage)","Office Supplies",2,1051.73,265.38
ORD-00852,2023-09-20,"Laurie Hoffman",North,PROD-0016,"Monitor Stand (Storage)","Office Supplies",2,1248.93,315.66
ORD-00878,2025-11-18,"Seth Booker",West,PROD-0016,"Monitor Stand (Storage)","Office Supplies",2,1248.93,546.79
ORD-00902,2023-05-25,"Robin Young",Central,PROD-0016,"Monitor Stand (Storage)","Office Supplies",10,5258.64,2007.26
ORD-00918,2023-04-22,"Dawn Hensley",West,PROD-0016,"Monitor Stand (Storage)","Office Supplies",14,7362.10,1253.68
ORD-00977,2025-04-16,"Tracy Phillips",Central,PROD-0016,"Monitor Stand (Storage)","Office Supplies",5,3286.65,1473.60
ORD-01072,2025-06-14,"Austin Smith",West,PROD-0016,"Monitor Stand (Storage)","Office Supplies",7,4601.31,1845.21
ORD-01120,2023-06-13,"Cameron Fisher",Central,PROD-0016,"Monitor Stand (Storage)","Office Supplies",8,4206.91,1086.75
ORD-01240,2023-07-10,"Kristine Garcia",East,PROD-0016,"Monitor Stand (Storage)","Office Supplies",13,8545.29,3017.80
ORD-01312,2025-12-24,"Sarah Curtis",Central,PROD-0016,"Monitor Stand (Storage)","Office Supplies",5,3122.32,828.44
ORD-01342,2025-08-27,"Lori Garcia",East,PROD-0016,"Monitor Stand (Storage)","Office Supplies",10,6573.30,1828.31
ORD-01362,2025-03-12,"Katrina Hill",East,PROD-0016,"Monitor Stand (Storage)","Office Supplies",8,4206.91,1040.84
ORD-01394,2024-05-03,"Michael Warner",East,PROD-0016,"Monitor Stand (Storage)","Office Supplies",8,4995.71,2153.66
ORD-01396,2025-07-09,"John Torres",North,PROD-0016,"Monitor Stand (Storage)","Office Supplies",1,657.33,228.89
ORD-01415,2025-09-01,"Christian Martinez",East,PROD-0016,"Monitor Stand (Storage)","Office Supplies",12,7887.96,3061.73
ORD-01524,2025-11-18,"Steven Houston",North,PROD-0016,"Monitor Stand (Storage)","Office Supplies",4,2103.46,550.25
ORD-01737,2024-05-11,"Jeremy Turner",Central,PROD-0016,"Monitor Stand (Storage)","Office Supplies",4,2629.32,734.03
ORD-01900,2023-08-10,"Michael Miles",South,PROD-0016,"Monitor Stand (Storage)","Office Supplies",2,1314.66,356.86
ORD-01954,2024-06-18,"Theresa Clark",Central,PROD-0016,"Monitor Stand (Storage)","Office Supplies",1,525.86,189.39
ORD-01957,2023-11-02,"Jordan Wilson",North,PROD-0016,"Monitor Stand (Storage)","Office Supplies",14,8742.49,3337.24
ORD-02084,2023-03-27,"Shane Henderson",Central,PROD-0016,"Monitor Stand (Storage)","Office Supplies",2,1314.66,385.59
ORD-02170,2023-06-02,"Casey James",East,PROD-0016,"Monitor Stand (Storage)","Office Supplies",9,5915.97,2199.54
ORD-02186,2025-12-24,"Michelle Miles",South,PROD-0016,"Monitor Stand (Storage)","Office Supplies",9,5324.37,987.10
ORD-02264,2025-03-10,"Kara Schmidt",South,PROD-0016,"Monitor Stand (Storage)","Office Supplies",7,4141.18,1526.24
ORD-02284,2025-10-12,"Laurie Hoffman",North,PROD-0016,"Monitor Stand (Storage)","Office Supplies",3,1873.39,739.04
ORD-02385,2025-07-19,"Vincent Mueller",East,PROD-0016,"Monitor Stand (Storage)","Office Supplies",1,591.60,238.58
ORD-02425,2025-11-28,"Joseph Hill",Central,PROD-0016,"Monitor Stand (Storage)","Office Supplies",14,7822.23,2112.13
ORD-02552,2023-10-10,"Derek Thomas",Central,PROD-0016,"Monitor Stand (Storage)","Office Supplies",6,3943.98,845.67
ORD-02732,2024-03-07,"Melissa Bryant",South,PROD-0016,"Monitor Stand (Storage)","Office Supplies",7,4141.18,1517.84
ORD-02833,2023-12-04,"Robin Young",Central,PROD-0016,"Monitor Stand (Storage)","Office Supplies",8,4206.91,1892.80
ORD-02849,2024-06-02,"Lauren Keller",Central,PROD-0016,"Monitor Stand (Storage)","Office Supplies",5,2793.65,1209.18
ORD-02976,2024-04-04,"Nicole Parrish",North,PROD-0016,"Monitor Stand (Storage)","Office Supplies",3,1774.79,468.59
ORD-00124,2025-01-19,"Dawn Hensley",West,PROD-0017,"Executive Office Chair (Tables)",Furniture,9,4290.81,754.98
ORD-00156,2025-12-03,"Angel Miller",North,PROD-0017,"Executive Office Chair (Tables)",Furniture,5,2516.22,646.66
ORD-00176,2023-02-23,"Kara Schmidt",South,PROD-0017,"Executive Office Chair (Tables)",Furniture,10,4502.70,905.77
ORD-00177,2023-03-01,"Theresa Clark",Central,PROD-0017,"Executive Office Chair (Tables)",Furniture,3,1589.19,380.12
ORD-00212,2023-07-04,"Cheryl Allen",North,PROD-0017,"Executive Office Chair (Tables)",Furniture,10,4767.57,1420.16
ORD-00321,2024-11-01,"Mrs. Jennifer Morgan",Central,PROD-0017,"Executive Office Chair (Tables)",Furniture,15,7151.36,1671.00
ORD-00353,2024-08-14,"Donald Wright",Central,PROD-0017,"Executive Office Chair (Tables)",Furniture,12,6356.76,1544.24
ORD-00385,2024-09-28,"Daniel Salinas",East,PROD-0017,"Executive Office Chair (Tables)",Furniture,12,6356.76,1642.50
ORD-00393,2024-11-02,"Victoria Valdez",South,PROD-0017,"Executive Office Chair (Tables)",Furniture,14,6674.60,2118.84
ORD-00415,2024-10-15,"Ashley Smith",South,PROD-0017,"Executive Office Chair (Tables)",Furniture,10,4767.57,1040.47
ORD-00500,2025-07-08,"Michael Warner",East,PROD-0017,"Executive Office Chair (Tables)",Furniture,10,5032.43,1385.56
ORD-00532,2023-12-21,"Julie Grant",South,PROD-0017,"Executive Office Chair (Tables)",Furniture,9,4767.57,1445.09
ORD-00555,2024-10-21,"David Cox",West,PROD-0017,"Executive Office Chair (Tables)",Furniture,14,7416.22,1643.12
ORD-00592,2025-01-18,"Anna Henderson",East,PROD-0017,"Executive Office Chair (Tables)",Furniture,9,4052.43,1613.55
ORD-00752,2024-07-17,"Olivia Moore",North,PROD-0017,"Executive Office Chair (Tables)",Furniture,7,3522.70,685.25
ORD-00898,2024-02-26,"Nathan Cortez",East,PROD-0017,"Executive Office Chair (Tables)",Furniture,9,3814.06,912.24
ORD-01071,2023-01-15,"Cynthia Wallace",Central,PROD-0017,"Executive Office Chair (Tables)",Furniture,9,4767.57,1875.70
ORD-01088,2024-05-24,"Kristine Garcia",East,PROD-0017,"Executive Office Chair (Tables)",Furniture,7,2966.49,467.25
ORD-01115,2023-09-23,"Carol Lawson",South,PROD-0017,"Executive Office Chair (Tables)",Furniture,3,1271.35,560.18
ORD-01127,2023-08-05,"John Torres",North,PROD-0017,"Executive Office Chair (Tables)",Furniture,13,5853.52,1621.61
ORD-01142,2023-10-11,"Jordan Edwards",North,PROD-0017,"Executive Office Chair (Tables)",Furniture,5,2648.65,485.00
ORD-01155,2025-03-18,"Donald Wright",Central,PROD-0017,"Executive Office Chair (Tables)",Furniture,3,1589.19,554.86
ORD-01259,2023-10-06,"Ashley James",Central,PROD-0017,"Executive Office Chair (Tables)",Furniture,8,4237.84,1109.64
ORD-01264,2024-07-28,"Jennifer Powers",North,PROD-0017,"Executive Office Chair (Tables)",Furniture,14,7416.22,2582.73
ORD-01437,2024-11-18,"Jeremy Turner",Central,PROD-0017,"Executive Office Chair (Tables)",Furniture,3,1589.19,385.12
ORD-01508,2025-02-08,"Mr. Nathaniel Khan",North,PROD-0017,"Executive Office Chair (Tables)",Furniture,2,1059.46,346.61
ORD-01624,2025-01-14,"Julie Grant",South,PROD-0017,"Executive Office Chair (Tables)",Furniture,11,4952.98,912.76
ORD-01635,2025-08-31,"Seth Booker",West,PROD-0017,"Executive Office Chair (Tables)",Furniture,12,6356.76,1294.18
ORD-01799,2023-08-04,"Julie Grant",South,PROD-0017,"Executive Office Chair (Tables)",Furniture,6,2860.54,787.48
ORD-01891,2023-09-13,"Mark Brennan",North,PROD-0017,"Executive Office Chair (Tables)",Furniture,2,1059.46,185.39
ORD-01964,2024-12-27,"Jennifer Powers",North,PROD-0017,"Executive Office Chair (Tables)",Furniture,6,3178.38,1030.61
ORD-01978,2024-02-26,"Charles Schultz",Central,PROD-0017,"Executive Office Chair (Tables)",Furniture,5,2516.22,514.90
ORD-02025,2025-07-08,"Haley Hartman",East,PROD-0017,"Executive Office Chair (Tables)",Furniture,7,3337.30,860.43
ORD-02062,2025-01-10,"Tracy Phillips",Central,PROD-0017,"Executive Office Chair (Tables)",Furniture,11,4952.98,1223.74
ORD-02097,2025-03-30,"Ms. Teresa Wilson",West,PROD-0017,"Executive Office Chair (Tables)",Furniture,12,5721.08,1211.79
ORD-02111,2023-05-13,"Kara Schmidt",South,PROD-0017,"Executive Office Chair (Tables)",Furniture,11,5827.03,1963.11
ORD-02119,2023-09-16,"Allison Hill",North,PROD-0017,"Executive Office Chair (Tables)",Furniture,9,4052.43,1092.19
ORD-02190,2025-01-28,"Nancy Gonzalez",Central,PROD-0017,"Executive Office Chair (Tables)",Furniture,12,5085.41,1908.38
ORD-02192,2025-08-17,"Robert Montgomery",East,PROD-0017,"Executive Office Chair (Tables)",Furniture,9,4767.57,1750.90
ORD-02212,2025-09-26,"Mr. Philip Cannon",East,PROD-0017,"Executive Office Chair (Tables)",Furniture,1,529.73,237.44
ORD-02346,2023-08-07,"Cameron Fisher",Central,PROD-0017,"Executive Office Chair (Tables)",Furniture,2,1059.46,286.97
ORD-02368,2024-12-24,"Jordan Edwards",North,PROD-0017,"Executive Office Chair (Tables)",Furniture,2,1059.46,419.80
ORD-02370,2025-06-24,"Julia Torres",East,PROD-0017,"Executive Office Chair (Tables)",Furniture,11,5827.03,979.24
ORD-02437,2024-08-31,"Brenda Bailey",Central,PROD-0017,"Executive Office Chair (Tables)",Furniture,4,1907.03,377.33
ORD-02478,2023-01-10,"Kara Schmidt",South,PROD-0017,"Executive Office Chair (Tables)",Furniture,15,7548.65,2752.92
ORD-02560,2024-09-08,"Curtis Johnson",West,PROD-0017,"Executive Office Chair (Tables)",Furniture,5,2648.65,955.63
ORD-02569,2025-04-05,"Justin Baxter",East,PROD-0017,"Executive Office Chair (Tables)",Furniture,11,5827.03,1813.12
ORD-02773,2024-11-06,"Roger Vargas",Central,PROD-0017,"Executive Office Chair (Tables)",Furniture,3,1430.27,412.02
ORD-02781,2023-07-29,"Kerry Smith",North,PROD-0017,"Executive Office Chair (Tables)",Furniture,9,4529.19,962.89
ORD-02811,2025-12-10,"Brenda Snyder PhD",Central,PROD-0017,"Executive Office Chair (Tables)",Furniture,8,4237.84,954.79
ORD-02965,2023-09-10,"Rebecca Jackson",West,PROD-0017,"Executive Office Chair (Tables)",Furniture,2,1006.49,387.00
ORD-00275,2024-08-28,"Allison Smith",South,PROD-0018,"Conference Table (Storage)","Office Supplies",5,3287.76,885.11
ORD-00306,2024-09-12,"James Harmon",East,PROD-0018,"Conference Table (Storage)","Office Supplies",10,6229.44,2628.65
ORD-00462,2024-07-28,"Michael Miles",South,PROD-0018,"Conference Table (Storage)","Office Supplies",15,9344.16,2625.21
ORD-00494,2025-03-15,"Joshua Perry",East,PROD-0018,"Conference Table (Storage)","Office Supplies",6,4152.96,707.58
ORD-00501,2025-11-03,"Casey Stone",Central,PROD-0018,"Conference Table (Storage)","Office Supplies",15,8305.92,2014.08
ORD-00509,2025-10-21,"Christopher Collins",Central,PROD-0018,"Conference Table (Storage)","Office Supplies",3,2076.48,312.90
ORD-00550,2024-07-29,"Roger Vargas",Central,PROD-0018,"Conference Table (Storage)","Office Supplies",10,6229.44,2488.58
ORD-00572,2024-04-24,"Grant Watts",West,PROD-0018,"Conference Table (Storage)","Office Supplies",7,4118.35,1740.58
ORD-00627,2025-05-09,"Denise King",South,PROD-0018,"Conference Table (Storage)","Office Supplies",8,5537.28,876.18
ORD-00672,2023-07-04,"Joseph Hill",Central,PROD-0018,"Conference Table (Storage)","Office Supplies",1,692.16,186.54
ORD-00751,2023-01-18,"James Harmon",East,PROD-0018,"Conference Table (Storage)","Office Supplies",4,2768.64,740.60
ORD-00807,2023-07-04,"Justin Baxter",East,PROD-0018,"Conference Table (Storage)","Office Supplies",13,8098.27,3461.89
ORD-00876,2024-02-07,"Jordan Edwards",North,PROD-0018,"Conference Table (Storage)","Office Supplies",13,7648.37,1229.19
ORD-00916,2025-11-15,"Eric Byrd",North,PROD-0018,"Conference Table (Storage)","Office Supplies",3,2076.48,819.80
ORD-00920,2023-05-18,"Dwayne Payne",South,PROD-0018,"Conference Table (Storage)","Office Supplies",5,3460.80,1352.39
ORD-00939,2023-12-06,"Robert Costa",South,PROD-0018,"Conference Table (Storage)","Office Supplies",13,8098.27,3303.19
ORD-00972,2025-12-05,"Austin Smith",West,PROD-0018,"Conference Table (Storage)","Office Supplies",7,4845.12,908.72
ORD-01001,2024-12-13,"Nancy Gonzalez",Central,PROD-0018,"Conference Table (Storage)","Office Supplies",6,3322.37,1219.47
ORD-01140,2024-07-19,"Lori Guerrero",East,PROD-0018,"Conference Table (Storage)","Office Supplies",15,9344.16,2771.65
ORD-01173,2023-02-07,"Connor Greene",West,PROD-0018,"Conference Table (Storage)","Office Supplies",7,4360.61,777.01
ORD-01253,2024-03-10,"Crystal Whitehead",North,PROD-0018,"Conference Table (Storage)","Office Supplies",1,588.34,229.24
ORD-01329,2023-01-16,"James Howard",West,PROD-0018,"Conference Table (Storage)","Office Supplies",10,6575.52,1288.53
ORD-01460,2023-04-23,"Haley Hartman",East,PROD-0018,"Conference Table (Storage)","Office Supplies",9,5295.02,1804.56
ORD-01492,2025-06-24,"Robert Carter",North,PROD-0018,"Conference Table (Storage)","Office Supplies",6,3530.02,1469.57
ORD-01597,2023-07-24,"Cheryl Allen",North,PROD-0018,"Conference Table (Storage)","Office Supplies",12,7060.03,2740.90
ORD-01738,2025-03-13,"Tony Saunders",East,PROD-0018,"Conference Table (Storage)","Office Supplies",1,692.16,309.84
ORD-01779,2023-11-06,"Casey Stone",Central,PROD-0018,"Conference Table (Storage)","Office Supplies",15,9344.16,4042.82
ORD-01793,2023-04-08,"Nancy Gonzalez",Central,PROD-0018,"Conference Table (Storage)","Office Supplies",13,7648.37,1281.84
ORD-01802,2025-09-02,"Lori Hill",West,PROD-0018,"Conference Table (Storage)","Office Supplies",4,2630.21,1121.99
ORD-01937,2025-11-08,"Nicole Parrish",North,PROD-0018,"Conference Table (Storage)","Office Supplies",6,3945.31,1161.23
ORD-02004,2024-07-13,"Thomas Jones",North,PROD-0018,"Conference Table (Storage)","Office Supplies",3,1972.66,675.78
ORD-02093,2024-05-24,"Alexis Herrera",South,PROD-0018,"Conference Table (Storage)","Office Supplies",6,3945.31,1043.51
ORD-02141,2023-07-16,"Sierra Johnson",East,PROD-0018,"Conference Table (Storage)","Office Supplies",6,3945.31,1562.78
ORD-02198,2025-05-18,"Destiny Riggs",South,PROD-0018,"Conference Table (Storage)","Office Supplies",11,6852.38,1166.74
ORD-02334,2023-01-28,"Patrick Fox",Central,PROD-0018,"Conference Table (Storage)","Office Supplies",5,3460.80,1395.51
ORD-02376,2023-04-27,"Mr. Philip Cannon",East,PROD-0018,"Conference Table (Storage)","Office Supplies",12,6644.74,2502.11
ORD-02451,2025-11-14,"Haley Hartman",East,PROD-0018,"Conference Table (Storage)","Office Supplies",13,8998.08,3465.23
ORD-02506,2023-07-29,"Casey Stone",Central,PROD-0018,"Conference Table (Storage)","Office Supplies",3,1972.66,369.17
ORD-02584,2025-06-18,"Julia Torres",East,PROD-0018,"Conference Table (Storage)","Office Supplies",14,8236.70,2181.51
ORD-02653,2024-10-15,"James Harmon",East,PROD-0018,"Conference Table (Storage)","Office Supplies",12,7475.33,2234.87
ORD-02692,2023-10-21,"Mr. Philip Cannon",East,PROD-0018,"Conference Table (Storage)","Office Supplies",1,692.16,185.44
ORD-02859,2025-01-20,"David Cox",West,PROD-0018,"Conference Table (Storage)","Office Supplies",9,6229.44,1045.53
ORD-02873,2024-01-21,"Michael Martinez",East,PROD-0018,"Conference Table (Storage)","Office Supplies",5,3460.80,1373.48
ORD-02888,2025-07-23,"John Hernandez",East,PROD-0018,"Conference Table (Storage)","Office Supplies",10,6229.44,1505.35
ORD-02934,2025-12-31,"Joshua Perry",East,PROD-0018,"Conference Table (Storage)","Office Supplies",2,1384.32,321.11
ORD-02978,2025-08-24,"Casey Stone",Central,PROD-0018,"Conference Table (Storage)","Office Supplies",11,7613.76,1252.05
ORD-00051,2024-08-31,"Belinda Miller",East,PROD-0019,"USB Hub (Storage)","Office Supplies",14,5165.75,790.31
ORD-00092,2025-04-21,"Grant Watts",West,PROD-0019,"USB Hub (Storage)","Office Supplies",1,409.98,92.90
ORD-00119,2024-12-22,"Sharon James",North,PROD-0019,"USB Hub (Storage)","Office Supplies",4,1393.93,547.76
ORD-00151,2025-01-03,"Nancy Gonzalez",Central,PROD-0019,"USB Hub (Storage)","Office Supplies",13,4263.79,1614.36
ORD-00211,2024-08-10,"Jesse Perry",North,PROD-0019,"USB Hub (Storage)","Office Supplies",2,696.97,132.93
ORD-00272,2025-11-29,"Robin Young",Central,PROD-0019,"USB Hub (Storage)","Office Supplies",5,1639.92,697.32
ORD-00345,2023-08-14,"Anna Gay",Central,PROD-0019,"USB Hub (Storage)","Office Supplies",4,1639.92,520.98
ORD-00383,2023-05-08,"Lori Guerrero",East,PROD-0019,"USB Hub (Storage)","Office Supplies",11,4509.78,1399.75
ORD-00409,2023-08-20,"Denise King",South,PROD-0019,"USB Hub (Storage)","Office Supplies",1,327.98,82.63
ORD-00515,2023-08-24,"Nicholas Sheppard",East,PROD-0019,"USB Hub (Storage)","Office Supplies",1,327.98,113.83
ORD-00543,2025-05-20,"Thomas Jones",North,PROD-0019,"USB Hub (Storage)","Office Supplies",2,696.97,140.08
ORD-00571,2023-12-05,"Vincent Dalton",North,PROD-0019,"USB Hub (Storage)","Office Supplies",1,389.48,102.17
ORD-00576,2023-09-28,"Marie Christian",West,PROD-0019,"USB Hub (Storage)","Office Supplies",8,3279.84,1250.66
ORD-00578,2023-10-08,"Andrea Davis",East,PROD-0019,"USB Hub (Storage)","Office Supplies",7,2295.89,472.93
ORD-00623,2023-11-05,"Denise King",South,PROD-0019,"USB Hub (Storage)","Office Supplies",1,389.48,172.47
ORD-00633,2025-03-15,"Laura Mckinney",South,PROD-0019,"USB Hub (Storage)","Office Supplies",12,3935.81,902.85
ORD-00698,2025-09-15,"Angela Hernandez",West,PROD-0019,"USB Hub (Storage)","Office Supplies",12,4919.76,1577.29
ORD-00786,2023-12-09,"Gina French",Central,PROD-0019,"USB Hub (Storage)","Office Supplies",2,655.97,286.19
ORD-00810,2023-12-24,"Crystal Little",East,PROD-0019,"USB Hub (Storage)","Office Supplies",14,5739.72,1115.37
ORD-00813,2023-12-16,"Mark Brennan",North,PROD-0019,"USB Hub (Storage)","Office Supplies",6,2459.88,446.82
ORD-00867,2024-08-27,"Marie Christian",West,PROD-0019,"USB Hub (Storage)","Office Supplies",4,1311.94,377.38
ORD-00881,2023-03-23,"Kelsey Parker",Central,PROD-0019,"USB Hub (Storage)","Office Supplies",3,1229.94,333.23
ORD-00899,2025-06-10,"Michelle James",West,PROD-0019,"USB Hub (Storage)","Office Supplies",11,3607.82,606.38
ORD-00903,2025-04-14,"Mrs. Jennifer Morgan",Central,PROD-0019,"USB Hub (Storage)","Office Supplies",7,2726.37,711.40
ORD-00994,2023-12-25,"Christian Martinez",East,PROD-0019,"USB Hub (Storage)","Office Supplies",11,4284.29,1363.73
ORD-01024,2023-03-08,"Scott Branch",West,PROD-0019,"USB Hub (Storage)","Office Supplies",9,3689.82,1224.60
ORD-01028,2024-06-15,"Patrick Ryan",South,PROD-0019,"USB Hub (Storage)","Office Supplies",3,1106.95,410.84
ORD-01031,2025-01-17,"Anna Henderson",East,PROD-0019,"USB Hub (Storage)","Office Supplies",14,5452.73,1996.31
ORD-01065,2024-12-12,"Cheryl Williams",South,PROD-0019,"USB Hub (Storage)","Office Supplies",8,2951.86,1127.20
ORD-01080,2023-02-15,"April Booth",North,PROD-0019,"USB Hub (Storage)","Office Supplies",3,1229.94,449.38
ORD-01104,2025-09-20,"Christopher Schwartz",North,PROD-0019,"USB Hub (Storage)","Office Supplies",12,4673.77,1319.37
ORD-01118,2024-06-08,"Melissa Gates",North,PROD-0019,"USB Hub (Storage)","Office Supplies",1,409.98,157.34
ORD-01134,2024-03-14,"Laurie Hoffman",North,PROD-0019,"USB Hub (Storage)","Office Supplies",7,2295.89,654.16
ORD-01151,2024-09-16,"Connor Greene",West,PROD-0019,"USB Hub (Storage)","Office Supplies",9,3689.82,1306.95
ORD-01261,2023-04-25,"Charles Schultz",Central,PROD-0019,"USB Hub (Storage)","Office Supplies",14,5165.75,1860.69
ORD-01299,2024-12-14,"Theresa Clark",Central,PROD-0019,"USB Hub (Storage)","Office Supplies",10,3689.82,1519.40
ORD-01338,2023-01-23,"Nathan Cortez",East,PROD-0019,"USB Hub (Storage)","Office Supplies",8,3115.85,922.92
ORD-01357,2023-10-25,"Scott Cole",North,PROD-0019,"USB Hub (Storage)","Office Supplies",9,2951.86,943.35
ORD-01407,2023-10-09,"Kimberly Gibson",West,PROD-0019,"USB Hub (Storage)","Office Supplies",6,1967.90,316.03
ORD-01470,2025-07-14,"John Torres",North,PROD-0019,"USB Hub (Storage)","Office Supplies",10,4099.80,861.08
ORD-01481,2024-06-16,"Kelsey Parker",Central,PROD-0019,"USB Hub (Storage)","Office Supplies",4,1557.92,527.25
ORD-01512,2024-09-14,"Robert Costa",South,PROD-0019,"USB Hub (Storage)","Office Supplies",8,2951.86,673.15
ORD-01522,2023-04-19,"Kimberly Gibson",West,PROD-0019,"USB Hub (Storage)","Office Supplies",5,2049.90,664.47
ORD-01542,2025-11-17,"Matthew Williams",South,PROD-0019,"USB Hub (Storage)","Office Supplies",10,4099.80,1267.97
ORD-01610,2025-08-15,"Alison Buchanan",Central,PROD-0019,"USB Hub (Storage)","Office Supplies",5,1742.42,505.62
ORD-01702,2025-02-20,"Christian Martinez",East,PROD-0019,"USB Hub (Storage)","Office Supplies",2,778.96,290.90
ORD-01731,2023-01-29,"Mr. Donald Fischer",Central,PROD-0019,"USB Hub (Storage)","Office Supplies",4,1639.92,336.53
ORD-01736,2025-06-30,"Julie Grant",South,PROD-0019,"USB Hub (Storage)","Office Supplies",8,3115.85,1383.79
ORD-01794,2024-09-02,"Sandra Parker",West,PROD-0019,"USB Hub (Storage)","Office Supplies",10,3484.83,1562.72
ORD-01908,2023-10-24,"Reginald Williams",West,PROD-0019,"USB Hub (Storage)","Office Supplies",1,409.98,122.12
ORD-01943,2023-06-23,"Barry Welch",West,PROD-0019,"USB Hub (Storage)","Office Supplies",3,983.95,417.97
ORD-01955,2024-12-10,"Tracy Phillips",Central,PROD-0019,"USB Hub (Storage)","Office Supplies",13,5063.25,841.79
ORD-01958,2024-03-05,"Alexis Herrera",South,PROD-0019,"USB Hub (Storage)","Office Supplies",8,3279.84,968.38
ORD-02007,2023-07-30,"Angie Henderson",East,PROD-0019,"USB Hub (Storage)","Office Supplies",7,2439.38,872.08
ORD-02268,2024-07-03,"George Shelton",Central,PROD-0019,"USB Hub (Storage)","Office Supplies",9,3689.82,1471.01
ORD-02289,2025-04-04,"Jennifer Powers",North,PROD-0019,"USB Hub (Storage)","Office Supplies",2,696.97,203.49
ORD-02300,2023-10-18,"Suzanne Walker",South,PROD-0019,"USB Hub (Storage)","Office Supplies",1,409.98,181.54
ORD-02311,2023-10-28,"Jeremy Turner",Central,PROD-0019,"USB Hub (Storage)","Office Supplies",6,2459.88,818.70
ORD-02324,2023-10-13,"Anna Lozano",West,PROD-0019,"USB Hub (Storage)","Office Supplies",5,1947.40,792.12
ORD-02435,2025-02-22,"Kimberly Smith",North,PROD-0019,"USB Hub (Storage)","Office Supplies",1,348.48,80.06
ORD-02456,2025-10-12,"Angie Henderson",East,PROD-0019,"USB Hub (Storage)","Office Supplies",7,2582.87,429.01
ORD-02472,2023-06-03,"Kristine Garcia",East,PROD-0019,"USB Hub (Storage)","Office Supplies",10,3484.83,1127.26
ORD-02628,2023-03-03,"Walter Rush",West,PROD-0019,"USB Hub (Storage)","Office Supplies",1,409.98,132.66
ORD-02675,2025-01-10,"Victoria Valdez",South,PROD-0019,"USB Hub (Storage)","Office Supplies",5,1742.42,653.14
ORD-02823,2024-04-07,"Lori Guerrero",East,PROD-0019,"USB Hub (Storage)","Office Supplies",6,2090.90,932.04
ORD-02887,2024-01-17,"Christopher Schwartz",North,PROD-0019,"USB Hub (Storage)","Office Supplies",13,5329.74,1696.44
ORD-02918,2023-01-26,"Tony Saunders",East,PROD-0019,"USB Hub (Storage)","Office Supplies",3,1229.94,505.97
ORD-02957,2025-03-09,"Jeremy Lowe",East,PROD-0019,"USB Hub (Storage)","Office Supplies",5,1947.40,857.48
ORD-00065,2023-02-12,"Christian Martinez",East,PROD-0020,"Executive Office Chair (Machines)",Technology,13,1068.54,217.53
ORD-00079,2024-05-05,"Mr. Donald Fischer",Central,PROD-0020,"Executive Office Chair (Machines)",Technology,12,1160.40,414.00
ORD-00084,2025-02-24,"Kim Brown",East,PROD-0020,"Executive Office Chair (Machines)",Technology,4,348.12,103.58
ORD-00168,2023-07-06,"Charles Schultz",Central,PROD-0020,"Executive Office Chair (Machines)",Technology,14,1353.80,571.35
ORD-00202,2025-11-10,"Destiny Riggs",South,PROD-0020,"Executive Office Chair (Machines)",Technology,4,309.44,106.81
ORD-00386,2025-01-22,"Angie Henderson",East,PROD-0020,"Executive Office Chair (Machines)",Technology,10,967.00,371.58
ORD-00473,2023-06-25,"Lori Garcia",East,PROD-0020,"Executive Office Chair (Machines)",Technology,13,1131.39,408.87
ORD-00545,2024-06-22,"Darrell Patterson",North,PROD-0020,"Executive Office Chair (Machines)",Technology,6,464.16,95.14
ORD-00658,2024-05-25,"Jesse Perry",North,PROD-0020,"Executive Office Chair (Machines)",Technology,11,850.96,244.14
ORD-00706,2024-08-20,"Melanie Taylor",South,PROD-0020,"Executive Office Chair (Machines)",Technology,2,183.73,36.17
ORD-00779,2023-11-21,"Donald Wright",Central,PROD-0020,"Executive Office Chair (Machines)",Technology,8,618.88,136.73
ORD-00808,2023-07-27,"Mr. Philip Cannon",East,PROD-0020,"Executive Office Chair (Machines)",Technology,15,1450.50,372.34
ORD-00872,2024-10-02,"James Mayo",Central,PROD-0020,"Executive Office Chair (Machines)",Technology,9,870.30,388.25
ORD-00965,2025-07-17,"Destiny Riggs",South,PROD-0020,"Executive Office Chair (Machines)",Technology,10,870.30,373.66
ORD-00987,2024-04-15,"Darrell Patterson",North,PROD-0020,"Executive Office Chair (Machines)",Technology,8,618.88,148.66
ORD-01616,2023-11-25,"Ms. Susan Vargas",East,PROD-0020,"Executive Office Chair (Machines)",Technology,5,410.98,110.81
ORD-01639,2024-04-29,"George Shelton",Central,PROD-0020,"Executive Office Chair (Machines)",Technology,14,1286.11,428.86
ORD-01707,2023-07-16,"Michael Warner",East,PROD-0020,"Executive Office Chair (Machines)",Technology,14,1353.80,401.00
ORD-01772,2025-04-29,"Rita Adams",South,PROD-0020,"Executive Office Chair (Machines)",Technology,6,493.17,123.54
ORD-01843,2024-04-23,"Amy Hernandez",South,PROD-0020,"Executive Office Chair (Machines)",Technology,15,1450.50,535.60
ORD-01871,2025-03-22,"Jacob Anderson",West,PROD-0020,"Executive Office Chair (Machines)",Technology,2,154.72,56.75
ORD-01981,2024-02-18,"Scott Cole",North,PROD-0020,"Executive Office Chair (Machines)",Technology,1,96.70,30.58
ORD-02088,2024-10-07,"Lori Garcia",East,PROD-0020,"Executive Office Chair (Machines)",Technology,14,1353.80,227.04
ORD-02131,2023-11-23,"Mr. Philip Cannon",East,PROD-0020,"Executive Office Chair (Machines)",Technology,1,87.03,28.92
ORD-02209,2024-03-12,"April Booth",North,PROD-0020,"Executive Office Chair (Machines)",Technology,1,82.20,21.43
ORD-02420,2025-08-08,"John Torres",North,PROD-0020,"Executive Office Chair (Machines)",Technology,7,541.52,138.92
ORD-02486,2023-01-22,"Kathleen Ramos",North,PROD-0020,"Executive Office Chair (Machines)",Technology,3,290.10,44.08
ORD-02521,2024-12-12,"Angel Miller",North,PROD-0020,"Executive Office Chair (Machines)",Technology,11,1063.70,253.42
ORD-02550,2023-09-10,"Vincent Mueller",East,PROD-0020,"Executive Office Chair (Machines)",Technology,1,91.86,32.91
ORD-02668,2025-06-07,"Laura Mckinney",South,PROD-0020,"Executive Office Chair (Machines)",Technology,14,1286.11,276.79
ORD-02911,2025-10-20,"Lori Garcia",East,PROD-0020,"Executive Office Chair (Machines)",Technology,4,386.80,149.55
ORD-02923,2024-11-17,"Brittney Webster",West,PROD-0020,"Executive Office Chair (Machines)",Technology,14,1218.42,193.08
ORD-02996,2024-11-26,"Michael Martinez",East,PROD-0020,"Executive Office Chair (Machines)",Technology,3,290.10,61.31
ORD-00041,2024-02-02,"Kyle Mcdonald",North,PROD-0021,"Task Chair (Paper)","Office Supplies",5,3851.05,1316.04
ORD-00102,2024-04-25,"Phillip Dorsey",South,PROD-0021,"Task Chair (Paper)","Office Supplies",11,7201.46,1251.05
ORD-00127,2025-08-17,"Julie Grant",South,PROD-0021,"Task Chair (Paper)","Office Supplies",2,1540.42,344.68
ORD-00167,2025-02-05,"Kerry Smith",North,PROD-0021,"Task Chair (Paper)","Office Supplies",3,1964.04,339.98
ORD-00249,2025-08-18,"Sarah Curtis",Central,PROD-0021,"Task Chair (Paper)","Office Supplies",8,5545.51,2486.74
ORD-00458,2023-06-19,"Samantha Pollard",South,PROD-0021,"Task Chair (Paper)","Office Supplies",8,4929.34,1576.54
ORD-00604,2025-11-25,"Michael Martinez",East,PROD-0021,"Task Chair (Paper)","Office Supplies",13,8010.18,1872.54
ORD-00637,2023-09-05,"Shawn Baker",South,PROD-0021,"Task Chair (Paper)","Office Supplies",9,6931.89,1113.33
ORD-00687,2023-10-16,"Crystal Whitehead",North,PROD-0021,"Task Chair (Paper)","Office Supplies",6,3928.07,1675.94
ORD-00724,2025-05-09,"Michael Evans",South,PROD-0021,"Task Chair (Paper)","Office Supplies",2,1463.40,592.83
ORD-00735,2025-05-03,"Sandra Parker",West,PROD-0021,"Task Chair (Paper)","Office Supplies",10,6546.78,2770.69
ORD-00756,2024-09-03,"Joseph Hill",Central,PROD-0021,"Task Chair (Paper)","Office Supplies",11,8472.31,2588.11
ORD-00930,2023-06-17,"Daniel Salinas",East,PROD-0021,"Task Chair (Paper)","Office Supplies",14,10782.94,2074.49
ORD-00952,2023-06-07,"Joshua Mata",North,PROD-0021,"Task Chair (Paper)","Office Supplies",9,5892.11,2155.08
ORD-00962,2025-09-13,"Crystal Little",East,PROD-0021,"Task Chair (Paper)","Office Supplies",3,2310.63,464.18
ORD-01011,2025-04-24,"Jake Campbell",Central,PROD-0021,"Task Chair (Paper)","Office Supplies",6,4159.13,1203.25
ORD-01023,2023-09-20,"Jennifer Powers",North,PROD-0021,"Task Chair (Paper)","Office Supplies",1,693.19,145.72
ORD-01193,2025-12-08,"Jeremy Turner",Central,PROD-0021,"Task Chair (Paper)","Office Supplies",15,11553.15,3708.34
ORD-01196,2024-01-13,"Nicholas Sheppard",East,PROD-0021,"Task Chair (Paper)","Office Supplies",6,3697.01,688.05
ORD-01257,2023-12-26,"Julie Spencer",North,PROD-0021,"Task Chair (Paper)","Office Supplies",4,3080.84,615.71
ORD-01270,2025-12-11,"Victoria Valdez",South,PROD-0021,"Task Chair (Paper)","Office Supplies",5,3851.05,1603.31
ORD-01333,2023-06-13,"Carol Lawson",South,PROD-0021,"Task Chair (Paper)","Office Supplies",3,1964.04,452.93
ORD-01446,2023-11-02,"Stephen Johnston",North,PROD-0021,"Task Chair (Paper)","Office Supplies",15,10397.84,1877.06
ORD-01625,2023-10-15,"Crystal Little",East,PROD-0021,"Task Chair (Paper)","Office Supplies",4,3080.84,858.65
ORD-01703,2025-03-27,"James Mayo",Central,PROD-0021,"Task Chair (Paper)","Office Supplies",2,1540.42,299.30
ORD-01749,2025-05-03,"Diane Garcia",West,PROD-0021,"Task Chair (Paper)","Office Supplies",14,9165.50,2330.33
ORD-01750,2025-08-25,"Melissa Gates",North,PROD-0021,"Task Chair (Paper)","Office Supplies",13,8010.18,3215.22
ORD-01828,2025-10-26,"Kevin Mills",East,PROD-0021,"Task Chair (Paper)","Office Supplies",15,11553.15,4782.02
ORD-01852,2025-11-11,"Jacob Anderson",West,PROD-0021,"Task Chair (Paper)","Office Supplies",5,3851.05,1546.49
ORD-01986,2025-03-11,"Christopher Lewis",North,PROD-0021,"Task Chair (Paper)","Office Supplies",10,6161.68,1275.50
ORD-01991,2023-05-17,"Diane Garcia",West,PROD-0021,"Task Chair (Paper)","Office Supplies",12,7856.14,1832.66
ORD-02003,2023-12-11,"Kimberly Smith",North,PROD-0021,"Task Chair (Paper)","Office Supplies",2,1309.36,289.27
ORD-02069,2025-02-22,"Noah Brown",North,PROD-0021,"Task Chair (Paper)","Office Supplies",10,7702.10,1770.10
ORD-02100,2023-10-21,"Joshua Perry",East,PROD-0021,"Task Chair (Paper)","Office Supplies",14,9704.65,1816.03
ORD-02128,2024-03-07,"Shannon Ray",North,PROD-0021,"Task Chair (Paper)","Office Supplies",14,9165.50,1555.11
ORD-02175,2023-12-02,"Kyle Preston",South,PROD-0021,"Task Chair (Paper)","Office Supplies",7,4313.18,1742.32
ORD-02292,2023-03-31,"Phillip Dorsey",South,PROD-0021,"Task Chair (Paper)","Office Supplies",3,2310.63,505.95
ORD-02345,2024-11-18,"Sherry Wood",North,PROD-0021,"Task Chair (Paper)","Office Supplies",1,770.21,281.39
ORD-02436,2025-01-03,"Sean Rasmussen",West,PROD-0021,"Task Chair (Paper)","Office Supplies",3,2310.63,587.46
ORD-02544,2024-12-04,"Donald Wright",Central,PROD-0021,"Task Chair (Paper)","Office Supplies",14,9704.65,4009.10
ORD-02617,2025-12-17,"David Cox",West,PROD-0021,"Task Chair (Paper)","Office Supplies",8,6161.68,1234.06
ORD-02629,2024-11-16,"Sara Johnston",East,PROD-0021,"Task Chair (Paper)","Office Supplies",15,9242.52,3994.45
ORD-02710,2023-10-10,"Richard Romero",East,PROD-0021,"Task Chair (Paper)","Office Supplies",10,7702.10,1627.02
ORD-02713,2024-02-10,"Reginald Williams",West,PROD-0021,"Task Chair (Paper)","Office Supplies",15,11553.15,2161.34
ORD-02744,2023-10-08,"John Hernandez",East,PROD-0021,"Task Chair (Paper)","Office Supplies",5,3273.39,816.34
ORD-02753,2025-10-14,"Lori Hill",West,PROD-0021,"Task Chair (Paper)","Office Supplies",5,3851.05,1503.56
ORD-02805,2025-09-27,"Amy Hernandez",South,PROD-0021,"Task Chair (Paper)","Office Supplies",9,6585.30,2344.99
ORD-02836,2024-05-08,"Robin Young",Central,PROD-0021,"Task Chair (Paper)","Office Supplies",9,6585.30,2217.98
ORD-02843,2024-12-09,"Diane Garcia",West,PROD-0021,"Task Chair (Paper)","Office Supplies",12,8780.39,3388.05
ORD-02857,2024-02-02,"Justin Baxter",East,PROD-0021,"Task Chair (Paper)","Office Supplies",11,7625.08,1744.34
ORD-02860,2025-05-02,"Nancy Gonzalez",Central,PROD-0021,"Task Chair (Paper)","Office Supplies",14,9165.50,2283.20
ORD-02865,2024-11-30,"Teresa Rodriguez",West,PROD-0021,"Task Chair (Paper)","Office Supplies",8,5545.51,1104.49
ORD-02901,2025-02-05,"Brenda Snyder PhD",Central,PROD-0021,"Task Chair (Paper)","Office Supplies",1,731.70,294.29
ORD-02908,2024-03-30,"Allison Hill",North,PROD-0021,"Task Chair (Paper)","Office Supplies",15,10397.84,4123.28
ORD-02910,2025-03-26,"Jesse Perry",North,PROD-0021,"Task Chair (Paper)","Office Supplies",15,11553.15,2961.38
ORD-02949,2024-02-29,"Noah Brown",North,PROD-0021,"Task Chair (Paper)","Office Supplies",1,616.17,200.69
ORD-02950,2024-07-16,"Victoria Valdez",South,PROD-0021,"Task Chair (Paper)","Office Supplies",5,3658.50,988.81
ORD-00126,2024-08-27,"Roger Vargas",Central,PROD-0022,"Laser Printer (Binders)","Office Supplies",12,4600.99,1602.92
ORD-00205,2023-06-04,"Paul Hudson",North,PROD-0022,"Laser Printer (Binders)","Office Supplies",3,1150.25,300.92
ORD-00240,2023-04-17,"David Murphy",East,PROD-0022,"Laser Printer (Binders)","Office Supplies",11,5008.37,940.40
ORD-00250,2023-02-08,"Deborah Figueroa",Central,PROD-0022,"Laser Printer (Binders)","Office Supplies",5,2396.35,478.10
ORD-00261,2024-12-07,"Kerry Smith",North,PROD-0022,"Laser Printer (Binders)","Office Supplies",4,1629.52,412.05
ORD-00360,2024-07-10,"Grant Watts",West,PROD-0022,"Laser Printer (Binders)","Office Supplies",3,1437.81,381.45
ORD-00372,2024-11-17,"Christopher Collins",Central,PROD-0022,"Laser Printer (Binders)","Office Supplies",5,2276.53,348.92
ORD-00402,2025-05-10,"Tony Saunders",East,PROD-0022,"Laser Printer (Binders)","Office Supplies",6,2731.84,861.73
ORD-00608,2023-06-07,"Tony Saunders",East,PROD-0022,"Laser Printer (Binders)","Office Supplies",8,3642.45,1080.95
ORD-00638,2025-07-14,"Belinda Miller",East,PROD-0022,"Laser Printer (Binders)","Office Supplies",5,2276.53,843.45
ORD-00794,2023-04-10,"Belinda Mccullough",East,PROD-0022,"Laser Printer (Binders)","Office Supplies",10,4792.70,1204.93
ORD-00812,2023-04-04,"Jesse Brown",South,PROD-0022,"Laser Printer (Binders)","Office Supplies",1,383.42,156.62
ORD-00943,2024-02-28,"James Harmon",East,PROD-0022,"Laser Printer (Binders)","Office Supplies",9,3450.74,1178.86
ORD-00947,2023-12-23,"Kara Schmidt",South,PROD-0022,"Laser Printer (Binders)","Office Supplies",7,2851.66,959.43
ORD-00991,2025-06-10,"Julia Torres",East,PROD-0022,"Laser Printer (Binders)","Office Supplies",2,958.54,355.69
ORD-01002,2024-02-03,"Mr. Donald Fischer",Central,PROD-0022,"Laser Printer (Binders)","Office Supplies",8,3642.45,1010.88
ORD-01068,2023-10-07,"Robert Carter",North,PROD-0022,"Laser Printer (Binders)","Office Supplies",6,2875.62,889.26
ORD-01116,2025-09-21,"John Hamilton",South,PROD-0022,"Laser Printer (Binders)","Office Supplies",4,1917.08,844.39
ORD-01119,2023-05-26,"Destiny Riggs",South,PROD-0022,"Laser Printer (Binders)","Office Supplies",1,479.27,121.39
ORD-01160,2024-05-19,"Carol Lawson",South,PROD-0022,"Laser Printer (Binders)","Office Supplies",4,1917.08,709.56
ORD-01273,2023-11-12,"Kathleen Ramos",North,PROD-0022,"Laser Printer (Binders)","Office Supplies",4,1917.08,331.48
ORD-01320,2024-10-13,"Mrs. Jennifer Morgan",Central,PROD-0022,"Laser Printer (Binders)","Office Supplies",12,5463.68,1793.13
ORD-01321,2024-03-08,"Brent Jordan",East,PROD-0022,"Laser Printer (Binders)","Office Supplies",11,5271.97,1621.33
ORD-01354,2023-04-18,"Laura Mckinney",South,PROD-0022,"Laser Printer (Binders)","Office Supplies",3,1365.92,451.27
ORD-01403,2023-07-19,"Stephanie Dalton",South,PROD-0022,"Laser Printer (Binders)","Office Supplies",8,3450.74,1376.13
ORD-01566,2023-09-09,"Rita Adams",South,PROD-0022,"Laser Printer (Binders)","Office Supplies",4,1533.66,494.74
ORD-01677,2025-10-06,"Kerry Smith",North,PROD-0022,"Laser Printer (Binders)","Office Supplies",15,7189.05,1341.70
ORD-01853,2023-05-24,"Dr. Steven Martin",South,PROD-0022,"Laser Printer (Binders)","Office Supplies",5,2396.35,794.17
ORD-01855,2024-03-07,"Michelle James",West,PROD-0022,"Laser Printer (Binders)","Office Supplies",10,4313.43,702.12
ORD-01896,2025-04-21,"John Hernandez",East,PROD-0022,"Laser Printer (Binders)","Office Supplies",4,1533.66,414.28
ORD-01936,2023-05-13,"Amanda Patel",Central,PROD-0022,"Laser Printer (Binders)","Office Supplies",3,1294.03,431.64
ORD-01941,2024-04-25,"Laura Mckinney",South,PROD-0022,"Laser Printer (Binders)","Office Supplies",7,3354.89,1201.72
ORD-02022,2025-03-06,"Derek Thomas",Central,PROD-0022,"Laser Printer (Binders)","Office Supplies",11,4217.58,1020.16
ORD-02027,2023-02-13,"Vincent Dalton",North,PROD-0022,"Laser Printer (Binders)","Office Supplies",10,3834.16,693.85
ORD-02036,2024-05-23,"Theresa Clark",Central,PROD-0022,"Laser Printer (Binders)","Office Supplies",13,5295.93,1276.94
ORD-02054,2025-02-05,"Nathan Cortez",East,PROD-0022,"Laser Printer (Binders)","Office Supplies",8,3642.45,627.57
ORD-02076,2023-10-03,"Robert Robinson",East,PROD-0022,"Laser Printer (Binders)","Office Supplies",4,1821.23,720.12
ORD-02256,2024-06-01,"Cameron Fisher",Central,PROD-0022,"Laser Printer (Binders)","Office Supplies",15,5751.24,1115.56
ORD-02262,2025-03-25,"Marie Moody",West,PROD-0022,"Laser Printer (Binders)","Office Supplies",8,3259.04,945.97
ORD-02265,2023-01-08,"Tony Saunders",East,PROD-0022,"Laser Printer (Binders)","Office Supplies",3,1294.03,497.76
ORD-02293,2023-10-20,"Angie Henderson",East,PROD-0022,"Laser Printer (Binders)","Office Supplies",11,4744.77,2115.93
ORD-02312,2025-09-06,"Anna Lozano",West,PROD-0022,"Laser Printer (Binders)","Office Supplies",14,6709.78,2791.61
ORD-02361,2025-01-07,"Andrea Davis",East,PROD-0022,"Laser Printer (Binders)","Office Supplies",10,3834.16,643.98
ORD-02409,2024-12-22,"Mary Thompson",North,PROD-0022,"Laser Printer (Binders)","Office Supplies",14,6038.80,1945.97
ORD-02417,2023-03-08,"Michael Warner",East,PROD-0022,"Laser Printer (Binders)","Office Supplies",11,5271.97,1025.34
ORD-02450,2024-01-30,"Amy Hernandez",South,PROD-0022,"Laser Printer (Binders)","Office Supplies",10,4792.70,1386.11
ORD-02540,2025-02-12,"Teresa Rodriguez",West,PROD-0022,"Laser Printer (Binders)","Office Supplies",11,5271.97,845.43
ORD-02599,2024-09-12,"Sherry Wood",North,PROD-0022,"Laser Printer (Binders)","Office Supplies",15,6829.60,2933.57
ORD-02657,2023-09-09,"Jeremy Turner",Central,PROD-0022,"Laser Printer (Binders)","Office Supplies",6,2444.28,501.29
ORD-02818,2023-10-05,"Stephen Potter",West,PROD-0022,"Laser Printer (Binders)","Office Supplies",3,1294.03,304.71
ORD-02994,2024-06-21,"Crystal Little",East,PROD-0022,"Laser Printer (Binders)","Office Supplies",13,4984.41,1375.98
ORD-02995,2023-08-17,"Joshua Mata",North,PROD-0022,"Laser Printer (Binders)","Office Supplies",12,5751.24,1955.77
ORD-00019,2025-12-27,"Kelsey Parker",Central,PROD-0023,"Office Phone (Storage)","Office Supplies",7,2897.29,981.69
ORD-00061,2024-08-14,"Sara Johnston",East,PROD-0023,"Office Phone (Storage)","Office Supplies",8,3895.52,1205.24
ORD-00073,2023-08-26,"Joshua Smith",Central,PROD-0023,"Office Phone (Storage)","Office Supplies",13,6013.71,1145.77
ORD-00090,2025-07-21,"Brittney Olson",South,PROD-0023,"Office Phone (Storage)","Office Supplies",15,7304.10,1381.35
ORD-00099,2025-03-25,"Phillip Dorsey",South,PROD-0023,"Office Phone (Storage)","Office Supplies",11,5356.34,1041.65
ORD-00163,2023-08-23,"Victoria Valdez",South,PROD-0023,"Office Phone (Storage)","Office Supplies",14,5794.59,1476.03
ORD-00180,2023-07-07,"James Harmon",East,PROD-0023,"Office Phone (Storage)","Office Supplies",12,5258.95,2027.12
ORD-00246,2023-06-17,"Robert Costa",South,PROD-0023,"Office Phone (Storage)","Office Supplies",6,2921.64,1290.03
ORD-00394,2024-02-25,"Gina French",Central,PROD-0023,"Office Phone (Storage)","Office Supplies",12,5258.95,1595.31
ORD-00424,2025-04-25,"Brittney Olson",South,PROD-0023,"Office Phone (Storage)","Office Supplies",7,3067.72,892.71
ORD-00567,2025-06-22,"Stephanie Dalton",South,PROD-0023,"Office Phone (Storage)","Office Supplies",8,3895.52,593.87
ORD-00607,2024-07-11,"Melissa Lee",North,PROD-0023,"Office Phone (Storage)","Office Supplies",9,4382.46,1626.40
ORD-00618,2023-05-22,"Tracy Phillips",Central,PROD-0023,"Office Phone (Storage)","Office Supplies",15,6938.90,1319.71
ORD-00758,2024-09-03,"Sara Johnston",East,PROD-0023,"Office Phone (Storage)","Office Supplies",4,1947.76,574.22
ORD-00760,2025-04-07,"Julie Grant",South,PROD-0023,"Office Phone (Storage)","Office Supplies",11,5356.34,1316.45
ORD-00784,2024-05-24,"Nathan Cortez",East,PROD-0023,"Office Phone (Storage)","Office Supplies",4,1655.60,309.44
ORD-00820,2025-02-16,"Dr. Steven Martin",South,PROD-0023,"Office Phone (Storage)","Office Supplies",13,6330.22,1687.59
ORD-00949,2025-11-23,"Robert Robinson",East,PROD-0023,"Office Phone (Storage)","Office Supplies",7,3408.58,698.18
ORD-00963,2023-10-20,"Allison Hill",North,PROD-0023,"Office Phone (Storage)","Office Supplies",13,5697.20,1161.45
ORD-00975,2023-07-20,"Dr. Steven Martin",South,PROD-0023,"Office Phone (Storage)","Office Supplies",7,3408.58,1273.60
ORD-00984,2024-01-02,"Jeremy Turner",Central,PROD-0023,"Office Phone (Storage)","Office Supplies",6,2629.48,745.53
ORD-01004,2025-10-27,"James Hughes",North,PROD-0023,"Office Phone (Storage)","Office Supplies",5,2434.70,403.91
ORD-01018,2024-12-30,"Kelsey Parker",Central,PROD-0023,"Office Phone (Storage)","Office Supplies",3,1168.66,488.49
ORD-01377,2025-10-04,"Ms. Susan Vargas",East,PROD-0023,"Office Phone (Storage)","Office Supplies",2,973.88,280.29
ORD-01392,2025-01-05,"Bryan Zamora",East,PROD-0023,"Office Phone (Storage)","Office Supplies",8,3895.52,718.47
ORD-01659,2024-06-20,"Crystal Whitehead",North,PROD-0023,"Office Phone (Storage)","Office Supplies",12,4674.62,1866.92
ORD-01709,2025-05-16,"Christopher Lewis",North,PROD-0023,"Office Phone (Storage)","Office Supplies",2,779.10,251.84
ORD-01782,2023-01-17,"Nancy Gonzalez",Central,PROD-0023,"Office Phone (Storage)","Office Supplies",14,6817.16,1226.66
ORD-01790,2024-06-13,"Brent Jordan",East,PROD-0023,"Office Phone (Storage)","Office Supplies",4,1558.21,339.30
ORD-01814,2023-10-19,"Sandra Parker",West,PROD-0023,"Office Phone (Storage)","Office Supplies",13,5697.20,1842.89
ORD-01836,2023-12-13,"Dwayne Payne",South,PROD-0023,"Office Phone (Storage)","Office Supplies",1,438.25,70.85
ORD-01959,2025-08-17,"Anna Henderson",East,PROD-0023,"Office Phone (Storage)","Office Supplies",12,4674.62,1456.52
ORD-02012,2023-12-10,"Robert Montgomery",East,PROD-0023,"Office Phone (Storage)","Office Supplies",12,5843.28,2552.32
ORD-02112,2025-02-20,"Angel Miller",North,PROD-0023,"Office Phone (Storage)","Office Supplies",11,4552.89,976.48
ORD-02158,2023-01-11,"Scott Branch",West,PROD-0023,"Office Phone (Storage)","Office Supplies",9,4163.34,873.66
ORD-02204,2023-12-12,"Thomas Cunningham",Central,PROD-0023,"Office Phone (Storage)","Office Supplies",11,4285.07,1255.29
ORD-02258,2023-08-29,"Monica Logan",North,PROD-0023,"Office Phone (Storage)","Office Supplies",15,6938.90,2981.56
ORD-02283,2025-06-07,"Dr. Steven Martin",South,PROD-0023,"Office Phone (Storage)","Office Supplies",6,2921.64,523.99
ORD-02298,2023-09-10,"Christian Martinez",East,PROD-0023,"Office Phone (Storage)","Office Supplies",1,389.55,170.09
ORD-02326,2023-10-10,"Kim Brown",East,PROD-0023,"Office Phone (Storage)","Office Supplies",2,827.80,197.69
ORD-02353,2023-07-19,"Gina French",Central,PROD-0023,"Office Phone (Storage)","Office Supplies",6,2775.56,502.51
ORD-02379,2025-03-06,"Dr. Steven Martin",South,PROD-0023,"Office Phone (Storage)","Office Supplies",14,6476.30,1614.25
ORD-02422,2024-08-03,"Sheila Sawyer",North,PROD-0023,"Office Phone (Storage)","Office Supplies",5,2069.50,767.06
ORD-02429,2023-12-22,"Kim Brown",East,PROD-0023,"Office Phone (Storage)","Office Supplies",7,3408.58,1004.91
ORD-02469,2024-11-04,"Kevin Mills",East,PROD-0023,"Office Phone (Storage)","Office Supplies",4,1850.37,517.66
ORD-02719,2024-05-09,"Tracy Phillips",Central,PROD-0023,"Office Phone (Storage)","Office Supplies",12,5843.28,2420.82
ORD-02763,2025-05-20,"Kyle Mcdonald",North,PROD-0023,"Office Phone (Storage)","Office Supplies",2,973.88,302.47
ORD-02877,2023-12-16,"James Hughes",North,PROD-0023,"Office Phone (Storage)","Office Supplies",1,389.55,106.91
ORD-02883,2025-08-14,"Michelle James",West,PROD-0023,"Office Phone (Storage)","Office Supplies",10,4869.40,1647.39
ORD-00050,2024-04-07,"Sherry Wood",North,PROD-0024,"Whiteboard (Phones)",Technology,13,8425.29,2829.94
ORD-00128,2025-03-24,"Brenda Snyder PhD",Central,PROD-0024,"Whiteboard (Phones)",Technology,14,8065.23,2280.90
ORD-00145,2023-02-13,"Stephen Potter",West,PROD-0024,"Whiteboard (Phones)",Technology,1,576.09,201.60
ORD-00186,2023-08-22,"Noah Brown",North,PROD-0024,"Whiteboard (Phones)",Technology,6,4104.63,1710.54
ORD-00262,2024-11-11,"Ashley James",Central,PROD-0024,"Whiteboard (Phones)",Technology,3,2160.33,743.82
ORD-00283,2023-11-11,"Michelle Miles",South,PROD-0024,"Whiteboard (Phones)",Technology,11,7525.15,1244.31
ORD-00471,2025-07-11,"Shannon Ray",North,PROD-0024,"Whiteboard (Phones)",Technology,8,5760.88,1977.46
ORD-00583,2023-10-14,"Kevin Mills",East,PROD-0024,"Whiteboard (Phones)",Technology,13,9361.43,2556.87
ORD-00631,2025-03-18,"Jesse Perry",North,PROD-0024,"Whiteboard (Phones)",Technology,2,1296.20,362.49
ORD-00709,2025-02-20,"Lori Guerrero",East,PROD-0024,"Whiteboard (Phones)",Technology,6,4320.66,1366.48
ORD-00712,2023-06-25,"Mark Brennan",North,PROD-0024,"Whiteboard (Phones)",Technology,11,7921.21,1644.02
ORD-00717,2023-10-29,"April Booth",North,PROD-0024,"Whiteboard (Phones)",Technology,2,1152.18,363.27
ORD-00719,2023-06-10,"Lori Garcia",East,PROD-0024,"Whiteboard (Phones)",Technology,11,7525.15,2930.48
ORD-00726,2024-08-08,"Thomas Cunningham",Central,PROD-0024,"Whiteboard (Phones)",Technology,14,9073.39,1687.28
ORD-00747,2023-02-26,"Brittney Webster",West,PROD-0024,"Whiteboard (Phones)",Technology,7,5040.77,2021.99
ORD-00757,2024-07-20,"Julie Spencer",North,PROD-0024,"Whiteboard (Phones)",Technology,11,7921.21,1517.33
ORD-00888,2025-12-22,"Grant Watts",West,PROD-0024,"Whiteboard (Phones)",Technology,8,5184.79,1051.96
ORD-00998,2023-06-27,"Alexis Herrera",South,PROD-0024,"Whiteboard (Phones)",Technology,5,2880.44,951.03
ORD-01030,2025-05-18,"Crystal Whitehead",North,PROD-0024,"Whiteboard (Phones)",Technology,4,2736.42,656.16
ORD-01102,2024-12-12,"Christopher Jenkins",South,PROD-0024,"Whiteboard (Phones)",Technology,13,8893.36,2045.86
ORD-01252,2025-04-29,"Allison Smith",South,PROD-0024,"Whiteboard (Phones)",Technology,7,5040.77,1763.58
ORD-01374,2023-05-08,"Jonathan Dougherty",Central,PROD-0024,"Whiteboard (Phones)",Technology,7,4788.73,1677.03
ORD-01375,2024-06-12,"Diane Garcia",West,PROD-0024,"Whiteboard (Phones)",Technology,14,10081.54,3998.55
ORD-01478,2024-12-03,"Christian Martinez",East,PROD-0024,"Whiteboard (Phones)",Technology,11,6733.03,1440.55
ORD-01484,2023-11-11,"Mr. Donald Fischer",Central,PROD-0024,"Whiteboard (Phones)",Technology,3,2160.33,896.37
ORD-01493,2023-03-24,"Ms. Teresa Wilson",West,PROD-0024,"Whiteboard (Phones)",Technology,3,1836.28,522.81
ORD-01539,2023-09-24,"Joshua Perry",East,PROD-0024,"Whiteboard (Phones)",Technology,2,1368.21,332.14
ORD-01546,2023-10-26,"Julia Torres",East,PROD-0024,"Whiteboard (Phones)",Technology,14,8569.31,1434.90
ORD-01562,2025-10-03,"Brenda Snyder PhD",Central,PROD-0024,"Whiteboard (Phones)",Technology,11,7921.21,2622.63
ORD-01654,2024-06-17,"Kevin Mills",East,PROD-0024,"Whiteboard (Phones)",Technology,3,1836.28,499.64
ORD-01706,2024-09-27,"Seth Booker",West,PROD-0024,"Whiteboard (Phones)",Technology,15,9181.40,2469.30
ORD-01924,2024-06-20,"Linda Dodson DVM",West,PROD-0024,"Whiteboard (Phones)",Technology,15,10801.65,4792.71
ORD-01932,2024-01-23,"Nathan Cortez",East,PROD-0024,"Whiteboard (Phones)",Technology,14,9073.39,3282.26
ORD-02086,2024-06-28,"Belinda Miller",East,PROD-0024,"Whiteboard (Phones)",Technology,15,10261.57,3160.88
ORD-02104,2024-05-08,"Alison Buchanan",Central,PROD-0024,"Whiteboard (Phones)",Technology,4,2880.44,1148.92
ORD-02129,2023-04-18,"Katrina Hill",East,PROD-0024,"Whiteboard (Phones)",Technology,15,8641.32,1876.79
ORD-02235,2025-10-25,"Jesse Santiago",West,PROD-0024,"Whiteboard (Phones)",Technology,10,7201.10,2832.91
ORD-02267,2025-12-11,"James Howard",West,PROD-0024,"Whiteboard (Phones)",Technology,5,3600.55,699.43
ORD-02270,2024-07-22,"Jennifer Conley",South,PROD-0024,"Whiteboard (Phones)",Technology,15,10801.65,3984.40
ORD-02278,2023-08-06,"Sean Rasmussen",West,PROD-0024,"Whiteboard (Phones)",Technology,12,7345.12,1789.02
ORD-02279,2024-06-11,"Joshua Smith",Central,PROD-0024,"Whiteboard (Phones)",Technology,14,8569.31,2225.52
ORD-02344,2023-08-02,"Julie Spencer",North,PROD-0024,"Whiteboard (Phones)",Technology,2,1440.22,387.48
ORD-02453,2024-03-26,"Austin Smith",West,PROD-0024,"Whiteboard (Phones)",Technology,2,1224.19,296.89
ORD-02541,2025-07-09,"Mr. Donald Fischer",Central,PROD-0024,"Whiteboard (Phones)",Technology,15,9721.48,3864.43
ORD-02638,2024-02-06,"Marie Moody",West,PROD-0024,"Whiteboard (Phones)",Technology,9,5832.89,1119.40
ORD-02662,2025-10-11,"Sara Johnston",East,PROD-0024,"Whiteboard (Phones)",Technology,1,576.09,193.12
ORD-02807,2023-06-16,"Jesse Santiago",West,PROD-0024,"Whiteboard (Phones)",Technology,15,10801.65,3481.26
ORD-02842,2023-02-21,"Reginald Williams",West,PROD-0024,"Whiteboard (Phones)",Technology,14,10081.54,1949.65
ORD-02854,2023-09-27,"Ashley Smith",South,PROD-0024,"Whiteboard (Phones)",Technology,2,1368.21,273.34
ORD-02858,2024-10-10,"Dr. Steven Martin",South,PROD-0024,"Whiteboard (Phones)",Technology,15,9181.40,3665.54
ORD-02864,2023-01-07,"Jeremy Lowe",East,PROD-0024,"Whiteboard (Phones)",Technology,5,3600.55,1014.75
ORD-02875,2024-12-28,"Nancy Gonzalez",Central,PROD-0024,"Whiteboard (Phones)",Technology,10,7201.10,2486.84
ORD-02928,2023-09-06,"Ms. Teresa Wilson",West,PROD-0024,"Whiteboard (Phones)",Technology,14,9577.46,2987.45
ORD-02948,2024-01-07,"Kara Schmidt",South,PROD-0024,"Whiteboard (Phones)",Technology,11,7921.21,2916.56
ORD-00046,2024-06-01,"Sandra Gilbert",West,PROD-0025,"Standing Desk (Bookcases)",Furniture,14,7560.78,3143.57
ORD-00053,2024-03-01,"Joshua Perry",East,PROD-0025,"Standing Desk (Bookcases)",Furniture,11,6253.28,2317.50
ORD-00080,2025-04-15,"Darrell Patterson",North,PROD-0025,"Standing Desk (Bookcases)",Furniture,2,1136.96,173.18
ORD-00094,2023-11-08,"Dr. Steven Martin",South,PROD-0025,"Standing Desk (Bookcases)",Furniture,8,4547.84,1874.28
ORD-00109,2023-10-21,"Haley Hartman",East,PROD-0025,"Standing Desk (Bookcases)",Furniture,4,2160.22,558.69
ORD-00110,2024-06-06,"Destiny Riggs",South,PROD-0025,"Standing Desk (Bookcases)",Furniture,11,6253.28,1127.64
ORD-00226,2025-12-14,"Angie Henderson",East,PROD-0025,"Standing Desk (Bookcases)",Furniture,2,966.42,240.51
ORD-00231,2023-03-19,"Stephen Johnston",North,PROD-0025,"Standing Desk (Bookcases)",Furniture,11,6253.28,1169.88
ORD-00242,2024-08-06,"Destiny Riggs",South,PROD-0025,"Standing Desk (Bookcases)",Furniture,2,909.57,365.56
ORD-00390,2023-06-17,"David Murphy",East,PROD-0025,"Standing Desk (Bookcases)",Furniture,9,4860.50,1417.07
ORD-00505,2025-03-29,"Andrew Johnson",North,PROD-0025,"Standing Desk (Bookcases)",Furniture,13,7390.24,1184.54
ORD-00617,2024-04-02,"Kerry Smith",North,PROD-0025,"Standing Desk (Bookcases)",Furniture,13,6651.22,1034.77
ORD-00704,2024-08-26,"Robert Costa",South,PROD-0025,"Standing Desk (Bookcases)",Furniture,14,6764.91,1775.60
ORD-00809,2024-08-29,"Paul Hudson",North,PROD-0025,"Standing Desk (Bookcases)",Furniture,5,2700.28,1174.56
ORD-00915,2024-12-05,"Kimberly Dudley",Central,PROD-0025,"Standing Desk (Bookcases)",Furniture,4,2160.22,385.19
ORD-00956,2023-11-27,"Brenda Thornton",North,PROD-0025,"Standing Desk (Bookcases)",Furniture,11,5002.62,1634.51
ORD-00980,2025-04-17,"Vincent Dalton",North,PROD-0025,"Standing Desk (Bookcases)",Furniture,6,3410.88,1376.52
ORD-00996,2025-11-11,"Vincent Dalton",North,PROD-0025,"Standing Desk (Bookcases)",Furniture,9,4348.87,1654.74
ORD-01124,2023-07-27,"Shannon Ray",North,PROD-0025,"Standing Desk (Bookcases)",Furniture,12,6821.76,1981.73
ORD-01130,2024-11-22,"Michael Evans",South,PROD-0025,"Standing Desk (Bookcases)",Furniture,11,6253.28,1812.39
ORD-01187,2025-03-15,"Amanda Patel",Central,PROD-0025,"Standing Desk (Bookcases)",Furniture,11,6253.28,2649.27
ORD-01191,2023-09-27,"Tony Saunders",East,PROD-0025,"Standing Desk (Bookcases)",Furniture,4,1932.83,789.42
ORD-01381,2023-11-01,"Mr. Philip Cannon",East,PROD-0025,"Standing Desk (Bookcases)",Furniture,11,5315.29,2390.50
ORD-01494,2023-02-20,"Kyle Mcdonald",North,PROD-0025,"Standing Desk (Bookcases)",Furniture,7,3581.42,708.18
ORD-01535,2025-01-12,"Sandra Parker",West,PROD-0025,"Standing Desk (Bookcases)",Furniture,3,1364.35,433.07
ORD-01543,2023-03-30,"Connor Greene",West,PROD-0025,"Standing Desk (Bookcases)",Furniture,2,1136.96,283.93
ORD-01555,2024-10-05,"Matthew Harvey",South,PROD-0025,"Standing Desk (Bookcases)",Furniture,2,1080.11,450.30
ORD-01561,2025-09-01,"David Murphy",East,PROD-0025,"Standing Desk (Bookcases)",Furniture,11,6253.28,2477.62
ORD-01583,2023-08-13,"Stephen Johnston",North,PROD-0025,"Standing Desk (Bookcases)",Furniture,10,4832.08,1463.32
ORD-01734,2024-01-26,"John Hamilton",South,PROD-0025,"Standing Desk (Bookcases)",Furniture,2,1136.96,249.09
ORD-01877,2023-01-05,"Eric Byrd",North,PROD-0025,"Standing Desk (Bookcases)",Furniture,7,3382.46,839.09
ORD-01950,2023-06-10,"Olivia Moore",North,PROD-0025,"Standing Desk (Bookcases)",Furniture,13,7390.24,1271.26
ORD-02106,2023-11-25,"Robert Carter",North,PROD-0025,"Standing Desk (Bookcases)",Furniture,15,8527.20,1528.12
ORD-02108,2023-09-10,"Christopher Jenkins",South,PROD-0025,"Standing Desk (Bookcases)",Furniture,11,6253.28,1082.94
ORD-02447,2024-01-01,"Joshua Mata",North,PROD-0025,"Standing Desk (Bookcases)",Furniture,11,5627.95,1466.85
ORD-02461,2024-07-10,"Julia Torres",East,PROD-0025,"Standing Desk (Bookcases)",Furniture,14,7958.72,2094.15
ORD-02462,2025-02-23,"Brenda Bailey",Central,PROD-0025,"Standing Desk (Bookcases)",Furniture,7,3979.36,1113.65
ORD-02557,2024-06-19,"Christopher Jenkins",South,PROD-0025,"Standing Desk (Bookcases)",Furniture,15,8527.20,2309.92
ORD-02623,2024-08-16,"Dr. Steven Martin",South,PROD-0025,"Standing Desk (Bookcases)",Furniture,15,6821.76,2555.33
ORD-02671,2025-11-28,"Joshua Smith",Central,PROD-0025,"Standing Desk (Bookcases)",Furniture,5,2842.40,460.21
ORD-02723,2024-08-15,"Robert Robinson",East,PROD-0025,"Standing Desk (Bookcases)",Furniture,13,7020.73,1684.74
ORD-02758,2025-09-18,"Jeremy Lowe",East,PROD-0025,"Standing Desk (Bookcases)",Furniture,9,4348.87,711.91
ORD-02765,2025-09-17,"Jesse Brown",South,PROD-0025,"Standing Desk (Bookcases)",Furniture,14,6366.98,1214.80
ORD-02935,2025-10-07,"James Harmon",East,PROD-0025,"Standing Desk (Bookcases)",Furniture,7,3979.36,1378.39
ORD-00096,2023-07-24,"Angie Henderson",East,PROD-0026,"Binder Clips (Tables)",Furniture,9,2974.37,1324.77
ORD-00101,2025-09-26,"Stephen Potter",West,PROD-0026,"Binder Clips (Tables)",Furniture,14,4383.29,1925.27
ORD-00129,2025-03-19,"Kimberly Gibson",West,PROD-0026,"Binder Clips (Tables)",Furniture,1,347.88,100.55
ORD-00317,2023-09-25,"Christian Martinez",East,PROD-0026,"Binder Clips (Tables)",Furniture,13,4522.44,1336.41
ORD-00387,2025-09-06,"Katherine Mcguire",East,PROD-0026,"Binder Clips (Tables)",Furniture,3,991.46,223.75
ORD-00446,2024-04-18,"Robert Montgomery",East,PROD-0026,"Binder Clips (Tables)",Furniture,2,591.40,239.33
ORD-00472,2025-06-03,"Vincent Dalton",North,PROD-0026,"Binder Clips (Tables)",Furniture,3,887.09,243.27
ORD-00535,2025-02-25,"Julia Torres",East,PROD-0026,"Binder Clips (Tables)",Furniture,9,2817.83,715.95
ORD-00551,2024-08-22,"Kelsey Parker",Central,PROD-0026,"Binder Clips (Tables)",Furniture,5,1565.46,578.90
ORD-00594,2024-03-17,"Amanda Lutz",East,PROD-0026,"Binder Clips (Tables)",Furniture,1,347.88,57.54
ORD-01016,2025-10-18,"Olivia Moore",North,PROD-0026,"Binder Clips (Tables)",Furniture,12,4174.56,1584.42
ORD-01078,2025-07-16,"Andrea Davis",East,PROD-0026,"Binder Clips (Tables)",Furniture,5,1478.49,389.10
ORD-01107,2023-11-25,"Eric Byrd",North,PROD-0026,"Binder Clips (Tables)",Furniture,2,626.18,252.66
ORD-01200,2024-01-14,"Kerry Smith",North,PROD-0026,"Binder Clips (Tables)",Furniture,1,278.30,42.92
ORD-01206,2023-01-31,"Lori Hill",West,PROD-0026,"Binder Clips (Tables)",Furniture,15,5218.20,860.69
ORD-01246,2024-08-11,"Richard Romero",East,PROD-0026,"Binder Clips (Tables)",Furniture,7,2191.64,428.82
ORD-01285,2024-08-03,"Nicole Parrish",North,PROD-0026,"Binder Clips (Tables)",Furniture,10,3478.80,1386.71
ORD-01298,2025-09-07,"Justin Baxter",East,PROD-0026,"Binder Clips (Tables)",Furniture,8,2226.43,887.81
ORD-01509,2025-04-28,"Kristine Garcia",East,PROD-0026,"Binder Clips (Tables)",Furniture,3,939.28,292.46
ORD-01584,2025-08-20,"Laurie Hoffman",North,PROD-0026,"Binder Clips (Tables)",Furniture,8,2504.74,485.15
ORD-01629,2025-03-09,"Sara Johnston",East,PROD-0026,"Binder Clips (Tables)",Furniture,13,3844.07,871.88
ORD-01652,2023-09-24,"Roger Vargas",Central,PROD-0026,"Binder Clips (Tables)",Furniture,14,4383.29,1070.72
ORD-01657,2024-04-04,"Anna Lozano",West,PROD-0026,"Binder Clips (Tables)",Furniture,1,347.88,60.21
ORD-01770,2024-05-17,"Michelle Miles",South,PROD-0026,"Binder Clips (Tables)",Furniture,14,3896.26,1199.66
ORD-01820,2025-07-10,"Angela Hernandez",West,PROD-0026,"Binder Clips (Tables)",Furniture,11,3635.35,1473.43
ORD-01821,2024-10-28,"Lauren Keller",Central,PROD-0026,"Binder Clips (Tables)",Furniture,2,556.61,146.15
ORD-01860,2025-09-02,"Ashley James",Central,PROD-0026,"Binder Clips (Tables)",Furniture,1,347.88,86.34
ORD-01938,2024-10-21,"Julia Torres",East,PROD-0026,"Binder Clips (Tables)",Furniture,12,4174.56,1220.46
ORD-01949,2024-08-26,"Michelle Miles",South,PROD-0026,"Binder Clips (Tables)",Furniture,14,4383.29,1298.17
ORD-01998,2023-10-07,"Kevin Mills",East,PROD-0026,"Binder Clips (Tables)",Furniture,6,1774.19,399.90
ORD-02030,2024-02-18,"Kim Brown",East,PROD-0026,"Binder Clips (Tables)",Furniture,3,991.46,385.37
ORD-02034,2024-08-13,"Jonathan Dougherty",Central,PROD-0026,"Binder Clips (Tables)",Furniture,13,4522.44,1724.39
ORD-02121,2024-10-09,"Jesse Perry",North,PROD-0026,"Binder Clips (Tables)",Furniture,3,834.91,139.54
ORD-02337,2024-06-12,"April Booth",North,PROD-0026,"Binder Clips (Tables)",Furniture,15,4696.38,1406.28
ORD-02340,2023-04-25,"Kyle Preston",South,PROD-0026,"Binder Clips (Tables)",Furniture,4,1321.94,522.02
ORD-02401,2025-04-12,"John Hamilton",South,PROD-0026,"Binder Clips (Tables)",Furniture,5,1565.46,365.24
ORD-02423,2025-04-29,"Laura Mckinney",South,PROD-0026,"Binder Clips (Tables)",Furniture,11,3826.68,1717.23
ORD-02601,2025-11-04,"Samantha Pollard",South,PROD-0026,"Binder Clips (Tables)",Furniture,13,3844.07,1123.89
ORD-02613,2025-12-18,"Sherry Wood",North,PROD-0026,"Binder Clips (Tables)",Furniture,13,3617.95,1419.36
ORD-02648,2024-05-15,"Kim Brown",East,PROD-0026,"Binder Clips (Tables)",Furniture,5,1739.40,466.44
ORD-02696,2025-11-12,"April Booth",North,PROD-0026,"Binder Clips (Tables)",Furniture,12,3339.65,759.39
ORD-02700,2025-05-06,"Suzanne Walker",South,PROD-0026,"Binder Clips (Tables)",Furniture,9,2661.28,1100.78
ORD-02722,2025-04-17,"Haley Hartman",East,PROD-0026,"Binder Clips (Tables)",Furniture,11,3635.35,828.10
ORD-02816,2025-01-30,"Sean Rasmussen",West,PROD-0026,"Binder Clips (Tables)",Furniture,9,2817.83,1055.64
ORD-02853,2023-11-10,"Barry Welch",West,PROD-0026,"Binder Clips (Tables)",Furniture,12,3548.38,1408.45
ORD-02899,2024-09-09,"Laurie Hoffman",North,PROD-0026,"Binder Clips (Tables)",Furniture,5,1739.40,686.41
ORD-02955,2024-10-16,"Alexis Herrera",South,PROD-0026,"Binder Clips (Tables)",Furniture,6,1669.82,528.81
ORD-02988,2025-11-30,"Melissa Lee",North,PROD-0026,"Binder Clips (Tables)",Furniture,8,2226.43,744.53
ORD-02997,2024-06-25,"Amanda Patel",Central,PROD-0026,"Binder Clips (Tables)",Furniture,2,695.76,179.08
ORD-00088,2025-09-29,"Haley Hartman",East,PROD-0027,"Printer Paper Ream (Machines)",Technology,14,3563.84,1126.30
ORD-00147,2024-03-18,"Jeremy Lowe",East,PROD-0027,"Printer Paper Ream (Machines)",Technology,14,2851.07,1083.69
ORD-00192,2025-10-21,"Sandra Parker",West,PROD-0027,"Printer Paper Ream (Machines)",Technology,9,1832.83,457.45
ORD-00219,2024-11-23,"Allison Smith",South,PROD-0027,"Printer Paper Ream (Machines)",Technology,11,2520.14,1094.47
ORD-00230,2025-11-05,"Marie Moody",West,PROD-0027,"Printer Paper Ream (Machines)",Technology,13,2978.35,594.07
ORD-00448,2025-09-16,"Laurie Hoffman",North,PROD-0027,"Printer Paper Ream (Machines)",Technology,11,2660.15,1184.51
ORD-00536,2025-10-04,"Phillip Dorsey",South,PROD-0027,"Printer Paper Ream (Machines)",Technology,7,1514.63,299.95
ORD-00566,2025-07-30,"Nicholas Sheppard",East,PROD-0027,"Printer Paper Ream (Machines)",Technology,1,254.56,43.57
ORD-00641,2023-07-06,"Tony Saunders",East,PROD-0027,"Printer Paper Ream (Machines)",Technology,12,3054.72,487.17
ORD-00659,2025-02-22,"Casey Stone",Central,PROD-0027,"Printer Paper Ream (Machines)",Technology,13,2812.89,962.76
ORD-00764,2025-12-30,"Barry Welch",West,PROD-0027,"Printer Paper Ream (Machines)",Technology,11,2240.13,688.35
ORD-00860,2023-12-31,"Angel Miller",North,PROD-0027,"Printer Paper Ream (Machines)",Technology,9,2061.94,498.38
ORD-00959,2024-06-12,"Teresa Rodriguez",West,PROD-0027,"Printer Paper Ream (Machines)",Technology,15,3818.40,1126.46
ORD-00990,2023-07-06,"Melissa Gates",North,PROD-0027,"Printer Paper Ream (Machines)",Technology,14,3563.84,1099.44
ORD-01047,2023-12-10,"Grant Watts",West,PROD-0027,"Printer Paper Ream (Machines)",Technology,11,2240.13,384.03
ORD-01106,2024-10-24,"Casey James",East,PROD-0027,"Printer Paper Ream (Machines)",Technology,12,2901.98,1066.20
ORD-01122,2024-06-28,"James Harmon",East,PROD-0027,"Printer Paper Ream (Machines)",Technology,9,2291.04,526.27
ORD-01133,2025-05-31,"Deborah Figueroa",Central,PROD-0027,"Printer Paper Ream (Machines)",Technology,14,3029.26,1069.22
ORD-01145,2024-10-26,"Stephanie Dalton",South,PROD-0027,"Printer Paper Ream (Machines)",Technology,13,3143.82,1251.65
ORD-01302,2025-04-26,"Darrell Patterson",North,PROD-0027,"Printer Paper Ream (Machines)",Technology,4,916.42,345.39
ORD-01334,2024-07-26,"Joshua Mata",North,PROD-0027,"Printer Paper Ream (Machines)",Technology,8,1832.83,781.76
ORD-01463,2023-05-18,"Jennifer Smith",West,PROD-0027,"Printer Paper Ream (Machines)",Technology,9,1947.38,424.39
ORD-01475,2023-09-28,"Angie Henderson",East,PROD-0027,"Printer Paper Ream (Machines)",Technology,8,2036.48,659.74
ORD-01724,2024-01-15,"Monica Logan",North,PROD-0027,"Printer Paper Ream (Machines)",Technology,2,432.75,67.23
ORD-01760,2024-07-01,"Rodney Trujillo",Central,PROD-0027,"Printer Paper Ream (Machines)",Technology,15,3818.40,740.68
ORD-01800,2025-01-09,"Grant Watts",West,PROD-0027,"Printer Paper Ream (Machines)",Technology,8,2036.48,826.88
ORD-01893,2023-09-19,"Brenda Snyder PhD",Central,PROD-0027,"Printer Paper Ream (Machines)",Technology,1,203.65,64.64
ORD-01897,2023-01-22,"Sheila Sawyer",North,PROD-0027,"Printer Paper Ream (Machines)",Technology,8,1934.66,601.17
ORD-01916,2024-05-04,"Cynthia Wallace",Central,PROD-0027,"Printer Paper Ream (Machines)",Technology,8,1731.01,379.95
ORD-01990,2023-11-20,"Seth Booker",West,PROD-0027,"Printer Paper Ream (Machines)",Technology,5,1081.88,312.32
ORD-02102,2024-09-09,"Stephanie Gardner",East,PROD-0027,"Printer Paper Ream (Machines)",Technology,14,3029.26,457.75
ORD-02124,2023-03-12,"Sierra Johnson",East,PROD-0027,"Printer Paper Ream (Machines)",Technology,10,2545.60,909.63
ORD-02244,2023-04-17,"John Torres",North,PROD-0027,"Printer Paper Ream (Machines)",Technology,11,2380.14,841.40
ORD-02272,2025-12-30,"Thomas Cunningham",Central,PROD-0027,"Printer Paper Ream (Machines)",Technology,2,509.12,130.03
ORD-02330,2024-05-16,"George Shelton",Central,PROD-0027,"Printer Paper Ream (Machines)",Technology,2,509.12,142.17
ORD-02335,2023-03-07,"Michelle Lewis",Central,PROD-0027,"Printer Paper Ream (Machines)",Technology,10,2036.48,810.37
ORD-02359,2025-11-23,"Joseph Hill",Central,PROD-0027,"Printer Paper Ream (Machines)",Technology,12,2749.25,699.91
ORD-02510,2024-12-26,"Michelle Miles",South,PROD-0027,"Printer Paper Ream (Machines)",Technology,7,1781.92,721.35
ORD-02545,2025-07-20,"Jacob Fitzpatrick",South,PROD-0027,"Printer Paper Ream (Machines)",Technology,10,2036.48,432.34
ORD-02568,2024-08-23,"Sherry Wood",North,PROD-0027,"Printer Paper Ream (Machines)",Technology,1,203.65,40.01
ORD-02585,2023-10-27,"Robert Costa",South,PROD-0027,"Printer Paper Ream (Machines)",Technology,11,2800.16,1104.82
ORD-02620,2025-02-09,"Jennifer Smith",West,PROD-0027,"Printer Paper Ream (Machines)",Technology,14,3563.84,995.22
ORD-02704,2025-01-11,"James Hughes",North,PROD-0027,"Printer Paper Ream (Machines)",Technology,4,967.33,343.94
ORD-02715,2025-08-20,"Melanie Taylor",South,PROD-0027,"Printer Paper Ream (Machines)",Technology,12,3054.72,1258.79
ORD-02774,2023-02-13,"Destiny Riggs",South,PROD-0027,"Printer Paper Ream (Machines)",Technology,13,3143.82,1329.60
ORD-02848,2024-07-17,"Shane Henderson",Central,PROD-0027,"Printer Paper Ream (Machines)",Technology,11,2660.15,879.21
ORD-02932,2023-03-14,"Mark Brennan",North,PROD-0027,"Printer Paper Ream (Machines)",Technology,10,2545.60,872.70
ORD-00007,2024-07-23,"Kelsey Parker",Central,PROD-0028,"Wall Calendar (Bookcases)",Furniture,13,2609.15,844.14
ORD-00075,2023-04-22,"Brenda Snyder PhD",Central,PROD-0028,"Wall Calendar (Bookcases)",Furniture,4,903.17,308.40
ORD-00134,2025-08-08,"Julia Torres",East,PROD-0028,"Wall Calendar (Bookcases)",Furniture,15,3198.72,1149.44
ORD-00142,2025-01-22,"Michael Miles",South,PROD-0028,"Wall Calendar (Bookcases)",Furniture,9,1919.23,657.14
ORD-00150,2023-08-14,"Melissa Bryant",South,PROD-0028,"Wall Calendar (Bookcases)",Furniture,11,2207.74,976.41
ORD-00309,2023-02-28,"Matthew Harvey",South,PROD-0028,"Wall Calendar (Bookcases)",Furniture,2,501.76,83.01
ORD-00338,2025-12-26,"Casey Stone",Central,PROD-0028,"Wall Calendar (Bookcases)",Furniture,8,1705.98,479.59
ORD-00368,2023-03-18,"Eric Byrd",North,PROD-0028,"Wall Calendar (Bookcases)",Furniture,15,3763.20,1221.66
ORD-00369,2023-12-27,"Teresa Rodriguez",West,PROD-0028,"Wall Calendar (Bookcases)",Furniture,15,3763.20,567.67
ORD-00396,2025-04-30,"David Murphy",East,PROD-0028,"Wall Calendar (Bookcases)",Furniture,8,1806.34,781.57
ORD-00539,2024-08-14,"Reginald Williams",West,PROD-0028,"Wall Calendar (Bookcases)",Furniture,3,602.11,188.34
ORD-00664,2023-11-23,"Theresa Clark",Central,PROD-0028,"Wall Calendar (Bookcases)",Furniture,2,501.76,126.92
ORD-00669,2025-01-04,"Kim Brown",East,PROD-0028,"Wall Calendar (Bookcases)",Furniture,15,3386.88,1495.44
ORD-00730,2024-05-01,"Rodney Trujillo",Central,PROD-0028,"Wall Calendar (Bookcases)",Furniture,1,213.25,65.56
ORD-00859,2024-12-08,"Sandra Parker",West,PROD-0028,"Wall Calendar (Bookcases)",Furniture,15,3198.72,1312.11
ORD-00932,2023-06-04,"Jacob Fitzpatrick",South,PROD-0028,"Wall Calendar (Bookcases)",Furniture,15,3763.20,734.29
ORD-00937,2024-08-18,"Stephanie Gardner",East,PROD-0028,"Wall Calendar (Bookcases)",Furniture,3,715.01,214.26
ORD-01009,2023-02-26,"Shannon Ray",North,PROD-0028,"Wall Calendar (Bookcases)",Furniture,8,2007.04,747.93
ORD-01014,2024-10-04,"Lori Guerrero",East,PROD-0028,"Wall Calendar (Bookcases)",Furniture,6,1505.28,273.52
ORD-01057,2024-06-21,"James Mayo",Central,PROD-0028,"Wall Calendar (Bookcases)",Furniture,10,2508.80,1065.50
ORD-01162,2025-04-27,"Linda Dodson DVM",West,PROD-0028,"Wall Calendar (Bookcases)",Furniture,7,1756.16,606.77
ORD-01175,2024-07-09,"Kimberly Gibson",West,PROD-0028,"Wall Calendar (Bookcases)",Furniture,1,238.34,60.44
ORD-01222,2023-12-02,"Rickey Li",Central,PROD-0028,"Wall Calendar (Bookcases)",Furniture,12,2558.98,1056.70
ORD-01258,2025-09-08,"Christopher Collins",Central,PROD-0028,"Wall Calendar (Bookcases)",Furniture,15,3575.04,753.70
ORD-01275,2023-07-21,"Amy Hernandez",South,PROD-0028,"Wall Calendar (Bookcases)",Furniture,14,3161.09,780.74
ORD-01318,2025-01-05,"Allison Smith",South,PROD-0028,"Wall Calendar (Bookcases)",Furniture,2,401.41,146.65
ORD-01351,2025-04-25,"Alison Buchanan",Central,PROD-0028,"Wall Calendar (Bookcases)",Furniture,13,3098.37,1173.09
ORD-01495,2025-01-01,"Mark Brennan",North,PROD-0028,"Wall Calendar (Bookcases)",Furniture,2,501.76,217.51
ORD-01617,2024-05-03,"Christian Martinez",East,PROD-0028,"Wall Calendar (Bookcases)",Furniture,2,501.76,196.90
ORD-01634,2024-07-22,"Roger Vargas",Central,PROD-0028,"Wall Calendar (Bookcases)",Furniture,15,3010.56,508.51
ORD-01650,2023-01-07,"David Murphy",East,PROD-0028,"Wall Calendar (Bookcases)",Furniture,7,1756.16,459.26
ORD-01656,2025-03-16,"Matthew Williams",South,PROD-0028,"Wall Calendar (Bookcases)",Furniture,15,3575.04,595.50
ORD-01689,2023-10-31,"Sherry Wood",North,PROD-0028,"Wall Calendar (Bookcases)",Furniture,2,501.76,211.71
ORD-01730,2025-03-19,"Jesse Brown",South,PROD-0028,"Wall Calendar (Bookcases)",Furniture,13,3261.44,1381.90
ORD-01747,2024-11-25,"Melissa Lee",North,PROD-0028,"Wall Calendar (Bookcases)",Furniture,15,3386.88,656.93
ORD-01758,2023-09-05,"James Howard",West,PROD-0028,"Wall Calendar (Bookcases)",Furniture,9,2257.92,686.61
ORD-01868,2024-09-12,"Kyle Mcdonald",North,PROD-0028,"Wall Calendar (Bookcases)",Furniture,13,2772.22,1063.58
ORD-01899,2023-02-23,"Steven Houston",North,PROD-0028,"Wall Calendar (Bookcases)",Furniture,8,1806.34,635.00
ORD-01905,2025-01-02,"Brittney Webster",West,PROD-0028,"Wall Calendar (Bookcases)",Furniture,5,1128.96,208.22
ORD-01935,2024-03-04,"Shannon Ray",North,PROD-0028,"Wall Calendar (Bookcases)",Furniture,12,3010.56,646.07
ORD-02114,2024-08-18,"Brittney Olson",South,PROD-0028,"Wall Calendar (Bookcases)",Furniture,2,501.76,212.37
ORD-02143,2023-11-01,"Teresa Rodriguez",West,PROD-0028,"Wall Calendar (Bookcases)",Furniture,11,2345.73,771.28
ORD-02179,2024-11-14,"Tony Saunders",East,PROD-0028,"Wall Calendar (Bookcases)",Furniture,13,3261.44,1324.47
ORD-02400,2025-10-19,"Patrick Fox",Central,PROD-0028,"Wall Calendar (Bookcases)",Furniture,14,3512.32,1460.84
ORD-02445,2024-03-06,"Laurie Hoffman",North,PROD-0028,"Wall Calendar (Bookcases)",Furniture,11,2621.70,884.62
ORD-02756,2023-12-31,"Thomas Cunningham",Central,PROD-0028,"Wall Calendar (Bookcases)",Furniture,1,238.34,58.06
ORD-02810,2023-03-21,"Steven Houston",North,PROD-0028,"Wall Calendar (Bookcases)",Furniture,15,3575.04,1077.68
ORD-00016,2025-02-07,"Dr. Steven Martin",South,PROD-0029,"Whiteboard (Storage)","Office Supplies",7,3327.72,1299.48
ORD-00130,2025-01-24,"Katrina Hill",East,PROD-0029,"Whiteboard (Storage)","Office Supplies",11,5229.27,1298.42
ORD-00175,2024-07-24,"Michelle Miles",South,PROD-0029,"Whiteboard (Storage)","Office Supplies",10,5592.80,1162.37
ORD-00181,2025-07-18,"Joseph Hill",Central,PROD-0029,"Whiteboard (Storage)","Office Supplies",6,3355.68,1137.52
ORD-00185,2025-06-24,"Ms. Susan Vargas",East,PROD-0029,"Whiteboard (Storage)","Office Supplies",7,3914.96,1508.55
ORD-00276,2023-12-08,"Ashley Smith",South,PROD-0029,"Whiteboard (Storage)","Office Supplies",12,6375.79,2196.69
ORD-00381,2024-06-30,"Jordan Edwards",North,PROD-0029,"Whiteboard (Storage)","Office Supplies",6,3355.68,923.69
ORD-00384,2025-04-10,"Anna Henderson",East,PROD-0029,"Whiteboard (Storage)","Office Supplies",11,5536.87,958.26
ORD-00443,2023-12-13,"Vincent Dalton",North,PROD-0029,"Whiteboard (Storage)","Office Supplies",3,1426.16,407.93
ORD-00481,2025-03-05,"Deborah Figueroa",Central,PROD-0029,"Whiteboard (Storage)","Office Supplies",13,7270.64,1690.76
ORD-00526,2023-08-22,"Nicholas Sheppard",East,PROD-0029,"Whiteboard (Storage)","Office Supplies",6,3355.68,658.87
ORD-00531,2025-02-24,"Andrew Johnson",North,PROD-0029,"Whiteboard (Storage)","Office Supplies",7,3914.96,1190.14
ORD-00585,2024-07-21,"Sarah Curtis",Central,PROD-0029,"Whiteboard (Storage)","Office Supplies",11,6152.08,2310.41
ORD-00660,2025-09-19,"Jesse Santiago",West,PROD-0029,"Whiteboard (Storage)","Office Supplies",6,3020.11,903.86
ORD-00683,2023-12-30,"Ms. Susan Vargas",East,PROD-0029,"Whiteboard (Storage)","Office Supplies",12,6711.36,1109.81
ORD-00720,2023-10-30,"Jesse Perry",North,PROD-0029,"Whiteboard (Storage)","Office Supplies",14,7046.93,2625.93
ORD-00782,2024-02-13,"Donald Wright",Central,PROD-0029,"Whiteboard (Storage)","Office Supplies",12,6711.36,1107.24
ORD-00797,2023-11-10,"Stephanie Gardner",East,PROD-0029,"Whiteboard (Storage)","Office Supplies",4,1901.55,464.51
ORD-00806,2023-08-15,"Christopher Collins",Central,PROD-0029,"Whiteboard (Storage)","Office Supplies",14,7046.93,1756.75
ORD-00929,2024-09-17,"Dwayne Payne",South,PROD-0029,"Whiteboard (Storage)","Office Supplies",8,4026.82,1680.59
ORD-01000,2023-05-21,"Robin Young",Central,PROD-0029,"Whiteboard (Storage)","Office Supplies",15,8389.20,2391.95
ORD-01042,2024-12-05,"Curtis Johnson",West,PROD-0029,"Whiteboard (Storage)","Office Supplies",1,531.32,219.77
ORD-01149,2023-09-04,"Belinda Mccullough",East,PROD-0029,"Whiteboard (Storage)","Office Supplies",14,6263.94,2392.73
ORD-01280,2024-10-01,"Daniel Salinas",East,PROD-0029,"Whiteboard (Storage)","Office Supplies",11,6152.08,2176.21
ORD-01317,2025-01-26,"Denise King",South,PROD-0029,"Whiteboard (Storage)","Office Supplies",15,7550.28,1205.25
ORD-01775,2025-11-23,"Walter Rush",West,PROD-0029,"Whiteboard (Storage)","Office Supplies",13,6180.04,2110.28
ORD-01831,2025-04-02,"Thomas Cunningham",Central,PROD-0029,"Whiteboard (Storage)","Office Supplies",10,5592.80,1692.15
ORD-01844,2023-07-27,"Laurie Hoffman",North,PROD-0029,"Whiteboard (Storage)","Office Supplies",4,1789.70,507.54
ORD-01859,2023-02-02,"Barry Welch",West,PROD-0029,"Whiteboard (Storage)","Office Supplies",15,7130.82,2922.80
ORD-01882,2025-07-08,"Robin Young",Central,PROD-0029,"Whiteboard (Storage)","Office Supplies",6,3355.68,1115.57
ORD-01917,2024-11-09,"April Booth",North,PROD-0029,"Whiteboard (Storage)","Office Supplies",13,6180.04,2084.07
ORD-02021,2023-12-18,"Angel Miller",North,PROD-0029,"Whiteboard (Storage)","Office Supplies",5,2796.40,755.14
ORD-02065,2023-11-27,"Mr. Philip Cannon",East,PROD-0029,"Whiteboard (Storage)","Office Supplies",1,559.28,122.32
ORD-02071,2024-12-06,"Robert Montgomery",East,PROD-0029,"Whiteboard (Storage)","Office Supplies",14,7829.92,2891.54
ORD-02103,2025-08-14,"Alison Buchanan",Central,PROD-0029,"Whiteboard (Storage)","Office Supplies",3,1593.95,260.59
ORD-02120,2023-08-07,"Kimberly Smith",North,PROD-0029,"Whiteboard (Storage)","Office Supplies",7,3914.96,1129.51
ORD-02184,2024-07-31,"Michael Martinez",East,PROD-0029,"Whiteboard (Storage)","Office Supplies",9,5033.52,1347.77
ORD-02221,2024-02-11,"Joshua Perry",East,PROD-0029,"Whiteboard (Storage)","Office Supplies",2,1118.56,407.75
ORD-02455,2024-12-14,"David Cox",West,PROD-0029,"Whiteboard (Storage)","Office Supplies",12,6040.22,1536.77
ORD-02460,2025-09-26,"Patrick Ryan",South,PROD-0029,"Whiteboard (Storage)","Office Supplies",7,3719.21,1200.85
ORD-02494,2025-12-16,"Sara Johnston",East,PROD-0029,"Whiteboard (Storage)","Office Supplies",4,2013.41,617.36
ORD-02499,2023-05-04,"Michelle Lewis",Central,PROD-0029,"Whiteboard (Storage)","Office Supplies",4,2237.12,556.71
ORD-02555,2024-03-24,"Rickey Li",Central,PROD-0029,"Whiteboard (Storage)","Office Supplies",1,531.32,90.39
ORD-02570,2025-11-26,"Andrea Davis",East,PROD-0029,"Whiteboard (Storage)","Office Supplies",8,3579.39,1552.37
ORD-02610,2024-10-19,"Julia Torres",East,PROD-0029,"Whiteboard (Storage)","Office Supplies",2,950.78,299.64
ORD-02645,2023-04-04,"Cynthia Wallace",Central,PROD-0029,"Whiteboard (Storage)","Office Supplies",13,7270.64,1367.05
ORD-02699,2023-06-08,"Brenda Bailey",Central,PROD-0029,"Whiteboard (Storage)","Office Supplies",15,8389.20,2352.16
ORD-02708,2025-05-07,"Robert Robinson",East,PROD-0029,"Whiteboard (Storage)","Office Supplies",4,2013.41,406.01
ORD-02742,2025-07-18,"Mr. Donald Fischer",Central,PROD-0029,"Whiteboard (Storage)","Office Supplies",5,2796.40,657.50
ORD-02755,2025-06-08,"Connor Greene",West,PROD-0029,"Whiteboard (Storage)","Office Supplies",2,1062.63,300.38
ORD-02824,2024-07-16,"Randy Strickland",Central,PROD-0029,"Whiteboard (Storage)","Office Supplies",5,2237.12,394.96
ORD-02879,2024-08-14,"Julia Torres",East,PROD-0029,"Whiteboard (Storage)","Office Supplies",4,2237.12,537.14
ORD-02914,2025-09-11,"Reginald Williams",West,PROD-0029,"Whiteboard (Storage)","Office Supplies",1,559.28,90.85
ORD-02916,2023-08-06,"Brenda Snyder PhD",Central,PROD-0029,"Whiteboard (Storage)","Office Supplies",8,3579.39,1521.98
ORD-02975,2025-05-06,"Brenda Bailey",Central,PROD-0029,"Whiteboard (Storage)","Office Supplies",7,3719.21,1462.90
ORD-02977,2025-04-17,"Melissa Bryant",South,PROD-0029,"Whiteboard (Storage)","Office Supplies",1,559.28,149.36
ORD-02985,2023-08-16,"Mark Lynch",South,PROD-0029,"Whiteboard (Storage)","Office Supplies",13,6543.58,1299.80
ORD-00003,2025-12-29,"Marie Moody",West,PROD-0030,"Desk Lamp (Accessories)",Technology,1,322.29,87.80
ORD-00239,2024-02-13,"Scott Cole",North,PROD-0030,"Desk Lamp (Accessories)",Technology,13,3969.22,1621.35
ORD-00243,2025-11-17,"Sandra Gilbert",West,PROD-0030,"Desk Lamp (Accessories)",Technology,3,814.20,259.53
ORD-00416,2024-10-18,"Tracy Phillips",Central,PROD-0030,"Desk Lamp (Accessories)",Technology,4,1357.00,253.93
ORD-00435,2025-08-12,"Deborah Figueroa",Central,PROD-0030,"Desk Lamp (Accessories)",Technology,2,542.80,84.46
ORD-00461,2025-08-31,"Patrick Ryan",South,PROD-0030,"Desk Lamp (Accessories)",Technology,5,1696.25,293.03
ORD-00621,2024-05-11,"Sean Rasmussen",West,PROD-0030,"Desk Lamp (Accessories)",Technology,8,2714.00,739.55
ORD-00624,2024-12-10,"Crystal Little",East,PROD-0030,"Desk Lamp (Accessories)",Technology,11,2985.40,722.35
ORD-00732,2024-09-28,"James Harmon",East,PROD-0030,"Desk Lamp (Accessories)",Technology,5,1357.00,410.51
ORD-00826,2024-12-09,"Belinda Miller",East,PROD-0030,"Desk Lamp (Accessories)",Technology,11,3171.99,817.04
ORD-00871,2023-04-07,"Jeremy Lowe",East,PROD-0030,"Desk Lamp (Accessories)",Technology,15,4834.31,1613.37
ORD-00961,2024-08-03,"Angel Miller",North,PROD-0030,"Desk Lamp (Accessories)",Technology,2,678.50,213.89
ORD-01049,2024-04-12,"Cheryl Allen",North,PROD-0030,"Desk Lamp (Accessories)",Technology,6,2035.50,517.21
ORD-01086,2025-08-20,"Haley Hartman",East,PROD-0030,"Desk Lamp (Accessories)",Technology,3,1017.75,184.51
ORD-01150,2023-01-24,"Olivia Moore",North,PROD-0030,"Desk Lamp (Accessories)",Technology,11,2985.40,777.22
ORD-01237,2024-09-03,"Kevin Mills",East,PROD-0030,"Desk Lamp (Accessories)",Technology,6,2035.50,886.03
ORD-01266,2024-01-19,"James Howard",West,PROD-0030,"Desk Lamp (Accessories)",Technology,10,3392.50,646.68
ORD-01286,2024-11-24,"Noah Brown",North,PROD-0030,"Desk Lamp (Accessories)",Technology,9,2900.59,1261.12
ORD-01390,2024-02-20,"Linda Dodson DVM",West,PROD-0030,"Desk Lamp (Accessories)",Technology,3,915.98,401.38
ORD-01471,2023-05-15,"Jennifer Smith",West,PROD-0030,"Desk Lamp (Accessories)",Technology,4,1289.15,546.35
ORD-01530,2025-04-23,"Casey James",East,PROD-0030,"Desk Lamp (Accessories)",Technology,6,2035.50,853.43
ORD-01575,2023-07-17,"Mr. Philip Cannon",East,PROD-0030,"Desk Lamp (Accessories)",Technology,13,4410.25,1109.95
ORD-01590,2024-05-15,"Vincent Mueller",East,PROD-0030,"Desk Lamp (Accessories)",Technology,4,1357.00,346.82
ORD-01596,2025-03-10,"Christopher Schwartz",North,PROD-0030,"Desk Lamp (Accessories)",Technology,6,1831.95,770.67
ORD-01671,2025-02-24,"Justin Baxter",East,PROD-0030,"Desk Lamp (Accessories)",Technology,12,3867.45,886.30
ORD-01808,2025-11-17,"Robert Robinson",East,PROD-0030,"Desk Lamp (Accessories)",Technology,14,4274.55,1772.15
ORD-01812,2025-12-06,"Olivia Moore",North,PROD-0030,"Desk Lamp (Accessories)",Technology,3,1017.75,344.57
ORD-01914,2023-03-28,"Bryan Zamora",East,PROD-0030,"Desk Lamp (Accessories)",Technology,8,2714.00,472.27
ORD-01927,2025-01-27,"Michael Miles",South,PROD-0030,"Desk Lamp (Accessories)",Technology,13,4410.25,1110.18
ORD-01939,2025-10-10,"Austin Smith",West,PROD-0030,"Desk Lamp (Accessories)",Technology,8,2714.00,748.10
ORD-01985,2024-12-11,"Alison Buchanan",Central,PROD-0030,"Desk Lamp (Accessories)",Technology,12,3256.80,770.25
ORD-02019,2024-03-23,"Christopher Lewis",North,PROD-0030,"Desk Lamp (Accessories)",Technology,7,2374.75,521.82
ORD-02245,2025-08-24,"Nathan Cortez",East,PROD-0030,"Desk Lamp (Accessories)",Technology,5,1526.62,640.83
ORD-02257,2024-12-12,"Steven Houston",North,PROD-0030,"Desk Lamp (Accessories)",Technology,15,5088.75,1605.27
ORD-02315,2025-05-18,"Melissa Lee",North,PROD-0030,"Desk Lamp (Accessories)",Technology,8,2306.90,364.83
ORD-02323,2025-01-09,"Alexis Herrera",South,PROD-0030,"Desk Lamp (Accessories)",Technology,14,3799.60,721.80
ORD-02332,2023-10-14,"David Davidson",East,PROD-0030,"Desk Lamp (Accessories)",Technology,12,3663.90,880.91
ORD-02392,2024-06-15,"Daniel Salinas",East,PROD-0030,"Desk Lamp (Accessories)",Technology,3,814.20,353.26
ORD-02440,2023-07-31,"Roger Vargas",Central,PROD-0030,"Desk Lamp (Accessories)",Technology,2,644.57,110.76
ORD-02467,2023-05-29,"Jennifer Conley",South,PROD-0030,"Desk Lamp (Accessories)",Technology,4,1153.45,390.45
ORD-02504,2025-11-17,"Jennifer Powers",North,PROD-0030,"Desk Lamp (Accessories)",Technology,4,1085.60,358.18
ORD-02512,2025-01-27,"Paul Hudson",North,PROD-0030,"Desk Lamp (Accessories)",Technology,2,678.50,173.30
ORD-02518,2024-04-08,"Jeremy Turner",Central,PROD-0030,"Desk Lamp (Accessories)",Technology,15,4579.88,1099.84
ORD-02536,2025-09-18,"Jacob Fitzpatrick",South,PROD-0030,"Desk Lamp (Accessories)",Technology,2,678.50,165.73
ORD-02679,2025-09-10,"Jordan Edwards",North,PROD-0030,"Desk Lamp (Accessories)",Technology,11,2985.40,844.92
ORD-02730,2025-05-23,"Bryan Zamora",East,PROD-0030,"Desk Lamp (Accessories)",Technology,5,1696.25,567.87
ORD-02862,2024-06-30,"Christopher Jenkins",South,PROD-0030,"Desk Lamp (Accessories)",Technology,2,678.50,215.07
ORD-00020,2024-11-29,"Seth Booker",West,PROD-0031,"Printer Paper Ream (Paper)","Office Supplies",1,365.95,118.56
ORD-00028,2024-01-08,"Melissa Lee",North,PROD-0031,"Printer Paper Ream (Paper)","Office Supplies",8,3659.52,1257.24
ORD-00039,2024-01-15,"Carol Lawson",South,PROD-0031,"Printer Paper Ream (Paper)","Office Supplies",4,1829.76,417.95
ORD-00083,2025-09-15,"Rodney Trujillo",Central,PROD-0031,"Printer Paper Ream (Paper)","Office Supplies",8,3659.52,1145.30
ORD-00139,2023-07-22,"Christian Martinez",East,PROD-0031,"Printer Paper Ream (Paper)","Office Supplies",14,6083.95,1614.10
ORD-00552,2025-11-19,"Cynthia Wallace",Central,PROD-0031,"Printer Paper Ream (Paper)","Office Supplies",15,5832.36,1198.23
ORD-00603,2023-01-24,"Michelle James",West,PROD-0031,"Printer Paper Ream (Paper)","Office Supplies",3,1303.70,213.93
ORD-00615,2024-10-17,"Thomas Cunningham",Central,PROD-0031,"Printer Paper Ream (Paper)","Office Supplies",5,1829.76,780.64
ORD-00657,2025-05-08,"Rita Adams",South,PROD-0031,"Printer Paper Ream (Paper)","Office Supplies",4,1555.30,287.11
ORD-00684,2025-03-12,"Paul Hudson",North,PROD-0031,"Printer Paper Ream (Paper)","Office Supplies",14,5123.33,822.01
ORD-00774,2023-11-05,"Laura Mckinney",South,PROD-0031,"Printer Paper Ream (Paper)","Office Supplies",3,1372.32,476.47
ORD-00776,2023-06-15,"Dwayne Payne",South,PROD-0031,"Printer Paper Ream (Paper)","Office Supplies",8,3659.52,954.00
ORD-00799,2024-07-06,"Casey Stone",Central,PROD-0031,"Printer Paper Ream (Paper)","Office Supplies",10,4116.96,987.17
ORD-00830,2023-04-14,"Christopher Collins",Central,PROD-0031,"Printer Paper Ream (Paper)","Office Supplies",9,4116.96,1172.72
ORD-00940,2024-01-02,"Kerry Smith",North,PROD-0031,"Printer Paper Ream (Paper)","Office Supplies",10,4116.96,1038.20
ORD-00942,2024-04-19,"Derek Thomas",Central,PROD-0031,"Printer Paper Ream (Paper)","Office Supplies",2,914.88,310.30
ORD-00948,2023-06-09,"David Murphy",East,PROD-0031,"Printer Paper Ream (Paper)","Office Supplies",9,4116.96,1387.83
ORD-00979,2025-02-07,"Tony Saunders",East,PROD-0031,"Printer Paper Ream (Paper)","Office Supplies",11,5031.84,1226.11
ORD-01138,2023-01-14,"Allison Hill",North,PROD-0031,"Printer Paper Ream (Paper)","Office Supplies",5,2287.20,881.84
ORD-01174,2023-03-31,"Andrea Davis",East,PROD-0031,"Printer Paper Ream (Paper)","Office Supplies",5,2287.20,987.99
ORD-01292,2023-09-27,"Angela Hernandez",West,PROD-0031,"Printer Paper Ream (Paper)","Office Supplies",2,731.90,153.18
ORD-01358,2025-07-08,"James Hughes",North,PROD-0031,"Printer Paper Ream (Paper)","Office Supplies",7,2721.77,967.03
ORD-01376,2025-10-04,"Tracy Phillips",Central,PROD-0031,"Printer Paper Ream (Paper)","Office Supplies",15,6861.60,1831.43
ORD-01452,2023-02-02,"Rodney Trujillo",Central,PROD-0031,"Printer Paper Ream (Paper)","Office Supplies",8,3110.59,1115.30
ORD-01479,2025-12-21,"Jake Campbell",Central,PROD-0031,"Printer Paper Ream (Paper)","Office Supplies",14,5763.74,1823.78
ORD-01601,2024-06-27,"Daniel Salinas",East,PROD-0031,"Printer Paper Ream (Paper)","Office Supplies",1,457.44,69.13
ORD-01673,2024-04-25,"Courtney Jones",North,PROD-0031,"Printer Paper Ream (Paper)","Office Supplies",8,3659.52,552.51
ORD-01804,2025-03-19,"Alison Buchanan",Central,PROD-0031,"Printer Paper Ream (Paper)","Office Supplies",14,6404.16,1759.28
ORD-01825,2024-09-24,"Patrick Fox",Central,PROD-0031,"Printer Paper Ream (Paper)","Office Supplies",9,3499.42,1444.79
ORD-01880,2025-01-10,"Michael Warner",East,PROD-0031,"Printer Paper Ream (Paper)","Office Supplies",9,3293.57,1439.16
ORD-01902,2024-06-08,"Christian Martinez",East,PROD-0031,"Printer Paper Ream (Paper)","Office Supplies",6,2607.41,796.77
ORD-02010,2025-05-13,"Nathan Cortez",East,PROD-0031,"Printer Paper Ream (Paper)","Office Supplies",1,457.44,159.58
ORD-02024,2025-09-14,"Olivia Moore",North,PROD-0031,"Printer Paper Ream (Paper)","Office Supplies",2,914.88,406.85
ORD-02152,2025-06-07,"Brenda Snyder PhD",Central,PROD-0031,"Printer Paper Ream (Paper)","Office Supplies",5,2058.48,848.98
ORD-02185,2023-12-16,"Brent Jordan",East,PROD-0031,"Printer Paper Ream (Paper)","Office Supplies",6,2195.71,731.46
ORD-02201,2024-01-25,"Kelly Foster",East,PROD-0031,"Printer Paper Ream (Paper)","Office Supplies",15,5489.28,1241.81
ORD-02222,2025-03-19,"Joshua Smith",Central,PROD-0031,"Printer Paper Ream (Paper)","Office Supplies",7,2721.77,954.35
ORD-02253,2023-06-03,"Dawn Hensley",West,PROD-0031,"Printer Paper Ream (Paper)","Office Supplies",9,3705.26,1286.21
ORD-02360,2024-11-30,"Robert Carter",North,PROD-0031,"Printer Paper Ream (Paper)","Office Supplies",8,2927.62,1202.20
ORD-02485,2025-02-04,"Joshua Smith",Central,PROD-0031,"Printer Paper Ream (Paper)","Office Supplies",10,4574.40,2018.29
ORD-02524,2024-05-03,"Brent Jordan",East,PROD-0031,"Printer Paper Ream (Paper)","Office Supplies",3,1372.32,337.00
ORD-02612,2024-08-08,"Courtney Jones",North,PROD-0031,"Printer Paper Ream (Paper)","Office Supplies",4,1829.76,416.00
ORD-02616,2023-05-28,"Sarah Curtis",Central,PROD-0031,"Printer Paper Ream (Paper)","Office Supplies",6,2744.64,673.24
ORD-02791,2025-08-23,"Jennifer Powers",North,PROD-0031,"Printer Paper Ream (Paper)","Office Supplies",7,3202.08,1028.31
ORD-02800,2025-08-27,"Kim Brown",East,PROD-0031,"Printer Paper Ream (Paper)","Office Supplies",9,3499.42,693.25
ORD-02893,2025-03-31,"Robert Robinson",East,PROD-0031,"Printer Paper Ream (Paper)","Office Supplies",10,4574.40,1833.38
ORD-02925,2023-06-13,"April Booth",North,PROD-0031,"Printer Paper Ream (Paper)","Office Supplies",3,1372.32,478.75
ORD-02971,2025-04-07,"Ashley James",Central,PROD-0031,"Printer Paper Ream (Paper)","Office Supplies",8,2927.62,909.98
ORD-02992,2023-03-23,"Richard Romero",East,PROD-0031,"Printer Paper Ream (Paper)","Office Supplies",6,2607.41,612.77
ORD-00030,2023-01-21,"Teresa Rodriguez",West,PROD-0032,"Cubicle Panel (Labels)","Office Supplies",9,47.88,20.32
ORD-00047,2025-03-31,"Lisa Gibbs",Central,PROD-0032,"Cubicle Panel (Labels)","Office Supplies",8,42.56,11.78
ORD-00057,2025-07-18,"Marie Christian",West,PROD-0032,"Cubicle Panel (Labels)","Office Supplies",2,9.04,3.43
ORD-00174,2024-12-18,"Teresa Rodriguez",West,PROD-0032,"Cubicle Panel (Labels)","Office Supplies",14,67.03,22.77
ORD-00223,2024-12-17,"Dr. Steven Martin",South,PROD-0032,"Cubicle Panel (Labels)","Office Supplies",5,22.61,5.44
ORD-00284,2025-06-28,"Seth Booker",West,PROD-0032,"Cubicle Panel (Labels)","Office Supplies",13,69.16,19.21
ORD-00374,2024-07-12,"Steven Houston",North,PROD-0032,"Cubicle Panel (Labels)","Office Supplies",4,17.02,7.08
ORD-00413,2024-04-24,"Mr. Nathaniel Khan",North,PROD-0032,"Cubicle Panel (Labels)","Office Supplies",9,47.88,10.71
ORD-00438,2023-02-03,"Stephanie Gardner",East,PROD-0032,"Cubicle Panel (Labels)","Office Supplies",5,23.94,4.06
ORD-00554,2023-09-17,"David Cox",West,PROD-0032,"Cubicle Panel (Labels)","Office Supplies",12,51.07,20.95
ORD-00564,2023-09-25,"Belinda Mccullough",East,PROD-0032,"Cubicle Panel (Labels)","Office Supplies",10,42.56,12.96
ORD-00739,2023-10-05,"Joshua Perry",East,PROD-0032,"Cubicle Panel (Labels)","Office Supplies",13,55.33,16.20
ORD-00993,2025-12-03,"Angela Hernandez",West,PROD-0032,"Cubicle Panel (Labels)","Office Supplies",5,22.61,3.64
ORD-01026,2024-10-08,"Richard Romero",East,PROD-0032,"Cubicle Panel (Labels)","Office Supplies",12,63.84,28.50
ORD-01060,2023-03-13,"Vincent Mueller",East,PROD-0032,"Cubicle Panel (Labels)","Office Supplies",11,58.52,11.23
ORD-01098,2023-07-03,"Michael Miles",South,PROD-0032,"Cubicle Panel (Labels)","Office Supplies",4,21.28,6.38
ORD-01208,2025-09-30,"Jonathan Dougherty",Central,PROD-0032,"Cubicle Panel (Labels)","Office Supplies",12,63.84,12.13
ORD-01256,2024-11-30,"Robert Montgomery",East,PROD-0032,"Cubicle Panel (Labels)","Office Supplies",7,31.65,8.84
ORD-01310,2023-07-05,"Jesse Brown",South,PROD-0032,"Cubicle Panel (Labels)","Office Supplies",4,17.02,6.95
ORD-01319,2024-04-26,"Haley Hartman",East,PROD-0032,"Cubicle Panel (Labels)","Office Supplies",7,31.65,8.64
ORD-01325,2025-06-13,"Darrell Patterson",North,PROD-0032,"Cubicle Panel (Labels)","Office Supplies",3,15.96,6.52
ORD-01336,2023-06-09,"Kimberly Gibson",West,PROD-0032,"Cubicle Panel (Labels)","Office Supplies",11,49.74,14.34
ORD-01361,2024-07-07,"Kimberly Gibson",West,PROD-0032,"Cubicle Panel (Labels)","Office Supplies",5,21.28,8.95
ORD-01379,2024-06-14,"Christopher Jenkins",South,PROD-0032,"Cubicle Panel (Labels)","Office Supplies",2,10.64,4.56
ORD-01406,2025-04-03,"Richard Romero",East,PROD-0032,"Cubicle Panel (Labels)","Office Supplies",6,31.92,5.02
ORD-01442,2025-04-23,"Monica Logan",North,PROD-0032,"Cubicle Panel (Labels)","Office Supplies",14,67.03,20.33
ORD-01506,2023-06-26,"Patrick Ryan",South,PROD-0032,"Cubicle Panel (Labels)","Office Supplies",3,15.96,5.73
ORD-01531,2025-10-27,"John Hamilton",South,PROD-0032,"Cubicle Panel (Labels)","Office Supplies",4,17.02,6.70
ORD-01565,2024-11-24,"Robin Young",Central,PROD-0032,"Cubicle Panel (Labels)","Office Supplies",4,19.15,3.77
ORD-01641,2024-04-27,"Crystal Whitehead",North,PROD-0032,"Cubicle Panel (Labels)","Office Supplies",5,26.60,5.11
ORD-01708,2025-07-01,"Kristine Garcia",East,PROD-0032,"Cubicle Panel (Labels)","Office Supplies",15,75.81,23.28
ORD-01845,2023-09-15,"Robert Carter",North,PROD-0032,"Cubicle Panel (Labels)","Office Supplies",5,23.94,7.85
ORD-01851,2024-12-20,"Jennifer Powers",North,PROD-0032,"Cubicle Panel (Labels)","Office Supplies",14,63.31,24.45
ORD-01884,2024-04-07,"Mr. Donald Fischer",Central,PROD-0032,"Cubicle Panel (Labels)","Office Supplies",12,60.65,9.87
ORD-01888,2024-05-03,"Anna Henderson",East,PROD-0032,"Cubicle Panel (Labels)","Office Supplies",6,25.54,11.08
ORD-01987,2025-04-30,"Michael Miles",South,PROD-0032,"Cubicle Panel (Labels)","Office Supplies",4,21.28,3.83
ORD-02144,2023-09-01,"Michelle Lewis",Central,PROD-0032,"Cubicle Panel (Labels)","Office Supplies",4,20.22,6.13
ORD-02240,2024-03-30,"Phillip Dorsey",South,PROD-0032,"Cubicle Panel (Labels)","Office Supplies",6,30.32,9.29
ORD-02269,2025-12-28,"James Harmon",East,PROD-0032,"Cubicle Panel (Labels)","Office Supplies",4,21.28,9.33
ORD-02356,2024-08-17,"Christopher Schwartz",North,PROD-0032,"Cubicle Panel (Labels)","Office Supplies",3,15.96,3.91
ORD-02470,2024-04-21,"Kyle Preston",South,PROD-0032,"Cubicle Panel (Labels)","Office Supplies",9,47.88,16.01
ORD-02495,2024-07-28,"Sherry Wood",North,PROD-0032,"Cubicle Panel (Labels)","Office Supplies",6,25.54,5.89
ORD-02655,2025-09-22,"Rickey Li",Central,PROD-0032,"Cubicle Panel (Labels)","Office Supplies",5,26.60,10.35
ORD-02847,2024-06-03,"Melanie Taylor",South,PROD-0032,"Cubicle Panel (Labels)","Office Supplies",9,47.88,12.83
ORD-02902,2025-08-22,"Melissa Lee",North,PROD-0032,"Cubicle Panel (Labels)","Office Supplies",9,40.70,13.50
ORD-02906,2025-05-19,"Sharon James",North,PROD-0032,"Cubicle Panel (Labels)","Office Supplies",10,50.54,14.64
ORD-02962,2024-12-21,"Theresa Clark",Central,PROD-0032,"Cubicle Panel (Labels)","Office Supplies",10,50.54,16.44
ORD-02998,2025-07-27,"Monica Logan",North,PROD-0032,"Cubicle Panel (Labels)","Office Supplies",15,67.83,20.52
ORD-00208,2023-05-20,"Angela Hernandez",West,PROD-0033,"Office Phone (Paper)","Office Supplies",8,4785.57,1247.05
ORD-00254,2023-02-03,"Rebecca Jackson",West,PROD-0033,"Office Phone (Paper)","Office Supplies",11,6233.83,1729.80
ORD-00264,2025-09-07,"Stephanie Dalton",South,PROD-0033,"Office Phone (Paper)","Office Supplies",11,6926.48,1430.67
ORD-00297,2023-09-23,"Charles Schultz",Central,PROD-0033,"Office Phone (Paper)","Office Supplies",10,6296.80,2709.36
ORD-00300,2025-08-12,"Amanda Lutz",East,PROD-0033,"Office Phone (Paper)","Office Supplies",11,6233.83,2160.93
ORD-00377,2024-01-31,"Lisa Gibbs",Central,PROD-0033,"Office Phone (Paper)","Office Supplies",3,1700.14,328.39
ORD-00459,2024-11-09,"Michael Warner",East,PROD-0033,"Office Phone (Paper)","Office Supplies",10,5037.44,795.15
ORD-00493,2024-05-11,"Joshua Smith",Central,PROD-0033,"Office Phone (Paper)","Office Supplies",6,3589.18,1313.32
ORD-00542,2023-03-27,"Reginald Williams",West,PROD-0033,"Office Phone (Paper)","Office Supplies",13,6957.96,2209.78
ORD-00547,2024-12-19,"Crystal Whitehead",North,PROD-0033,"Office Phone (Paper)","Office Supplies",14,7493.19,2000.09
ORD-00556,2025-03-15,"Carol Lawson",South,PROD-0033,"Office Phone (Paper)","Office Supplies",8,5037.44,1394.22
ORD-00561,2025-01-03,"Kerry Smith",North,PROD-0033,"Office Phone (Paper)","Office Supplies",14,8815.52,1862.69
ORD-00595,2025-11-03,"Robert Carter",North,PROD-0033,"Office Phone (Paper)","Office Supplies",5,2676.14,632.13
ORD-00609,2025-10-20,"John Hernandez",East,PROD-0033,"Office Phone (Paper)","Office Supplies",14,7933.97,3173.08
ORD-00626,2024-09-21,"Vincent Dalton",North,PROD-0033,"Office Phone (Paper)","Office Supplies",2,1259.36,366.54
ORD-00796,2025-02-17,"Melissa Gates",North,PROD-0033,"Office Phone (Paper)","Office Supplies",2,1133.42,424.10
ORD-00923,2024-10-12,"Mr. Donald Fischer",Central,PROD-0033,"Office Phone (Paper)","Office Supplies",8,4785.57,1682.11
ORD-00973,2025-12-21,"David Murphy",East,PROD-0033,"Office Phone (Paper)","Office Supplies",7,4407.76,742.59
ORD-01034,2025-02-19,"Kristen Willis",West,PROD-0033,"Office Phone (Paper)","Office Supplies",4,2518.72,528.90
ORD-01172,2025-09-16,"Kimberly Gibson",West,PROD-0033,"Office Phone (Paper)","Office Supplies",10,5352.28,815.20
ORD-01214,2023-03-22,"Casey Stone",Central,PROD-0033,"Office Phone (Paper)","Office Supplies",9,5383.76,1589.08
ORD-01219,2023-10-05,"Stephanie Dalton",South,PROD-0033,"Office Phone (Paper)","Office Supplies",7,4187.37,1477.98
ORD-01304,2025-06-01,"Sheila Sawyer",North,PROD-0033,"Office Phone (Paper)","Office Supplies",13,7776.55,2176.16
ORD-01349,2025-12-16,"Christopher Collins",Central,PROD-0033,"Office Phone (Paper)","Office Supplies",14,8815.52,3060.27
ORD-01353,2023-04-22,"Michael Martinez",East,PROD-0033,"Office Phone (Paper)","Office Supplies",11,6926.48,1547.06
ORD-01391,2024-01-27,"Grant Watts",West,PROD-0033,"Office Phone (Paper)","Office Supplies",5,2676.14,891.07
ORD-01399,2023-11-02,"Mary Thompson",North,PROD-0033,"Office Phone (Paper)","Office Supplies",12,6800.54,2584.91
ORD-01448,2023-03-10,"Marie Christian",West,PROD-0033,"Office Phone (Paper)","Office Supplies",7,3966.98,1315.86
ORD-01456,2025-08-08,"Cynthia Wallace",Central,PROD-0033,"Office Phone (Paper)","Office Supplies",12,6422.74,2887.61
ORD-01464,2024-11-16,"Kristen Willis",West,PROD-0033,"Office Phone (Paper)","Office Supplies",4,2266.85,942.86
ORD-01499,2025-03-18,"Olivia Moore",North,PROD-0033,"Office Phone (Paper)","Office Supplies",4,2392.78,848.65
ORD-01538,2023-10-19,"Victoria Valdez",South,PROD-0033,"Office Phone (Paper)","Office Supplies",12,7556.16,2703.38
ORD-01633,2024-10-10,"Victoria Valdez",South,PROD-0033,"Office Phone (Paper)","Office Supplies",9,5383.76,1655.74
ORD-01741,2025-09-26,"Rebecca Jackson",West,PROD-0033,"Office Phone (Paper)","Office Supplies",4,2140.91,924.42
ORD-01815,2024-08-03,"David Cox",West,PROD-0033,"Office Phone (Paper)","Office Supplies",4,2518.72,514.48
ORD-01818,2025-07-15,"April Booth",North,PROD-0033,"Office Phone (Paper)","Office Supplies",15,9445.20,2036.34
ORD-01875,2024-07-15,"Jeremy Turner",Central,PROD-0033,"Office Phone (Paper)","Office Supplies",4,2014.98,496.91
ORD-01878,2023-04-17,"Samantha Pollard",South,PROD-0033,"Office Phone (Paper)","Office Supplies",14,8815.52,2823.04
ORD-01994,2024-10-29,"Robert Costa",South,PROD-0033,"Office Phone (Paper)","Office Supplies",7,4187.37,1677.24
ORD-02057,2025-02-27,"Brittney Webster",West,PROD-0033,"Office Phone (Paper)","Office Supplies",15,8500.68,3411.25
ORD-02068,2025-05-24,"Michelle James",West,PROD-0033,"Office Phone (Paper)","Office Supplies",5,2676.14,961.63
ORD-02187,2025-09-03,"Robert Costa",South,PROD-0033,"Office Phone (Paper)","Office Supplies",10,6296.80,2344.18
ORD-02290,2023-01-25,"James Harmon",East,PROD-0033,"Office Phone (Paper)","Office Supplies",10,6296.80,2119.74
ORD-02310,2023-06-06,"Ms. Teresa Wilson",West,PROD-0033,"Office Phone (Paper)","Office Supplies",13,8185.84,1567.47
ORD-02389,2025-05-16,"Thomas Jones",North,PROD-0033,"Office Phone (Paper)","Office Supplies",5,3148.40,816.36
ORD-02457,2024-05-27,"Grant Watts",West,PROD-0033,"Office Phone (Paper)","Office Supplies",3,1889.04,460.70
ORD-02530,2024-08-18,"Kimberly Gibson",West,PROD-0033,"Office Phone (Paper)","Office Supplies",14,8815.52,2577.83
ORD-02728,2023-07-18,"Darrell Patterson",North,PROD-0033,"Office Phone (Paper)","Office Supplies",4,2518.72,760.68
ORD-02768,2024-10-23,"Kyle Preston",South,PROD-0033,"Office Phone (Paper)","Office Supplies",5,2676.14,949.27
ORD-02861,2024-01-31,"Seth Booker",West,PROD-0033,"Office Phone (Paper)","Office Supplies",14,7052.42,2112.50
ORD-02919,2025-02-25,"Joshua Smith",Central,PROD-0033,"Office Phone (Paper)","Office Supplies",11,6580.16,2938.20
ORD-00117,2023-04-11,"Lori Guerrero",East,PROD-0034,"Paper Shredder (Machines)",Technology,15,4808.97,1088.98
ORD-00263,2023-12-25,"Michael Warner",East,PROD-0034,"Paper Shredder (Machines)",Technology,14,3989.66,975.85
ORD-00337,2024-09-04,"Ms. Susan Vargas",East,PROD-0034,"Paper Shredder (Machines)",Technology,10,3562.20,1060.84
ORD-00344,2025-02-17,"Daniel Salinas",East,PROD-0034,"Paper Shredder (Machines)",Technology,3,854.93,210.13
ORD-00358,2023-06-11,"Lori Hill",West,PROD-0034,"Paper Shredder (Machines)",Technology,6,2030.45,514.13
ORD-00376,2024-11-21,"Mr. Donald Fischer",Central,PROD-0034,"Paper Shredder (Machines)",Technology,13,4630.86,1295.09
ORD-00403,2025-02-08,"Theresa Clark",Central,PROD-0034,"Paper Shredder (Machines)",Technology,2,605.57,97.35
ORD-00486,2024-05-20,"Kathleen Ramos",North,PROD-0034,"Paper Shredder (Machines)",Technology,12,3633.44,1094.61
ORD-00514,2025-07-15,"Kyle Preston",South,PROD-0034,"Paper Shredder (Machines)",Technology,6,2137.32,769.27
ORD-00523,2024-01-18,"Kimberly Smith",North,PROD-0034,"Paper Shredder (Machines)",Technology,6,2137.32,835.43
ORD-00599,2023-05-16,"Joshua Perry",East,PROD-0034,"Paper Shredder (Machines)",Technology,5,1513.94,482.57
ORD-00600,2024-05-03,"Sherry Wood",North,PROD-0034,"Paper Shredder (Machines)",Technology,1,356.22,151.09
ORD-00647,2023-06-22,"Kelsey Parker",Central,PROD-0034,"Paper Shredder (Machines)",Technology,10,3205.98,1193.76
ORD-00707,2025-03-25,"Angie Henderson",East,PROD-0034,"Paper Shredder (Machines)",Technology,8,2707.27,491.47
ORD-00738,2023-11-22,"Kelsey Parker",Central,PROD-0034,"Paper Shredder (Machines)",Technology,2,712.44,168.94
ORD-00759,2023-04-27,"Jacob Fitzpatrick",South,PROD-0034,"Paper Shredder (Machines)",Technology,13,3704.69,775.36
ORD-00777,2024-10-03,"Ashley Smith",South,PROD-0034,"Paper Shredder (Machines)",Technology,11,3918.42,1757.75
ORD-00906,2023-04-04,"Michelle Lewis",Central,PROD-0034,"Paper Shredder (Machines)",Technology,12,3419.71,1464.40
ORD-01039,2024-03-17,"Jesse Brown",South,PROD-0034,"Paper Shredder (Machines)",Technology,14,4987.08,1531.22
ORD-01058,2024-09-25,"Seth Booker",West,PROD-0034,"Paper Shredder (Machines)",Technology,4,1424.88,325.90
ORD-01094,2024-03-22,"Lori Hill",West,PROD-0034,"Paper Shredder (Machines)",Technology,2,712.44,185.33
ORD-01109,2025-11-02,"David Davidson",East,PROD-0034,"Paper Shredder (Machines)",Technology,7,2119.51,835.81
ORD-01223,2025-07-09,"Rodney Trujillo",Central,PROD-0034,"Paper Shredder (Machines)",Technology,11,3918.42,1663.01
ORD-01230,2024-02-20,"Melissa Bryant",South,PROD-0034,"Paper Shredder (Machines)",Technology,1,320.60,70.65
ORD-01344,2025-09-19,"Linda Dodson DVM",West,PROD-0034,"Paper Shredder (Machines)",Technology,2,712.44,212.54
ORD-01350,2023-10-25,"Kimberly Dudley",Central,PROD-0034,"Paper Shredder (Machines)",Technology,10,2849.76,1150.60
ORD-01408,2023-04-04,"David Davidson",East,PROD-0034,"Paper Shredder (Machines)",Technology,10,3562.20,1244.45
ORD-01431,2024-04-16,"Marie Moody",West,PROD-0034,"Paper Shredder (Machines)",Technology,13,4630.86,1630.81
ORD-01459,2024-02-29,"Kyle Preston",South,PROD-0034,"Paper Shredder (Machines)",Technology,13,3936.23,1675.70
ORD-01513,2023-02-24,"Marie Christian",West,PROD-0034,"Paper Shredder (Machines)",Technology,13,4630.86,1869.91
ORD-01533,2023-08-22,"Christopher Jenkins",South,PROD-0034,"Paper Shredder (Machines)",Technology,7,2368.86,415.00
ORD-01554,2025-05-18,"David Murphy",East,PROD-0034,"Paper Shredder (Machines)",Technology,4,1282.39,489.53
ORD-01592,2023-08-23,"Christopher Jenkins",South,PROD-0034,"Paper Shredder (Machines)",Technology,6,2137.32,949.15
ORD-01636,2023-03-13,"Brenda Snyder PhD",Central,PROD-0034,"Paper Shredder (Machines)",Technology,14,4239.02,1065.41
ORD-01649,2024-01-12,"Melissa Bryant",South,PROD-0034,"Paper Shredder (Machines)",Technology,11,3722.50,791.75
ORD-01816,2023-01-05,"Rodney Trujillo",Central,PROD-0034,"Paper Shredder (Machines)",Technology,2,641.20,221.47
ORD-01822,2025-04-18,"Kim Brown",East,PROD-0034,"Paper Shredder (Machines)",Technology,7,2493.54,448.65
ORD-01842,2025-04-13,"Angel Miller",North,PROD-0034,"Paper Shredder (Machines)",Technology,2,676.82,298.70
ORD-01862,2023-06-08,"Kathleen Ramos",North,PROD-0034,"Paper Shredder (Machines)",Technology,9,3205.98,584.22
ORD-01945,2025-11-15,"David Davidson",East,PROD-0034,"Paper Shredder (Machines)",Technology,10,3562.20,1147.63
ORD-01951,2023-08-31,"Angela Hernandez",West,PROD-0034,"Paper Shredder (Machines)",Technology,2,712.44,312.42
ORD-01993,2023-06-06,"Walter Rush",West,PROD-0034,"Paper Shredder (Machines)",Technology,13,4630.86,1383.15
ORD-02039,2023-04-17,"Laurie Hoffman",North,PROD-0034,"Paper Shredder (Machines)",Technology,11,3918.42,660.32
ORD-02055,2025-02-03,"Richard Romero",East,PROD-0034,"Paper Shredder (Machines)",Technology,7,2368.86,847.24
ORD-02101,2025-10-30,"Christopher Jenkins",South,PROD-0034,"Paper Shredder (Machines)",Technology,1,356.22,107.09
ORD-02136,2023-12-02,"Donald Wright",Central,PROD-0034,"Paper Shredder (Machines)",Technology,10,3562.20,1130.77
ORD-02140,2025-02-10,"Kristen Willis",West,PROD-0034,"Paper Shredder (Machines)",Technology,7,2119.51,418.61
ORD-02161,2023-06-23,"Allison Hill",North,PROD-0034,"Paper Shredder (Machines)",Technology,2,641.20,231.11
ORD-02313,2024-07-24,"Mr. Donald Fischer",Central,PROD-0034,"Paper Shredder (Machines)",Technology,3,1068.66,377.33
ORD-02351,2024-08-01,"Jonathan Dougherty",Central,PROD-0034,"Paper Shredder (Machines)",Technology,7,2244.19,878.68
ORD-02378,2023-11-21,"Casey Stone",Central,PROD-0034,"Paper Shredder (Machines)",Technology,10,3384.09,656.01
ORD-02482,2024-12-09,"Michelle Miles",South,PROD-0034,"Paper Shredder (Machines)",Technology,7,2493.54,705.83
ORD-02490,2024-09-15,"Seth Booker",West,PROD-0034,"Paper Shredder (Machines)",Technology,2,712.44,250.21
ORD-02493,2025-04-26,"Cynthia Wallace",Central,PROD-0034,"Paper Shredder (Machines)",Technology,11,3722.50,928.87
ORD-02630,2024-11-06,"Brenda Bailey",Central,PROD-0034,"Paper Shredder (Machines)",Technology,15,4274.64,1072.93
ORD-02826,2024-02-19,"Benjamin Smith",South,PROD-0034,"Paper Shredder (Machines)",Technology,2,641.20,259.22
ORD-02832,2024-03-19,"Paul Hudson",North,PROD-0034,"Paper Shredder (Machines)",Technology,2,569.95,151.33
ORD-02890,2025-02-03,"Christopher Lewis",North,PROD-0034,"Paper Shredder (Machines)",Technology,10,3562.20,1087.30
ORD-02892,2023-08-09,"Melanie Taylor",South,PROD-0034,"Paper Shredder (Machines)",Technology,7,2368.86,515.89
ORD-00120,2023-10-08,"Courtney Jones",North,PROD-0035,"Wall Calendar (Accessories)",Technology,11,4192.98,750.45
ORD-00146,2024-02-25,"Daniel Salinas",East,PROD-0035,"Wall Calendar (Accessories)",Technology,2,609.89,134.45
ORD-00183,2023-11-15,"Laurie Hoffman",North,PROD-0035,"Wall Calendar (Accessories)",Technology,3,914.83,242.11
ORD-00187,2025-09-23,"Jake Campbell",Central,PROD-0035,"Wall Calendar (Accessories)",Technology,9,2916.03,1042.41
ORD-00207,2024-10-23,"Joshua Mata",North,PROD-0035,"Wall Calendar (Accessories)",Technology,14,4536.04,1611.01
ORD-00302,2023-04-24,"Kelly Foster",East,PROD-0035,"Wall Calendar (Accessories)",Technology,14,5336.52,1571.98
ORD-00318,2024-10-15,"Melissa Bryant",South,PROD-0035,"Wall Calendar (Accessories)",Technology,4,1448.48,598.57
ORD-00364,2023-10-09,"Anna Lozano",West,PROD-0035,"Wall Calendar (Accessories)",Technology,1,343.06,53.73
ORD-00370,2025-10-11,"Cameron Fisher",Central,PROD-0035,"Wall Calendar (Accessories)",Technology,3,972.01,156.84
ORD-00414,2023-04-26,"Kathleen Ramos",North,PROD-0035,"Wall Calendar (Accessories)",Technology,3,1029.19,156.39
ORD-00742,2024-02-12,"Reginald Williams",West,PROD-0035,"Wall Calendar (Accessories)",Technology,5,1905.90,386.80
ORD-00748,2024-03-14,"Christopher Lewis",North,PROD-0035,"Wall Calendar (Accessories)",Technology,14,5336.52,1365.01
ORD-00787,2025-07-22,"Ashley Smith",South,PROD-0035,"Wall Calendar (Accessories)",Technology,12,4116.74,1116.00
ORD-00791,2024-03-08,"Deborah Figueroa",Central,PROD-0035,"Wall Calendar (Accessories)",Technology,12,4574.16,1249.17
ORD-00832,2025-07-06,"Cheryl Allen",North,PROD-0035,"Wall Calendar (Accessories)",Technology,2,609.89,183.25
ORD-00865,2023-04-26,"Kim Brown",East,PROD-0035,"Wall Calendar (Accessories)",Technology,4,1524.72,342.98
ORD-00893,2025-11-19,"Mrs. Jennifer Morgan",Central,PROD-0035,"Wall Calendar (Accessories)",Technology,13,4459.81,1410.78
ORD-01045,2025-11-11,"Kimberly Dudley",Central,PROD-0035,"Wall Calendar (Accessories)",Technology,8,2439.55,558.76
ORD-01054,2023-06-13,"Tracy Phillips",Central,PROD-0035,"Wall Calendar (Accessories)",Technology,4,1524.72,504.51
ORD-01056,2025-03-24,"Jacob Anderson",West,PROD-0035,"Wall Calendar (Accessories)",Technology,9,2744.50,414.96
ORD-01064,2025-06-09,"Robert Robinson",East,PROD-0035,"Wall Calendar (Accessories)",Technology,9,2916.03,752.75
ORD-01190,2024-10-01,"Angela Hernandez",West,PROD-0035,"Wall Calendar (Accessories)",Technology,15,5145.93,1807.33
ORD-01195,2023-05-19,"Jesse Brown",South,PROD-0035,"Wall Calendar (Accessories)",Technology,9,3087.56,510.74
ORD-01209,2025-05-25,"Andrea Davis",East,PROD-0035,"Wall Calendar (Accessories)",Technology,7,2134.61,933.79
ORD-01218,2025-07-14,"Grant Watts",West,PROD-0035,"Wall Calendar (Accessories)",Technology,2,648.01,194.28
ORD-01328,2025-07-10,"Patrick Fox",Central,PROD-0035,"Wall Calendar (Accessories)",Technology,7,2668.26,1020.02
ORD-01488,2024-09-09,"Reginald Williams",West,PROD-0035,"Wall Calendar (Accessories)",Technology,2,762.36,250.54
ORD-01497,2024-07-23,"Barry Welch",West,PROD-0035,"Wall Calendar (Accessories)",Technology,4,1524.72,647.89
ORD-01534,2023-09-26,"Diane Garcia",West,PROD-0035,"Wall Calendar (Accessories)",Technology,15,5717.70,1750.44
ORD-01632,2025-10-01,"Michael Miles",South,PROD-0035,"Wall Calendar (Accessories)",Technology,9,3430.62,823.74
ORD-01688,2025-09-20,"Jesse Brown",South,PROD-0035,"Wall Calendar (Accessories)",Technology,8,2896.97,1205.87
ORD-01765,2023-12-09,"Shannon Ray",North,PROD-0035,"Wall Calendar (Accessories)",Technology,11,4192.98,791.38
ORD-01784,2025-06-24,"John Torres",North,PROD-0035,"Wall Calendar (Accessories)",Technology,12,4574.16,840.26
ORD-01856,2024-12-02,"Curtis Johnson",West,PROD-0035,"Wall Calendar (Accessories)",Technology,11,4192.98,654.56
ORD-01864,2025-02-09,"Thomas Cunningham",Central,PROD-0035,"Wall Calendar (Accessories)",Technology,14,4802.87,1645.51
ORD-01904,2023-05-04,"Kyle Preston",South,PROD-0035,"Wall Calendar (Accessories)",Technology,3,1143.54,314.07
ORD-01933,2024-11-02,"Cheryl Williams",South,PROD-0035,"Wall Calendar (Accessories)",Technology,4,1524.72,398.20
ORD-01971,2023-12-30,"Lori Guerrero",East,PROD-0035,"Wall Calendar (Accessories)",Technology,1,304.94,74.19
ORD-02033,2023-03-23,"Jennifer Smith",West,PROD-0035,"Wall Calendar (Accessories)",Technology,9,2744.50,430.14
ORD-02133,2025-12-17,"Cheryl Williams",South,PROD-0035,"Wall Calendar (Accessories)",Technology,12,4574.16,1670.90
ORD-02199,2025-09-09,"Connor Greene",West,PROD-0035,"Wall Calendar (Accessories)",Technology,8,2744.50,670.93
ORD-02219,2023-08-11,"Cameron Fisher",Central,PROD-0035,"Wall Calendar (Accessories)",Technology,8,2592.02,513.72
ORD-02294,2023-08-06,"Shannon Ray",North,PROD-0035,"Wall Calendar (Accessories)",Technology,9,2916.03,596.40
ORD-02491,2025-02-16,"Brenda Bailey",Central,PROD-0035,"Wall Calendar (Accessories)",Technology,5,1620.02,646.22
ORD-02513,2025-05-15,"Dawn Hensley",West,PROD-0035,"Wall Calendar (Accessories)",Technology,4,1524.72,599.47
ORD-02558,2025-06-11,"Matthew Harvey",South,PROD-0035,"Wall Calendar (Accessories)",Technology,11,4192.98,875.02
ORD-02580,2023-07-18,"Rebecca Jackson",West,PROD-0035,"Wall Calendar (Accessories)",Technology,4,1524.72,638.73
ORD-02602,2024-10-25,"Paul Hudson",North,PROD-0035,"Wall Calendar (Accessories)",Technology,10,3430.62,1185.52
ORD-02618,2025-08-28,"Kelsey Parker",Central,PROD-0035,"Wall Calendar (Accessories)",Technology,9,3430.62,1176.89
ORD-02650,2024-02-26,"Lisa Gibbs",Central,PROD-0035,"Wall Calendar (Accessories)",Technology,8,2592.02,594.70
ORD-02793,2025-12-28,"Michael Martinez",East,PROD-0035,"Wall Calendar (Accessories)",Technology,9,3430.62,1150.21
ORD-00042,2023-01-29,"Sandra Parker",West,PROD-0036,"External Hard Drive (Accessories)",Technology,12,782.03,322.22
ORD-00070,2023-08-03,"Patrick Fox",Central,PROD-0036,"External Hard Drive (Accessories)",Technology,14,1013.74,355.88
ORD-00074,2023-01-03,"Vincent Mueller",East,PROD-0036,"External Hard Drive (Accessories)",Technology,11,637.21,183.02
ORD-00191,2023-12-26,"Monica Logan",North,PROD-0036,"External Hard Drive (Accessories)",Technology,3,206.37,59.89
ORD-00199,2025-06-11,"Stephanie Dalton",South,PROD-0036,"External Hard Drive (Accessories)",Technology,10,687.89,201.42
ORD-00216,2023-06-22,"Robert Montgomery",East,PROD-0036,"External Hard Drive (Accessories)",Technology,9,553.94,220.60
ORD-00323,2025-10-15,"James Hughes",North,PROD-0036,"External Hard Drive (Accessories)",Technology,1,72.41,12.05
ORD-00389,2024-03-23,"Stephanie Dalton",South,PROD-0036,"External Hard Drive (Accessories)",Technology,13,941.33,231.47
ORD-00392,2025-11-01,"Scott Branch",West,PROD-0036,"External Hard Drive (Accessories)",Technology,4,260.68,75.34
ORD-00667,2024-12-27,"Cynthia Wallace",Central,PROD-0036,"External Hard Drive (Accessories)",Technology,15,868.92,132.54
ORD-00737,2025-11-23,"Michael Evans",South,PROD-0036,"External Hard Drive (Accessories)",Technology,14,1013.74,206.49
ORD-00775,2025-07-26,"Joshua Perry",East,PROD-0036,"External Hard Drive (Accessories)",Technology,3,217.23,41.55
ORD-00836,2024-09-15,"Amy Hernandez",South,PROD-0036,"External Hard Drive (Accessories)",Technology,15,977.53,274.98
ORD-00877,2025-07-08,"Monica Logan",North,PROD-0036,"External Hard Drive (Accessories)",Technology,3,184.65,78.97
ORD-00919,2025-08-02,"Joshua Smith",Central,PROD-0036,"External Hard Drive (Accessories)",Technology,11,716.86,306.86
ORD-00922,2024-04-25,"Robin Young",Central,PROD-0036,"External Hard Drive (Accessories)",Technology,2,144.82,38.25
ORD-00966,2025-02-28,"Jennifer Powers",North,PROD-0036,"External Hard Drive (Accessories)",Technology,3,217.23,96.67
ORD-00983,2024-02-22,"Belinda Mccullough",East,PROD-0036,"External Hard Drive (Accessories)",Technology,7,456.18,98.02
ORD-01005,2025-11-17,"Donald Wright",Central,PROD-0036,"External Hard Drive (Accessories)",Technology,5,325.84,67.14
ORD-01017,2024-06-27,"Deborah Figueroa",Central,PROD-0036,"External Hard Drive (Accessories)",Technology,4,289.64,112.72
ORD-01029,2025-08-23,"Jeremy Turner",Central,PROD-0036,"External Hard Drive (Accessories)",Technology,10,724.10,246.36
ORD-01123,2024-09-14,"Deborah Figueroa",Central,PROD-0036,"External Hard Drive (Accessories)",Technology,2,144.82,23.44
ORD-01177,2025-01-07,"Michael Miles",South,PROD-0036,"External Hard Drive (Accessories)",Technology,14,1013.74,450.38
ORD-01242,2024-08-22,"Kimberly Gibson",West,PROD-0036,"External Hard Drive (Accessories)",Technology,8,579.28,239.47
ORD-01250,2024-02-01,"Kelly Foster",East,PROD-0036,"External Hard Drive (Accessories)",Technology,1,72.41,32.06
ORD-01331,2025-01-21,"Kim Brown",East,PROD-0036,"External Hard Drive (Accessories)",Technology,1,72.41,20.24
ORD-01422,2024-03-02,"Melissa Bryant",South,PROD-0036,"External Hard Drive (Accessories)",Technology,5,362.05,141.88
ORD-01438,2024-07-28,"Michelle James",West,PROD-0036,"External Hard Drive (Accessories)",Technology,3,217.23,42.25
ORD-01440,2023-11-18,"Nicole Parrish",North,PROD-0036,"External Hard Drive (Accessories)",Technology,13,753.06,194.74
ORD-01454,2025-07-20,"Robert Montgomery",East,PROD-0036,"External Hard Drive (Accessories)",Technology,8,463.42,189.27
ORD-01507,2025-12-11,"Sean Rasmussen",West,PROD-0036,"External Hard Drive (Accessories)",Technology,6,434.46,73.88
ORD-01514,2025-08-25,"Crystal Whitehead",North,PROD-0036,"External Hard Drive (Accessories)",Technology,2,123.10,30.80
ORD-01717,2023-08-09,"Shawn Baker",South,PROD-0036,"External Hard Drive (Accessories)",Technology,9,619.11,201.89
ORD-01754,2024-09-13,"Jordan Wilson",North,PROD-0036,"External Hard Drive (Accessories)",Technology,4,289.64,81.95
ORD-01777,2025-11-25,"Crystal Little",East,PROD-0036,"External Hard Drive (Accessories)",Technology,2,144.82,50.47
ORD-01810,2025-01-26,"Eric Byrd",North,PROD-0036,"External Hard Drive (Accessories)",Technology,15,1086.15,292.74
ORD-01837,2023-02-25,"Bryan Zamora",East,PROD-0036,"External Hard Drive (Accessories)",Technology,12,868.92,313.33
ORD-01901,2024-02-01,"Brittney Webster",West,PROD-0036,"External Hard Drive (Accessories)",Technology,15,977.53,402.94
ORD-01962,2023-03-03,"Anna Henderson",East,PROD-0036,"External Hard Drive (Accessories)",Technology,6,434.46,120.24
ORD-01988,2025-06-03,"Olivia Moore",North,PROD-0036,"External Hard Drive (Accessories)",Technology,8,550.32,97.27
ORD-02015,2025-05-26,"Melissa Gates",North,PROD-0036,"External Hard Drive (Accessories)",Technology,2,144.82,55.88
ORD-02016,2024-10-24,"Kristine Garcia",East,PROD-0036,"External Hard Drive (Accessories)",Technology,3,217.23,71.55
ORD-02074,2025-05-05,"Allison Smith",South,PROD-0036,"External Hard Drive (Accessories)",Technology,9,619.11,157.03
ORD-02167,2024-04-30,"Ashley James",Central,PROD-0036,"External Hard Drive (Accessories)",Technology,1,72.41,29.51
ORD-02197,2024-08-08,"Roger Vargas",Central,PROD-0036,"External Hard Drive (Accessories)",Technology,9,619.11,128.46
ORD-02233,2024-06-23,"Scott Branch",West,PROD-0036,"External Hard Drive (Accessories)",Technology,12,868.92,217.32
ORD-02242,2025-01-14,"Cheryl Williams",South,PROD-0036,"External Hard Drive (Accessories)",Technology,5,362.05,85.63
ORD-02287,2023-12-30,"Melissa Lee",North,PROD-0036,"External Hard Drive (Accessories)",Technology,14,963.05,234.78
ORD-02343,2025-01-30,"Mrs. Jennifer Morgan",Central,PROD-0036,"External Hard Drive (Accessories)",Technology,11,756.68,296.30
ORD-02354,2023-07-26,"Mrs. Jennifer Morgan",Central,PROD-0036,"External Hard Drive (Accessories)",Technology,9,521.35,113.38
ORD-02369,2025-08-01,"Ashley James",Central,PROD-0036,"External Hard Drive (Accessories)",Technology,5,343.95,53.81
ORD-02398,2023-10-24,"Julia Torres",East,PROD-0036,"External Hard Drive (Accessories)",Technology,6,369.29,56.90
ORD-02471,2024-03-10,"Brittney Webster",West,PROD-0036,"External Hard Drive (Accessories)",Technology,9,651.69,273.14
ORD-02479,2025-04-04,"Deborah Figueroa",Central,PROD-0036,"External Hard Drive (Accessories)",Technology,1,65.17,11.38
ORD-02484,2025-07-19,"Matthew Williams",South,PROD-0036,"External Hard Drive (Accessories)",Technology,8,463.42,119.41
ORD-02529,2024-05-21,"Marie Moody",West,PROD-0036,"External Hard Drive (Accessories)",Technology,8,579.28,252.83
ORD-02573,2024-11-09,"John Hamilton",South,PROD-0036,"External Hard Drive (Accessories)",Technology,14,1013.74,419.25
ORD-02839,2024-07-22,"Walter Rush",West,PROD-0036,"External Hard Drive (Accessories)",Technology,12,868.92,172.08
ORD-02974,2023-12-19,"Casey Stone",Central,PROD-0036,"External Hard Drive (Accessories)",Technology,11,796.51,266.83
ORD-00049,2023-06-24,"Phillip Dorsey",South,PROD-0037,"Wireless Mouse (Machines)",Technology,4,2622.60,741.09
ORD-00066,2023-03-24,"Brenda Thornton",North,PROD-0037,"Wireless Mouse (Machines)",Technology,13,6818.76,2710.07
ORD-00116,2025-03-21,"Melissa Bryant",South,PROD-0037,"Wireless Mouse (Machines)",Technology,5,3278.25,918.64
ORD-00159,2023-06-15,"Austin Smith",West,PROD-0037,"Wireless Mouse (Machines)",Technology,6,3540.51,1435.68
ORD-00198,2025-01-11,"Rodney Trujillo",Central,PROD-0037,"Wireless Mouse (Machines)",Technology,2,1245.73,244.98
ORD-00245,2023-04-20,"Shane Henderson",Central,PROD-0037,"Wireless Mouse (Machines)",Technology,7,4130.60,1395.36
ORD-00273,2023-06-11,"Ms. Teresa Wilson",West,PROD-0037,"Wireless Mouse (Machines)",Technology,7,4130.60,625.66
ORD-00274,2024-08-24,"Grant Watts",West,PROD-0037,"Wireless Mouse (Machines)",Technology,6,3933.90,1675.76
ORD-00290,2023-06-01,"John Hernandez",East,PROD-0037,"Wireless Mouse (Machines)",Technology,8,5245.20,946.21
ORD-00351,2024-06-25,"Cynthia Wallace",Central,PROD-0037,"Wireless Mouse (Machines)",Technology,10,6228.67,2443.64
ORD-00397,2024-09-23,"Melissa Gates",North,PROD-0037,"Wireless Mouse (Machines)",Technology,12,7867.80,2605.94
ORD-00401,2024-01-04,"Alexis Herrera",South,PROD-0037,"Wireless Mouse (Machines)",Technology,13,8523.45,1877.30
ORD-00422,2024-05-08,"Andrea Davis",East,PROD-0037,"Wireless Mouse (Machines)",Technology,14,9179.10,3302.45
ORD-00451,2025-05-31,"Robert Montgomery",East,PROD-0037,"Wireless Mouse (Machines)",Technology,13,8523.45,3561.91
ORD-00453,2024-05-31,"Lori Garcia",East,PROD-0037,"Wireless Mouse (Machines)",Technology,14,9179.10,3394.45
ORD-00504,2024-12-28,"Donald Wright",Central,PROD-0037,"Wireless Mouse (Machines)",Technology,3,1671.91,445.06
ORD-00558,2023-07-10,"Cameron Fisher",Central,PROD-0037,"Wireless Mouse (Machines)",Technology,7,4130.60,929.63
ORD-00662,2023-03-02,"Roger Vargas",Central,PROD-0037,"Wireless Mouse (Machines)",Technology,15,7867.80,1702.89
ORD-00697,2023-06-03,"Rickey Li",Central,PROD-0037,"Wireless Mouse (Machines)",Technology,9,5900.85,2057.12
ORD-00701,2024-06-27,"Jennifer Conley",South,PROD-0037,"Wireless Mouse (Machines)",Technology,11,7212.15,2602.00
ORD-00827,2023-04-22,"Katrina Hill",East,PROD-0037,"Wireless Mouse (Machines)",Technology,1,557.30,94.57
ORD-00843,2023-04-04,"David Cox",West,PROD-0037,"Wireless Mouse (Machines)",Technology,15,9834.75,2972.78
ORD-01063,2025-07-24,"Jordan Wilson",North,PROD-0037,"Wireless Mouse (Machines)",Technology,11,6130.33,1589.26
ORD-01091,2024-10-01,"Gina French",Central,PROD-0037,"Wireless Mouse (Machines)",Technology,15,9834.75,3957.67
ORD-01135,2024-06-04,"Anna Gay",Central,PROD-0037,"Wireless Mouse (Machines)",Technology,6,3737.20,1180.02
ORD-01393,2024-01-24,"Mary Thompson",North,PROD-0037,"Wireless Mouse (Machines)",Technology,3,1966.95,771.19
ORD-01421,2025-11-05,"Jacob Anderson",West,PROD-0037,"Wireless Mouse (Machines)",Technology,4,2491.47,545.38
ORD-01474,2024-02-23,"David Murphy",East,PROD-0037,"Wireless Mouse (Machines)",Technology,9,5015.72,2222.93
ORD-01557,2023-03-25,"Brenda Bailey",Central,PROD-0037,"Wireless Mouse (Machines)",Technology,2,1311.30,395.86
ORD-01695,2023-09-07,"Patrick Fox",Central,PROD-0037,"Wireless Mouse (Machines)",Technology,7,4589.55,1252.48
ORD-01699,2024-10-27,"Laurie Hoffman",North,PROD-0037,"Wireless Mouse (Machines)",Technology,12,6687.63,1189.97
ORD-01866,2025-06-29,"Ashley Smith",South,PROD-0037,"Wireless Mouse (Machines)",Technology,1,655.65,148.87
ORD-01912,2024-11-09,"Jennifer Conley",South,PROD-0037,"Wireless Mouse (Machines)",Technology,14,8261.19,2314.55
ORD-01956,2023-01-25,"Robert Robinson",East,PROD-0037,"Wireless Mouse (Machines)",Technology,8,4458.42,1320.61
ORD-02045,2025-09-12,"Brenda Bailey",Central,PROD-0037,"Wireless Mouse (Machines)",Technology,2,1311.30,433.42
ORD-02089,2025-03-27,"Sandra Parker",West,PROD-0037,"Wireless Mouse (Machines)",Technology,7,4130.60,1787.84
ORD-02110,2024-04-03,"Austin Smith",West,PROD-0037,"Wireless Mouse (Machines)",Technology,15,8851.28,1948.16
ORD-02218,2025-01-16,"Denise King",South,PROD-0037,"Wireless Mouse (Machines)",Technology,7,4589.55,1326.71
ORD-02232,2025-11-13,"Anna Lozano",West,PROD-0037,"Wireless Mouse (Machines)",Technology,3,1966.95,719.23
ORD-02305,2023-06-23,"Michelle James",West,PROD-0037,"Wireless Mouse (Machines)",Technology,15,9834.75,2642.09
ORD-02386,2023-10-26,"Crystal Little",East,PROD-0037,"Wireless Mouse (Machines)",Technology,11,7212.15,2552.70
ORD-02397,2024-02-11,"Jake Campbell",Central,PROD-0037,"Wireless Mouse (Machines)",Technology,2,1114.60,278.22
ORD-02424,2023-03-08,"James Howard",West,PROD-0037,"Wireless Mouse (Machines)",Technology,1,655.65,264.87
ORD-02427,2024-01-30,"Melissa Gates",North,PROD-0037,"Wireless Mouse (Machines)",Technology,10,5573.02,1850.27
ORD-02431,2023-08-31,"Angela Hernandez",West,PROD-0037,"Wireless Mouse (Machines)",Technology,11,6490.94,1393.71
ORD-02525,2024-01-19,"Jordan Wilson",North,PROD-0037,"Wireless Mouse (Machines)",Technology,6,3737.20,1522.72
ORD-02646,2023-04-27,"Gina French",Central,PROD-0037,"Wireless Mouse (Machines)",Technology,2,1311.30,540.24
ORD-02667,2024-03-19,"George Shelton",Central,PROD-0037,"Wireless Mouse (Machines)",Technology,13,8523.45,2963.75
ORD-02724,2024-01-11,"Monica Logan",North,PROD-0037,"Wireless Mouse (Machines)",Technology,12,6294.24,1719.16
ORD-02761,2023-07-17,"Joshua Mata",North,PROD-0037,"Wireless Mouse (Machines)",Technology,4,2622.60,422.56
ORD-02786,2025-04-30,"Lisa Gibbs",Central,PROD-0037,"Wireless Mouse (Machines)",Technology,1,655.65,148.97
ORD-02852,2023-08-01,"Michelle Lewis",Central,PROD-0037,"Wireless Mouse (Machines)",Technology,1,655.65,289.37
ORD-02989,2025-05-04,"Allison Hill",North,PROD-0037,"Wireless Mouse (Machines)",Technology,5,2786.51,804.74
ORD-00035,2025-12-23,"Courtney Jones",North,PROD-0038,"Bookshelf Unit (Bookcases)",Furniture,6,3683.45,556.24
ORD-00121,2023-03-22,"John Hernandez",East,PROD-0038,"Bookshelf Unit (Bookcases)",Furniture,5,2584.88,821.35
ORD-00188,2025-03-20,"Mrs. Jennifer Morgan",Central,PROD-0038,"Bookshelf Unit (Bookcases)",Furniture,10,6462.20,2893.09
ORD-00316,2024-10-15,"Lisa Gibbs",Central,PROD-0038,"Bookshelf Unit (Bookcases)",Furniture,12,6203.71,2148.90
ORD-00465,2023-06-07,"Walter Rush",West,PROD-0038,"Bookshelf Unit (Bookcases)",Furniture,5,3231.10,907.33
ORD-00483,2023-12-14,"Jennifer Smith",West,PROD-0038,"Bookshelf Unit (Bookcases)",Furniture,3,1938.66,697.26
ORD-00642,2025-11-17,"Jacob Fitzpatrick",South,PROD-0038,"Bookshelf Unit (Bookcases)",Furniture,1,549.29,197.94
ORD-00650,2024-11-10,"Donald Wright",Central,PROD-0038,"Bookshelf Unit (Bookcases)",Furniture,2,1292.44,216.25
ORD-00663,2025-08-24,"Derek Thomas",Central,PROD-0038,"Bookshelf Unit (Bookcases)",Furniture,9,5815.98,1279.21
ORD-00765,2025-01-04,"Angel Miller",North,PROD-0038,"Bookshelf Unit (Bookcases)",Furniture,9,5815.98,1142.11
ORD-00894,2024-08-30,"Mr. Donald Fischer",Central,PROD-0038,"Bookshelf Unit (Bookcases)",Furniture,15,8239.30,3231.83
ORD-00950,2025-09-24,"Patrick Fox",Central,PROD-0038,"Bookshelf Unit (Bookcases)",Furniture,13,7980.82,1467.26
ORD-01040,2023-07-17,"Courtney Jones",North,PROD-0038,"Bookshelf Unit (Bookcases)",Furniture,8,4394.30,1536.26
ORD-01192,2024-02-19,"David Murphy",East,PROD-0038,"Bookshelf Unit (Bookcases)",Furniture,14,9047.08,3232.53
ORD-01211,2025-12-11,"Allison Smith",South,PROD-0038,"Bookshelf Unit (Bookcases)",Furniture,11,6042.16,1292.56
ORD-01217,2023-04-22,"Joseph Hill",Central,PROD-0038,"Bookshelf Unit (Bookcases)",Furniture,12,6979.18,1248.56
ORD-01233,2025-09-01,"Anna Gay",Central,PROD-0038,"Bookshelf Unit (Bookcases)",Furniture,8,4911.27,1559.02
ORD-01244,2024-03-04,"Denise King",South,PROD-0038,"Bookshelf Unit (Bookcases)",Furniture,10,6462.20,2696.09
ORD-01284,2024-12-18,"Destiny Riggs",South,PROD-0038,"Bookshelf Unit (Bookcases)",Furniture,9,5815.98,2144.26
ORD-01305,2024-04-28,"Kim Brown",East,PROD-0038,"Bookshelf Unit (Bookcases)",Furniture,3,1647.86,410.51
ORD-01397,2023-03-29,"Stephanie Gardner",East,PROD-0038,"Bookshelf Unit (Bookcases)",Furniture,7,4523.54,1748.33
ORD-01413,2023-06-15,"Sarah Curtis",Central,PROD-0038,"Bookshelf Unit (Bookcases)",Furniture,1,646.22,256.02
ORD-01436,2024-02-02,"Julie Grant",South,PROD-0038,"Bookshelf Unit (Bookcases)",Furniture,11,7108.42,1118.39
ORD-01443,2025-08-27,"Sara Johnston",East,PROD-0038,"Bookshelf Unit (Bookcases)",Furniture,14,8594.73,3147.81
ORD-01552,2025-08-30,"Paul Hudson",North,PROD-0038,"Bookshelf Unit (Bookcases)",Furniture,6,3295.72,900.34
ORD-01586,2024-12-23,"Brenda Thornton",North,PROD-0038,"Bookshelf Unit (Bookcases)",Furniture,13,8400.86,2972.69
ORD-01593,2023-03-18,"Jennifer Powers",North,PROD-0038,"Bookshelf Unit (Bookcases)",Furniture,8,4394.30,839.26
ORD-01603,2023-07-14,"Randy Strickland",Central,PROD-0038,"Bookshelf Unit (Bookcases)",Furniture,10,6462.20,2378.03
ORD-01613,2023-11-05,"Nicole Parrish",North,PROD-0038,"Bookshelf Unit (Bookcases)",Furniture,12,6591.44,1452.36
ORD-01622,2025-09-22,"Christopher Collins",Central,PROD-0038,"Bookshelf Unit (Bookcases)",Furniture,13,8400.86,3640.95
ORD-01667,2025-04-16,"Michael Evans",South,PROD-0038,"Bookshelf Unit (Bookcases)",Furniture,13,8400.86,3707.87
ORD-01672,2023-05-30,"Marie Christian",West,PROD-0038,"Bookshelf Unit (Bookcases)",Furniture,2,1163.20,502.94
ORD-01752,2023-09-22,"Haley Hartman",East,PROD-0038,"Bookshelf Unit (Bookcases)",Furniture,3,1938.66,781.49
ORD-01767,2025-11-02,"Nancy Gonzalez",Central,PROD-0038,"Bookshelf Unit (Bookcases)",Furniture,8,4394.30,829.87
ORD-01789,2023-11-24,"Jennifer Powers",North,PROD-0038,"Bookshelf Unit (Bookcases)",Furniture,1,646.22,118.20
ORD-01883,2023-06-17,"Justin Baxter",East,PROD-0038,"Bookshelf Unit (Bookcases)",Furniture,15,8723.97,1811.95
ORD-01915,2024-04-01,"Samantha Pollard",South,PROD-0038,"Bookshelf Unit (Bookcases)",Furniture,12,7754.64,2404.24
ORD-01975,2023-12-18,"Phillip Dorsey",South,PROD-0038,"Bookshelf Unit (Bookcases)",Furniture,6,3101.86,549.20
ORD-02122,2024-03-24,"Joshua Smith",Central,PROD-0038,"Bookshelf Unit (Bookcases)",Furniture,8,4394.30,1376.58
ORD-02236,2023-11-01,"Sandra Gilbert",West,PROD-0038,"Bookshelf Unit (Bookcases)",Furniture,4,2584.88,1060.61
ORD-02301,2025-02-28,"Charles Schultz",Central,PROD-0038,"Bookshelf Unit (Bookcases)",Furniture,3,1938.66,491.24
ORD-02565,2025-08-02,"Brenda Snyder PhD",Central,PROD-0038,"Bookshelf Unit (Bookcases)",Furniture,1,581.60,257.11
ORD-02686,2024-04-11,"Kerry Smith",North,PROD-0038,"Bookshelf Unit (Bookcases)",Furniture,1,549.29,83.72
ORD-02735,2024-08-13,"Sheila Sawyer",North,PROD-0038,"Bookshelf Unit (Bookcases)",Furniture,15,9693.30,1486.55
ORD-02884,2023-03-11,"Mark Brennan",North,PROD-0038,"Bookshelf Unit (Bookcases)",Furniture,6,3295.72,1379.64
ORD-00037,2024-05-29,"Anna Gay",Central,PROD-0039,"Standing Desk (Chairs)",Furniture,4,798.60,186.56
ORD-00200,2024-09-27,"Linda Dodson DVM",West,PROD-0039,"Standing Desk (Chairs)",Furniture,12,2395.80,918.86
ORD-00229,2023-11-14,"Julie Spencer",North,PROD-0039,"Standing Desk (Chairs)",Furniture,2,399.30,78.53
ORD-00320,2025-05-06,"Kathleen Ramos",North,PROD-0039,"Standing Desk (Chairs)",Furniture,4,638.88,114.56
ORD-00371,2023-03-18,"Phillip Dorsey",South,PROD-0039,"Standing Desk (Chairs)",Furniture,1,199.65,55.82
ORD-00399,2025-05-17,"Christian Martinez",East,PROD-0039,"Standing Desk (Chairs)",Furniture,6,1018.22,438.72
ORD-00441,2024-11-22,"Jacob Fitzpatrick",South,PROD-0039,"Standing Desk (Chairs)",Furniture,5,798.60,162.53
ORD-00541,2024-07-02,"Amy Hernandez",South,PROD-0039,"Standing Desk (Chairs)",Furniture,13,2335.91,474.23
ORD-00605,2025-01-31,"Michelle James",West,PROD-0039,"Standing Desk (Chairs)",Furniture,3,509.11,109.80
ORD-00746,2024-06-13,"Matthew Williams",South,PROD-0039,"Standing Desk (Chairs)",Furniture,12,1916.64,466.40
ORD-00805,2024-11-08,"Thomas Jones",North,PROD-0039,"Standing Desk (Chairs)",Furniture,4,798.60,356.32
ORD-01033,2024-07-06,"Tony Saunders",East,PROD-0039,"Standing Desk (Chairs)",Furniture,13,2595.45,735.55
ORD-01036,2025-10-20,"Vincent Mueller",East,PROD-0039,"Standing Desk (Chairs)",Furniture,3,479.16,124.97
ORD-01108,2024-06-23,"Roger Vargas",Central,PROD-0039,"Standing Desk (Chairs)",Furniture,9,1796.85,563.81
ORD-01234,2023-01-14,"Patrick Ryan",South,PROD-0039,"Standing Desk (Chairs)",Furniture,4,718.74,263.47
ORD-01295,2024-06-12,"Richard Romero",East,PROD-0039,"Standing Desk (Chairs)",Furniture,15,2994.75,995.39
ORD-01444,2025-05-26,"Denise King",South,PROD-0039,"Standing Desk (Chairs)",Furniture,12,1916.64,720.66
ORD-01502,2024-12-07,"David Davidson",East,PROD-0039,"Standing Desk (Chairs)",Furniture,6,1197.90,187.76
ORD-01516,2024-05-16,"Julie Grant",South,PROD-0039,"Standing Desk (Chairs)",Furniture,1,199.65,44.04
ORD-01517,2023-05-17,"Robert Robinson",East,PROD-0039,"Standing Desk (Chairs)",Furniture,10,1697.02,579.49
ORD-01602,2024-04-07,"Robert Carter",North,PROD-0039,"Standing Desk (Chairs)",Furniture,10,1697.02,275.97
ORD-01606,2024-09-06,"Mr. Donald Fischer",Central,PROD-0039,"Standing Desk (Chairs)",Furniture,7,1187.92,342.14
ORD-01674,2023-04-04,"Belinda Miller",East,PROD-0039,"Standing Desk (Chairs)",Furniture,1,199.65,59.62
ORD-01756,2023-12-24,"David Davidson",East,PROD-0039,"Standing Desk (Chairs)",Furniture,14,2236.08,406.21
ORD-01773,2025-12-20,"Jacob Fitzpatrick",South,PROD-0039,"Standing Desk (Chairs)",Furniture,7,1118.04,426.58
ORD-01942,2023-11-18,"Thomas Cunningham",Central,PROD-0039,"Standing Desk (Chairs)",Furniture,15,2395.80,809.22
ORD-01992,2025-10-07,"Christian Martinez",East,PROD-0039,"Standing Desk (Chairs)",Furniture,7,1118.04,317.69
ORD-02047,2025-06-06,"Nathan Cortez",East,PROD-0039,"Standing Desk (Chairs)",Furniture,13,2595.45,529.78
ORD-02067,2025-11-27,"Jeremy Turner",Central,PROD-0039,"Standing Desk (Chairs)",Furniture,15,2994.75,560.61
ORD-02105,2023-07-03,"Monica Logan",North,PROD-0039,"Standing Desk (Chairs)",Furniture,2,379.34,57.66
ORD-02157,2023-08-29,"Christopher Lewis",North,PROD-0039,"Standing Desk (Chairs)",Furniture,3,479.16,129.50
ORD-02349,2023-04-02,"Sandra Gilbert",West,PROD-0039,"Standing Desk (Chairs)",Furniture,10,1597.20,486.92
ORD-02395,2023-11-26,"Kimberly Dudley",Central,PROD-0039,"Standing Desk (Chairs)",Furniture,12,2276.01,782.02
ORD-02426,2023-12-16,"Richard Romero",East,PROD-0039,"Standing Desk (Chairs)",Furniture,10,1896.68,715.90
ORD-02439,2023-06-19,"Diane Garcia",West,PROD-0039,"Standing Desk (Chairs)",Furniture,15,2994.75,783.93
ORD-02487,2025-06-11,"Kyle Mcdonald",North,PROD-0039,"Standing Desk (Chairs)",Furniture,4,798.60,338.28
ORD-02533,2024-06-11,"Julie Grant",South,PROD-0039,"Standing Desk (Chairs)",Furniture,11,2086.34,780.16
ORD-02571,2024-07-07,"Kelly Foster",East,PROD-0039,"Standing Desk (Chairs)",Furniture,14,2375.84,992.83
ORD-02579,2023-01-01,"Destiny Riggs",South,PROD-0039,"Standing Desk (Chairs)",Furniture,3,539.06,100.28
ORD-02637,2023-02-13,"Robert Montgomery",East,PROD-0039,"Standing Desk (Chairs)",Furniture,15,2994.75,1323.96
ORD-02649,2023-09-08,"Lori Garcia",East,PROD-0039,"Standing Desk (Chairs)",Furniture,11,2196.15,937.95
ORD-02694,2023-03-05,"Kimberly Dudley",Central,PROD-0039,"Standing Desk (Chairs)",Furniture,3,598.95,261.51
ORD-02707,2025-01-11,"Grant Watts",West,PROD-0039,"Standing Desk (Chairs)",Furniture,11,2086.34,560.05
ORD-02827,2024-03-19,"Jordan Wilson",North,PROD-0039,"Standing Desk (Chairs)",Furniture,5,998.25,370.47
ORD-02863,2024-02-11,"Anna Lozano",West,PROD-0039,"Standing Desk (Chairs)",Furniture,12,2156.22,705.57
ORD-02953,2025-08-01,"Jesse Brown",South,PROD-0039,"Standing Desk (Chairs)",Furniture,10,1896.68,492.32
ORD-02970,2024-10-12,"Stephanie Gardner",East,PROD-0039,"Standing Desk (Chairs)",Furniture,9,1617.17,469.38
ORD-02984,2024-05-10,"Melissa Lee",North,PROD-0039,"Standing Desk (Chairs)",Furniture,13,2595.45,410.49
ORD-00032,2025-09-02,"Walter Rush",West,PROD-0040,"LED Desk Lamp (Labels)","Office Supplies",11,5759.13,1743.60
ORD-00162,2025-11-01,"Michael Warner",East,PROD-0040,"LED Desk Lamp (Labels)","Office Supplies",10,5851.52,2459.08
ORD-00220,2024-11-16,"Scott Branch",West,PROD-0040,"LED Desk Lamp (Labels)","Office Supplies",2,1231.90,519.43
ORD-00280,2023-10-20,"Nicholas Sheppard",East,PROD-0040,"LED Desk Lamp (Labels)","Office Supplies",14,7760.97,1913.65
ORD-00313,2025-04-11,"Sheila Sawyer",North,PROD-0040,"LED Desk Lamp (Labels)","Office Supplies",5,2925.76,1252.54
ORD-00329,2024-02-03,"Stephanie Dalton",South,PROD-0040,"LED Desk Lamp (Labels)","Office Supplies",6,3326.13,1208.78
ORD-00348,2023-10-10,"Mark Brennan",North,PROD-0040,"LED Desk Lamp (Labels)","Office Supplies",9,5543.55,1561.81
ORD-00352,2024-07-25,"Jesse Perry",North,PROD-0040,"LED Desk Lamp (Labels)","Office Supplies",9,5543.55,2120.63
ORD-00400,2023-05-22,"Melissa Gates",North,PROD-0040,"LED Desk Lamp (Labels)","Office Supplies",15,8777.29,3866.22
ORD-00581,2024-03-12,"Ms. Teresa Wilson",West,PROD-0040,"LED Desk Lamp (Labels)","Office Supplies",11,5759.13,2330.07
ORD-00588,2025-03-13,"Joshua Perry",East,PROD-0040,"LED Desk Lamp (Labels)","Office Supplies",5,2617.79,1135.15
ORD-00656,2025-09-08,"Mark Brennan",North,PROD-0040,"LED Desk Lamp (Labels)","Office Supplies",1,615.95,225.48
ORD-00803,2025-01-03,"Seth Booker",West,PROD-0040,"LED Desk Lamp (Labels)","Office Supplies",12,7021.83,2537.65
ORD-00841,2024-11-30,"Steven Houston",North,PROD-0040,"LED Desk Lamp (Labels)","Office Supplies",6,2956.56,768.41
ORD-00853,2024-10-21,"Angel Miller",North,PROD-0040,"LED Desk Lamp (Labels)","Office Supplies",9,5266.37,1708.41
ORD-00889,2023-01-19,"Christian Martinez",East,PROD-0040,"LED Desk Lamp (Labels)","Office Supplies",2,1047.12,362.51
ORD-01003,2023-12-25,"Mr. Donald Fischer",Central,PROD-0040,"LED Desk Lamp (Labels)","Office Supplies",7,3880.49,1622.28
ORD-01015,2024-01-10,"Sara Johnston",East,PROD-0040,"LED Desk Lamp (Labels)","Office Supplies",12,6282.69,1073.86
ORD-01066,2025-06-23,"Stephen Johnston",North,PROD-0040,"LED Desk Lamp (Labels)","Office Supplies",5,3079.75,1005.04
ORD-01131,2025-06-26,"Kristine Garcia",East,PROD-0040,"LED Desk Lamp (Labels)","Office Supplies",15,9239.25,1656.18
ORD-01185,2024-06-11,"Mrs. Jennifer Morgan",Central,PROD-0040,"LED Desk Lamp (Labels)","Office Supplies",15,8777.29,1605.19
ORD-01220,2024-01-02,"Kim Brown",East,PROD-0040,"LED Desk Lamp (Labels)","Office Supplies",8,4434.84,802.77
ORD-01255,2024-10-25,"Derek Thomas",Central,PROD-0040,"LED Desk Lamp (Labels)","Office Supplies",13,8007.35,3329.85
ORD-01267,2024-09-23,"Daniel Salinas",East,PROD-0040,"LED Desk Lamp (Labels)","Office Supplies",12,5913.12,2103.00
ORD-01294,2025-08-11,"Allison Smith",South,PROD-0040,"LED Desk Lamp (Labels)","Office Supplies",8,4927.60,816.83
ORD-01326,2025-05-01,"Andrew Johnson",North,PROD-0040,"LED Desk Lamp (Labels)","Office Supplies",14,8192.14,1490.36
ORD-01500,2025-11-13,"Barry Welch",West,PROD-0040,"LED Desk Lamp (Labels)","Office Supplies",1,523.56,178.89
ORD-01547,2024-12-13,"Daniel Salinas",East,PROD-0040,"LED Desk Lamp (Labels)","Office Supplies",6,3695.70,714.96
ORD-01648,2024-10-31,"Teresa Rodriguez",West,PROD-0040,"LED Desk Lamp (Labels)","Office Supplies",8,4188.46,1850.44
ORD-01651,2023-06-18,"Theresa Clark",Central,PROD-0040,"LED Desk Lamp (Labels)","Office Supplies",2,1231.90,462.11
ORD-01665,2025-06-02,"Destiny Riggs",South,PROD-0040,"LED Desk Lamp (Labels)","Office Supplies",14,8623.30,2328.08
ORD-01713,2025-12-10,"Katrina Hill",East,PROD-0040,"LED Desk Lamp (Labels)","Office Supplies",2,1231.90,381.32
ORD-01726,2023-08-27,"Dwayne Payne",South,PROD-0040,"LED Desk Lamp (Labels)","Office Supplies",1,615.95,156.00
ORD-01755,2025-01-04,"Christopher Schwartz",North,PROD-0040,"LED Desk Lamp (Labels)","Office Supplies",15,9239.25,3168.02
ORD-01796,2025-12-28,"Curtis Johnson",West,PROD-0040,"LED Desk Lamp (Labels)","Office Supplies",14,7760.97,2947.99
ORD-01807,2025-09-19,"Katrina Hill",East,PROD-0040,"LED Desk Lamp (Labels)","Office Supplies",12,7021.83,2887.27
ORD-01925,2023-10-09,"Kerry Smith",North,PROD-0040,"LED Desk Lamp (Labels)","Office Supplies",7,3664.90,783.47
ORD-01940,2023-03-16,"Phillip Dorsey",South,PROD-0040,"LED Desk Lamp (Labels)","Office Supplies",4,2463.80,447.26
ORD-01980,2024-02-20,"Tony Saunders",East,PROD-0040,"LED Desk Lamp (Labels)","Office Supplies",9,4712.02,1152.32
ORD-02038,2023-01-13,"Katrina Hill",East,PROD-0040,"LED Desk Lamp (Labels)","Office Supplies",2,985.52,298.13
ORD-02046,2025-08-22,"Patrick Ryan",South,PROD-0040,"LED Desk Lamp (Labels)","Office Supplies",8,4681.22,1396.93
ORD-02147,2025-02-21,"Alison Buchanan",Central,PROD-0040,"LED Desk Lamp (Labels)","Office Supplies",5,2617.79,665.03
ORD-02215,2025-10-04,"Belinda Miller",East,PROD-0040,"LED Desk Lamp (Labels)","Office Supplies",4,2463.80,717.63
ORD-02229,2024-04-29,"Crystal Little",East,PROD-0040,"LED Desk Lamp (Labels)","Office Supplies",1,523.56,105.26
ORD-02246,2024-05-31,"Grant Watts",West,PROD-0040,"LED Desk Lamp (Labels)","Office Supplies",8,4927.60,1723.26
ORD-02280,2024-02-27,"Tracy Phillips",Central,PROD-0040,"LED Desk Lamp (Labels)","Office Supplies",14,8192.14,3144.21
ORD-02325,2025-05-12,"Jacob Anderson",West,PROD-0040,"LED Desk Lamp (Labels)","Office Supplies",4,2463.80,496.83
ORD-02381,2025-08-10,"Christopher Jenkins",South,PROD-0040,"LED Desk Lamp (Labels)","Office Supplies",2,1231.90,487.73
ORD-02421,2025-03-21,"Angel Miller",North,PROD-0040,"LED Desk Lamp (Labels)","Office Supplies",1,615.95,132.64
ORD-02511,2025-06-01,"Scott Branch",West,PROD-0040,"LED Desk Lamp (Labels)","Office Supplies",9,5543.55,2406.19
ORD-02534,2023-01-28,"Gina French",Central,PROD-0040,"LED Desk Lamp (Labels)","Office Supplies",14,8623.30,3101.45
ORD-02543,2024-07-19,"Jordan Edwards",North,PROD-0040,"LED Desk Lamp (Labels)","Office Supplies",5,3079.75,1347.91
ORD-02614,2023-02-19,"Randy Strickland",Central,PROD-0040,"LED Desk Lamp (Labels)","Office Supplies",11,5759.13,2425.39
ORD-02654,2024-12-10,"Kerry Smith",North,PROD-0040,"LED Desk Lamp (Labels)","Office Supplies",15,8777.29,2092.06
ORD-02684,2024-04-21,"Casey Stone",Central,PROD-0040,"LED Desk Lamp (Labels)","Office Supplies",2,1047.12,459.11
ORD-02714,2023-12-08,"Scott Cole",North,PROD-0040,"LED Desk Lamp (Labels)","Office Supplies",2,1170.30,434.17
ORD-02750,2023-03-14,"Julie Grant",South,PROD-0040,"LED Desk Lamp (Labels)","Office Supplies",11,5759.13,2577.84
ORD-02937,2025-12-08,"Suzanne Walker",South,PROD-0040,"LED Desk Lamp (Labels)","Office Supplies",10,5851.52,2561.84
ORD-02939,2023-07-27,"Shawn Baker",South,PROD-0040,"LED Desk Lamp (Labels)","Office Supplies",7,3880.49,605.05
ORD-02986,2023-11-23,"Monica Logan",North,PROD-0040,"LED Desk Lamp (Labels)","Office Supplies",4,2340.61,546.27
ORD-02987,2023-01-15,"Kyle Preston",South,PROD-0040,"LED Desk Lamp (Labels)","Office Supplies",12,7391.40,1813.80
ORD-00029,2024-11-28,"Justin Baxter",East,PROD-0041,"Wireless Headset (Art)","Office Supplies",5,2275.47,545.30
ORD-00135,2023-08-27,"Benjamin Smith",South,PROD-0041,"Wireless Headset (Art)","Office Supplies",3,1516.98,252.00
ORD-00148,2023-10-30,"Michael Evans",South,PROD-0041,"Wireless Headset (Art)","Office Supplies",13,5916.22,2657.27
ORD-00160,2024-07-17,"Crystal Little",East,PROD-0041,"Wireless Headset (Art)","Office Supplies",10,4298.11,1179.36
ORD-00197,2023-12-18,"Roger Vargas",Central,PROD-0041,"Wireless Headset (Art)","Office Supplies",13,5916.22,1845.69
ORD-00301,2024-01-08,"Nancy Gonzalez",Central,PROD-0041,"Wireless Headset (Art)","Office Supplies",13,6573.58,2104.96
ORD-00355,2024-07-14,"Deborah Figueroa",Central,PROD-0041,"Wireless Headset (Art)","Office Supplies",5,2528.30,702.76
ORD-00373,2025-12-09,"Vincent Dalton",North,PROD-0041,"Wireless Headset (Art)","Office Supplies",8,4045.28,787.54
ORD-00406,2023-01-08,"Michelle Miles",South,PROD-0041,"Wireless Headset (Art)","Office Supplies",13,6573.58,1028.45
ORD-00417,2025-12-03,"Jordan Wilson",North,PROD-0041,"Wireless Headset (Art)","Office Supplies",4,1921.51,691.45
ORD-00464,2023-10-23,"Shawn Baker",South,PROD-0041,"Wireless Headset (Art)","Office Supplies",13,5258.86,1242.07
ORD-00468,2024-12-09,"Kim Brown",East,PROD-0041,"Wireless Headset (Art)","Office Supplies",1,505.66,161.24
ORD-00487,2024-02-05,"Jeremy Lowe",East,PROD-0041,"Wireless Headset (Art)","Office Supplies",8,4045.28,1655.95
ORD-00521,2024-03-15,"Mr. Nathaniel Khan",North,PROD-0041,"Wireless Headset (Art)","Office Supplies",4,2022.64,453.68
ORD-00546,2023-08-29,"Christopher Collins",Central,PROD-0041,"Wireless Headset (Art)","Office Supplies",13,5258.86,1992.67
ORD-00655,2024-05-18,"Deborah Figueroa",Central,PROD-0041,"Wireless Headset (Art)","Office Supplies",11,5562.26,1670.53
ORD-00789,2025-09-30,"Sherry Wood",North,PROD-0041,"Wireless Headset (Art)","Office Supplies",6,2427.17,955.02
ORD-01076,2024-07-04,"Sarah Curtis",Central,PROD-0041,"Wireless Headset (Art)","Office Supplies",7,3539.62,686.53
ORD-01152,2023-11-03,"Randy Strickland",Central,PROD-0041,"Wireless Headset (Art)","Office Supplies",6,2730.56,657.16
ORD-01169,2024-12-04,"Seth Booker",West,PROD-0041,"Wireless Headset (Art)","Office Supplies",12,4854.34,2022.40
ORD-01201,2024-06-30,"Amanda Patel",Central,PROD-0041,"Wireless Headset (Art)","Office Supplies",10,4550.94,1211.88
ORD-01307,2023-07-19,"James Howard",West,PROD-0041,"Wireless Headset (Art)","Office Supplies",14,6725.28,2670.93
ORD-01335,2023-07-01,"Michelle James",West,PROD-0041,"Wireless Headset (Art)","Office Supplies",4,1921.51,501.13
ORD-01519,2023-09-02,"Ms. Susan Vargas",East,PROD-0041,"Wireless Headset (Art)","Office Supplies",6,2730.56,628.34
ORD-01537,2023-02-28,"Laurie Hoffman",North,PROD-0041,"Wireless Headset (Art)","Office Supplies",12,4854.34,2011.74
ORD-01645,2024-11-12,"Ashley Smith",South,PROD-0041,"Wireless Headset (Art)","Office Supplies",12,5764.52,1077.80
ORD-01690,2024-08-04,"Seth Booker",West,PROD-0041,"Wireless Headset (Art)","Office Supplies",3,1213.58,484.84
ORD-01762,2025-06-15,"Tracy Phillips",Central,PROD-0041,"Wireless Headset (Art)","Office Supplies",13,6244.90,1006.71
ORD-01835,2024-06-07,"Connor Greene",West,PROD-0041,"Wireless Headset (Art)","Office Supplies",13,6573.58,2653.96
ORD-01919,2025-01-02,"Brenda Snyder PhD",Central,PROD-0041,"Wireless Headset (Art)","Office Supplies",1,455.09,189.06
ORD-01946,2025-06-04,"Curtis Johnson",West,PROD-0041,"Wireless Headset (Art)","Office Supplies",7,3539.62,738.54
ORD-01960,2023-06-25,"Christopher Lewis",North,PROD-0041,"Wireless Headset (Art)","Office Supplies",6,2427.17,955.45
ORD-01968,2025-03-11,"Thomas Jones",North,PROD-0041,"Wireless Headset (Art)","Office Supplies",7,3539.62,585.43
ORD-02053,2024-01-24,"Ashley James",Central,PROD-0041,"Wireless Headset (Art)","Office Supplies",1,505.66,96.84
ORD-02139,2023-07-28,"Dwayne Payne",South,PROD-0041,"Wireless Headset (Art)","Office Supplies",11,4449.81,682.84
ORD-02159,2023-03-22,"Thomas Cunningham",Central,PROD-0041,"Wireless Headset (Art)","Office Supplies",3,1365.28,529.91
ORD-02224,2024-06-28,"Stephanie Gardner",East,PROD-0041,"Wireless Headset (Art)","Office Supplies",2,960.75,291.38
ORD-02225,2023-09-18,"Richard Romero",East,PROD-0041,"Wireless Headset (Art)","Office Supplies",6,2427.17,535.63
ORD-02247,2023-07-18,"George Shelton",Central,PROD-0041,"Wireless Headset (Art)","Office Supplies",11,5562.26,1363.37
ORD-02304,2025-01-01,"Jesse Perry",North,PROD-0041,"Wireless Headset (Art)","Office Supplies",2,910.19,318.46
ORD-02466,2024-10-22,"Michael Miles",South,PROD-0041,"Wireless Headset (Art)","Office Supplies",7,2831.70,1116.33
ORD-02477,2024-08-06,"Amanda Lutz",East,PROD-0041,"Wireless Headset (Art)","Office Supplies",1,429.81,92.41
ORD-02588,2023-07-24,"Cynthia Wallace",Central,PROD-0041,"Wireless Headset (Art)","Office Supplies",10,4803.77,1632.31
ORD-02682,2024-07-19,"Allison Hill",North,PROD-0041,"Wireless Headset (Art)","Office Supplies",5,2022.64,609.87
ORD-02743,2023-09-03,"Scott Cole",North,PROD-0041,"Wireless Headset (Art)","Office Supplies",8,3843.02,1160.68
ORD-02754,2025-11-23,"Katrina Hill",East,PROD-0041,"Wireless Headset (Art)","Office Supplies",14,6017.35,1354.90
ORD-02889,2025-03-28,"Belinda Mccullough",East,PROD-0041,"Wireless Headset (Art)","Office Supplies",8,3236.22,1219.81
ORD-00100,2025-12-28,"Andrew Johnson",North,PROD-0042,"Storage Box (Furnishings)",Furniture,7,2259.04,591.78
ORD-00133,2024-11-02,"Kristine Garcia",East,PROD-0042,"Storage Box (Furnishings)",Furniture,15,4356.72,1671.19
ORD-00144,2025-07-20,"Ashley James",Central,PROD-0042,"Storage Box (Furnishings)",Furniture,2,548.62,211.97
ORD-00248,2025-08-25,"David Davidson",East,PROD-0042,"Storage Box (Furnishings)",Furniture,12,3098.11,1265.15
ORD-00298,2025-09-07,"Randy Strickland",Central,PROD-0042,"Storage Box (Furnishings)",Furniture,9,2759.26,604.97
ORD-00319,2024-05-22,"Joshua Perry",East,PROD-0042,"Storage Box (Furnishings)",Furniture,3,968.16,420.97
ORD-00333,2025-11-08,"Rickey Li",Central,PROD-0042,"Storage Box (Furnishings)",Furniture,7,2033.14,890.36
ORD-00419,2023-04-07,"Stephanie Gardner",East,PROD-0042,"Storage Box (Furnishings)",Furniture,6,1645.87,409.16
ORD-00432,2024-02-23,"Patrick Ryan",South,PROD-0042,"Storage Box (Furnishings)",Furniture,7,2259.04,642.42
ORD-00467,2023-10-14,"David Cox",West,PROD-0042,"Storage Box (Furnishings)",Furniture,13,3566.06,830.00
ORD-00470,2025-03-23,"Michael Evans",South,PROD-0042,"Storage Box (Furnishings)",Furniture,13,4195.36,1850.62
ORD-00582,2025-06-25,"Stephanie Dalton",South,PROD-0042,"Storage Box (Furnishings)",Furniture,14,4518.08,1915.64
ORD-00654,2024-07-27,"Rita Adams",South,PROD-0042,"Storage Box (Furnishings)",Furniture,8,2581.76,1134.96
ORD-00793,2025-02-07,"Cheryl Allen",North,PROD-0042,"Storage Box (Furnishings)",Furniture,15,4114.68,1535.86
ORD-00870,2025-11-12,"Sara Johnston",East,PROD-0042,"Storage Box (Furnishings)",Furniture,13,3356.29,706.01
ORD-00874,2025-06-26,"Carol Lawson",South,PROD-0042,"Storage Box (Furnishings)",Furniture,14,4518.08,797.69
ORD-00887,2025-01-08,"Sarah Curtis",Central,PROD-0042,"Storage Box (Furnishings)",Furniture,5,1613.60,266.09
ORD-00910,2025-12-28,"Sean Rasmussen",West,PROD-0042,"Storage Box (Furnishings)",Furniture,4,1290.88,291.71
ORD-00944,2025-07-20,"Jordan Edwards",North,PROD-0042,"Storage Box (Furnishings)",Furniture,15,4840.80,2120.41
ORD-00967,2025-10-29,"Jennifer Powers",North,PROD-0042,"Storage Box (Furnishings)",Furniture,11,3372.42,681.38
ORD-01052,2025-04-27,"Lori Guerrero",East,PROD-0042,"Storage Box (Furnishings)",Furniture,3,968.16,187.57
ORD-01105,2025-09-30,"James Mayo",Central,PROD-0042,"Storage Box (Furnishings)",Furniture,4,1161.79,457.76
ORD-01110,2025-01-15,"Jesse Perry",North,PROD-0042,"Storage Box (Furnishings)",Furniture,13,3775.82,1428.63
ORD-01213,2024-05-18,"Robert Montgomery",East,PROD-0042,"Storage Box (Furnishings)",Furniture,9,2614.03,866.07
ORD-01228,2023-04-16,"Scott Cole",North,PROD-0042,"Storage Box (Furnishings)",Furniture,7,2259.04,806.80
ORD-01311,2023-01-01,"Michelle James",West,PROD-0042,"Storage Box (Furnishings)",Furniture,13,4195.36,1056.12
ORD-01398,2025-12-07,"Kim Brown",East,PROD-0042,"Storage Box (Furnishings)",Furniture,8,2194.50,414.63
ORD-01451,2023-09-29,"James Harmon",East,PROD-0042,"Storage Box (Furnishings)",Furniture,6,1936.32,732.47
ORD-01489,2023-10-25,"Marie Christian",West,PROD-0042,"Storage Box (Furnishings)",Furniture,8,2581.76,1040.92
ORD-01680,2025-10-19,"Belinda Miller",East,PROD-0042,"Storage Box (Furnishings)",Furniture,14,3614.46,1321.81
ORD-01686,2025-08-14,"George Shelton",Central,PROD-0042,"Storage Box (Furnishings)",Furniture,7,2259.04,342.11
ORD-01780,2025-11-30,"Sandra Gilbert",West,PROD-0042,"Storage Box (Furnishings)",Furniture,5,1532.92,504.94
ORD-01803,2025-12-13,"Tracy Phillips",Central,PROD-0042,"Storage Box (Furnishings)",Furniture,7,2033.14,573.97
ORD-01823,2023-04-04,"Dwayne Payne",South,PROD-0042,"Storage Box (Furnishings)",Furniture,11,3372.42,773.05
ORD-01989,2023-07-15,"David Murphy",East,PROD-0042,"Storage Box (Furnishings)",Furniture,7,1920.18,319.31
ORD-01995,2025-11-02,"Angela Hernandez",West,PROD-0042,"Storage Box (Furnishings)",Furniture,1,306.58,135.50
ORD-02043,2025-05-18,"Seth Booker",West,PROD-0042,"Storage Box (Furnishings)",Furniture,3,871.34,327.02
ORD-02132,2025-08-27,"Kevin Mills",East,PROD-0042,"Storage Box (Furnishings)",Furniture,6,1549.06,515.20
ORD-02142,2023-08-29,"Lori Hill",West,PROD-0042,"Storage Box (Furnishings)",Furniture,9,2468.81,860.27
ORD-02153,2023-05-11,"Kristen Willis",West,PROD-0042,"Storage Box (Furnishings)",Furniture,12,3098.11,655.04
ORD-02169,2025-01-05,"Thomas Jones",North,PROD-0042,"Storage Box (Furnishings)",Furniture,5,1613.60,373.18
ORD-02203,2025-12-17,"Linda Dodson DVM",West,PROD-0042,"Storage Box (Furnishings)",Furniture,11,3194.93,1397.12
ORD-02217,2024-05-27,"David Cox",West,PROD-0042,"Storage Box (Furnishings)",Furniture,4,1226.34,406.40
ORD-02259,2025-12-08,"Reginald Williams",West,PROD-0042,"Storage Box (Furnishings)",Furniture,15,4356.72,926.82
ORD-02348,2024-05-07,"Jordan Wilson",North,PROD-0042,"Storage Box (Furnishings)",Furniture,5,1613.60,253.34
ORD-02403,2023-07-19,"Laurie Hoffman",North,PROD-0042,"Storage Box (Furnishings)",Furniture,1,322.72,73.03
ORD-02448,2023-03-06,"Kara Schmidt",South,PROD-0042,"Storage Box (Furnishings)",Furniture,2,645.44,98.03
ORD-02474,2023-04-12,"Benjamin Smith",South,PROD-0042,"Storage Box (Furnishings)",Furniture,13,3985.59,1197.29
ORD-02546,2023-08-14,"Allison Hill",North,PROD-0042,"Storage Box (Furnishings)",Furniture,1,306.58,52.68
ORD-02615,2023-10-15,"Michael Miles",South,PROD-0042,"Storage Box (Furnishings)",Furniture,15,4840.80,1656.19
ORD-02621,2025-11-25,"Daniel Salinas",East,PROD-0042,"Storage Box (Furnishings)",Furniture,5,1613.60,669.03
ORD-02622,2023-04-16,"Dawn Hensley",West,PROD-0042,"Storage Box (Furnishings)",Furniture,10,2904.48,1018.67
ORD-02635,2025-11-05,"Christian Martinez",East,PROD-0042,"Storage Box (Furnishings)",Furniture,4,1097.25,378.47
ORD-02640,2025-02-11,"Amanda Lutz",East,PROD-0042,"Storage Box (Furnishings)",Furniture,12,3872.64,1243.44
ORD-02641,2023-10-10,"Jordan Edwards",North,PROD-0042,"Storage Box (Furnishings)",Furniture,2,613.17,254.22
ORD-02681,2024-10-05,"Christian Martinez",East,PROD-0042,"Storage Box (Furnishings)",Furniture,2,613.17,242.85
ORD-02886,2023-07-25,"Reginald Williams",West,PROD-0042,"Storage Box (Furnishings)",Furniture,3,968.16,346.71
ORD-00014,2023-08-23,"Anna Henderson",East,PROD-0043,"Wireless Headset (Chairs)",Furniture,13,6261.01,2509.85
ORD-00072,2023-03-17,"Belinda Miller",East,PROD-0043,"Wireless Headset (Chairs)",Furniture,8,4816.16,1712.84
ORD-00087,2023-01-06,"Derek Thomas",Central,PROD-0043,"Wireless Headset (Chairs)",Furniture,5,2558.58,922.20
ORD-00267,2025-11-21,"Michelle James",West,PROD-0043,"Wireless Headset (Chairs)",Furniture,7,3371.31,967.87
ORD-00279,2025-11-16,"Michael Miles",South,PROD-0043,"Wireless Headset (Chairs)",Furniture,13,6652.32,1637.65
ORD-00310,2024-06-26,"Kyle Preston",South,PROD-0043,"Wireless Headset (Chairs)",Furniture,11,6622.22,1456.31
ORD-00342,2024-04-11,"Daniel Salinas",East,PROD-0043,"Wireless Headset (Chairs)",Furniture,12,7224.24,1986.25
ORD-00350,2025-07-30,"Joshua Perry",East,PROD-0043,"Wireless Headset (Chairs)",Furniture,15,8127.27,2822.62
ORD-00506,2023-08-05,"Vincent Dalton",North,PROD-0043,"Wireless Headset (Chairs)",Furniture,1,602.02,224.18
ORD-00525,2024-10-03,"Michael Martinez",East,PROD-0043,"Wireless Headset (Chairs)",Furniture,10,5719.19,1524.78
ORD-00548,2023-12-06,"Patrick Fox",Central,PROD-0043,"Wireless Headset (Chairs)",Furniture,10,6020.20,1291.61
ORD-00580,2023-01-18,"Barry Welch",West,PROD-0043,"Wireless Headset (Chairs)",Furniture,10,5117.17,2050.78
ORD-00611,2023-08-25,"Shannon Ray",North,PROD-0043,"Wireless Headset (Chairs)",Furniture,4,2046.87,608.64
ORD-00613,2023-11-04,"Sharon James",North,PROD-0043,"Wireless Headset (Chairs)",Furniture,3,1444.85,634.85
ORD-00685,2024-01-08,"Cynthia Wallace",Central,PROD-0043,"Wireless Headset (Chairs)",Furniture,10,6020.20,1045.64
ORD-00736,2024-03-08,"Anna Gay",Central,PROD-0043,"Wireless Headset (Chairs)",Furniture,15,7224.24,2368.46
ORD-00921,2025-09-24,"Robert Costa",South,PROD-0043,"Wireless Headset (Chairs)",Furniture,6,3612.12,1486.52
ORD-00931,2024-02-07,"Darrell Patterson",North,PROD-0043,"Wireless Headset (Chairs)",Furniture,5,2558.58,471.03
ORD-00934,2024-03-11,"Sarah Curtis",Central,PROD-0043,"Wireless Headset (Chairs)",Furniture,15,9030.30,2569.32
ORD-00968,2023-07-17,"Mark Brennan",North,PROD-0043,"Wireless Headset (Chairs)",Furniture,3,1715.76,308.01
ORD-00978,2023-01-15,"Lori Garcia",East,PROD-0043,"Wireless Headset (Chairs)",Furniture,10,5418.18,2246.66
ORD-00992,2023-06-13,"Kimberly Gibson",West,PROD-0043,"Wireless Headset (Chairs)",Furniture,10,6020.20,1400.61
ORD-01043,2024-02-12,"Matthew Williams",South,PROD-0043,"Wireless Headset (Chairs)",Furniture,10,5418.18,1381.85
ORD-01074,2025-05-14,"Cheryl Allen",North,PROD-0043,"Wireless Headset (Chairs)",Furniture,11,6622.22,1953.67
ORD-01274,2025-12-08,"Victoria Valdez",South,PROD-0043,"Wireless Headset (Chairs)",Furniture,5,2408.08,847.16
ORD-01330,2025-10-24,"Dawn Hensley",West,PROD-0043,"Wireless Headset (Chairs)",Furniture,5,2859.60,491.94
ORD-01345,2024-07-23,"Phillip Dorsey",South,PROD-0043,"Wireless Headset (Chairs)",Furniture,5,3010.10,798.46
ORD-01498,2025-07-01,"Kyle Mcdonald",North,PROD-0043,"Wireless Headset (Chairs)",Furniture,11,5628.89,915.89
ORD-01787,2023-09-16,"Donald Wright",Central,PROD-0043,"Wireless Headset (Chairs)",Furniture,9,4876.36,1779.00
ORD-01801,2025-04-23,"Dawn Hensley",West,PROD-0043,"Wireless Headset (Chairs)",Furniture,2,1204.04,519.35
ORD-01926,2024-11-24,"Mr. Donald Fischer",Central,PROD-0043,"Wireless Headset (Chairs)",Furniture,15,9030.30,3237.17
ORD-01973,2024-08-04,"Allison Hill",North,PROD-0043,"Wireless Headset (Chairs)",Furniture,4,2408.08,873.33
ORD-02011,2023-05-10,"Samantha Pollard",South,PROD-0043,"Wireless Headset (Chairs)",Furniture,4,2408.08,507.92
ORD-02085,2025-02-08,"Robert Robinson",East,PROD-0043,"Wireless Headset (Chairs)",Furniture,10,5418.18,834.03
ORD-02214,2024-01-17,"Sharon James",North,PROD-0043,"Wireless Headset (Chairs)",Furniture,7,4214.14,1885.16
ORD-02374,2025-02-04,"James Hughes",North,PROD-0043,"Wireless Headset (Chairs)",Furniture,2,1023.43,333.68
ORD-02443,2024-03-01,"Rodney Trujillo",Central,PROD-0043,"Wireless Headset (Chairs)",Furniture,7,4214.14,1275.57
ORD-02465,2025-12-22,"Jacob Anderson",West,PROD-0043,"Wireless Headset (Chairs)",Furniture,6,3431.51,1513.36
ORD-02561,2025-08-02,"Ms. Susan Vargas",East,PROD-0043,"Wireless Headset (Chairs)",Furniture,9,5418.18,1827.07
ORD-02633,2023-06-15,"David Davidson",East,PROD-0043,"Wireless Headset (Chairs)",Furniture,15,8127.27,2489.94
ORD-02660,2024-07-07,"Melissa Bryant",South,PROD-0043,"Wireless Headset (Chairs)",Furniture,5,2709.09,906.86
ORD-02760,2025-03-14,"Belinda Miller",East,PROD-0043,"Wireless Headset (Chairs)",Furniture,10,6020.20,1727.65
ORD-02775,2024-11-13,"Michael Evans",South,PROD-0043,"Wireless Headset (Chairs)",Furniture,15,9030.30,1986.19
ORD-02799,2024-05-26,"Scott Cole",North,PROD-0043,"Wireless Headset (Chairs)",Furniture,2,1204.04,396.18
ORD-02838,2025-12-22,"John Hamilton",South,PROD-0043,"Wireless Headset (Chairs)",Furniture,2,1083.64,213.85
ORD-02846,2023-01-12,"Sean Rasmussen",West,PROD-0043,"Wireless Headset (Chairs)",Furniture,10,6020.20,2115.89
ORD-02900,2024-02-21,"Cheryl Allen",North,PROD-0043,"Wireless Headset (Chairs)",Furniture,7,4214.14,980.88
ORD-02954,2025-03-07,"James Hughes",North,PROD-0043,"Wireless Headset (Chairs)",Furniture,8,4334.54,1934.20
ORD-02991,2023-05-03,"Robert Carter",North,PROD-0043,"Wireless Headset (Chairs)",Furniture,5,2408.08,795.82
ORD-00026,2024-07-25,"Angela Hernandez",West,PROD-0044,"Bookshelf Unit (Furnishings)",Furniture,15,2063.83,777.74
ORD-00107,2024-01-04,"Lori Hill",West,PROD-0044,"Bookshelf Unit (Furnishings)",Furniture,3,434.49,185.23
ORD-00234,2024-05-01,"David Cox",West,PROD-0044,"Bookshelf Unit (Furnishings)",Furniture,8,1042.78,380.12
ORD-00255,2023-10-22,"Patrick Ryan",South,PROD-0044,"Bookshelf Unit (Furnishings)",Furniture,5,687.94,309.25
ORD-00256,2024-05-07,"Laurie Hoffman",North,PROD-0044,"Bookshelf Unit (Furnishings)",Furniture,10,1375.89,541.83
ORD-00340,2024-09-22,"Joshua Mata",North,PROD-0044,"Bookshelf Unit (Furnishings)",Furniture,13,1600.37,301.46
ORD-00391,2023-06-09,"Angie Henderson",East,PROD-0044,"Bookshelf Unit (Furnishings)",Furniture,15,1955.21,814.03
ORD-00469,2023-06-05,"Michelle Miles",South,PROD-0044,"Bookshelf Unit (Furnishings)",Furniture,6,782.08,171.51
ORD-00490,2023-10-06,"Lauren Keller",Central,PROD-0044,"Bookshelf Unit (Furnishings)",Furniture,5,724.15,194.82
ORD-00540,2025-10-11,"Connor Greene",West,PROD-0044,"Bookshelf Unit (Furnishings)",Furniture,9,1173.12,488.06
ORD-00557,2025-04-28,"Amanda Patel",Central,PROD-0044,"Bookshelf Unit (Furnishings)",Furniture,7,963.12,411.58
ORD-00630,2023-06-23,"Jeremy Turner",Central,PROD-0044,"Bookshelf Unit (Furnishings)",Furniture,10,1448.30,432.13
ORD-00640,2023-03-24,"Stephanie Gardner",East,PROD-0044,"Bookshelf Unit (Furnishings)",Furniture,4,463.46,89.46
ORD-00679,2023-10-07,"Kyle Preston",South,PROD-0044,"Bookshelf Unit (Furnishings)",Furniture,3,369.32,61.08
ORD-00716,2023-03-13,"Ms. Teresa Wilson",West,PROD-0044,"Bookshelf Unit (Furnishings)",Furniture,9,1173.12,211.00
ORD-00804,2025-10-13,"Brenda Thornton",North,PROD-0044,"Bookshelf Unit (Furnishings)",Furniture,15,2172.45,529.08
ORD-00835,2023-07-06,"Michael Miles",South,PROD-0044,"Bookshelf Unit (Furnishings)",Furniture,13,1694.51,272.90
ORD-00847,2023-04-06,"Vincent Mueller",East,PROD-0044,"Bookshelf Unit (Furnishings)",Furniture,15,1846.58,367.03
ORD-00851,2025-11-07,"Belinda Mccullough",East,PROD-0044,"Bookshelf Unit (Furnishings)",Furniture,13,1882.79,456.49
ORD-00886,2024-03-29,"Brenda Bailey",Central,PROD-0044,"Bookshelf Unit (Furnishings)",Furniture,15,2172.45,545.28
ORD-00997,2023-03-15,"Kyle Preston",South,PROD-0044,"Bookshelf Unit (Furnishings)",Furniture,6,868.98,220.28
ORD-01044,2023-12-24,"Allison Smith",South,PROD-0044,"Bookshelf Unit (Furnishings)",Furniture,13,1882.79,646.68
ORD-01163,2024-12-06,"Curtis Johnson",West,PROD-0044,"Bookshelf Unit (Furnishings)",Furniture,10,1231.06,545.04
ORD-01231,2025-07-28,"Marie Christian",West,PROD-0044,"Bookshelf Unit (Furnishings)",Furniture,8,926.91,278.45
ORD-01287,2025-08-22,"Jesse Perry",North,PROD-0044,"Bookshelf Unit (Furnishings)",Furniture,15,1846.58,803.01
ORD-01322,2025-02-26,"Austin Smith",West,PROD-0044,"Bookshelf Unit (Furnishings)",Furniture,14,2027.62,401.49
ORD-01371,2024-08-26,"Rebecca Jackson",West,PROD-0044,"Bookshelf Unit (Furnishings)",Furniture,8,984.84,166.58
ORD-01424,2025-10-15,"Richard Romero",East,PROD-0044,"Bookshelf Unit (Furnishings)",Furniture,3,434.49,108.17
ORD-01441,2023-12-15,"Mr. Nathaniel Khan",North,PROD-0044,"Bookshelf Unit (Furnishings)",Furniture,10,1303.47,252.22
ORD-01477,2024-04-20,"Julie Spencer",North,PROD-0044,"Bookshelf Unit (Furnishings)",Furniture,14,1824.86,468.26
ORD-01496,2024-02-04,"Crystal Whitehead",North,PROD-0044,"Bookshelf Unit (Furnishings)",Furniture,10,1303.47,499.69
ORD-01640,2024-06-07,"Allison Hill",North,PROD-0044,"Bookshelf Unit (Furnishings)",Furniture,5,724.15,122.46
ORD-01669,2025-07-27,"Katherine Mcguire",East,PROD-0044,"Bookshelf Unit (Furnishings)",Furniture,2,289.66,89.60
ORD-01727,2025-04-09,"Benjamin Smith",South,PROD-0044,"Bookshelf Unit (Furnishings)",Furniture,14,1723.48,276.20
ORD-01771,2025-10-31,"Sherry Wood",North,PROD-0044,"Bookshelf Unit (Furnishings)",Furniture,3,434.49,160.85
ORD-01778,2023-12-03,"Kimberly Smith",North,PROD-0044,"Bookshelf Unit (Furnishings)",Furniture,7,1013.81,336.61
ORD-01792,2025-02-02,"Cynthia Wallace",Central,PROD-0044,"Bookshelf Unit (Furnishings)",Furniture,5,615.53,183.27
ORD-01918,2024-01-13,"Donald Wright",Central,PROD-0044,"Bookshelf Unit (Furnishings)",Furniture,14,2027.62,691.73
ORD-01984,2023-07-06,"Daniel Salinas",East,PROD-0044,"Bookshelf Unit (Furnishings)",Furniture,5,615.53,114.31
ORD-02029,2023-06-12,"James Howard",West,PROD-0044,"Bookshelf Unit (Furnishings)",Furniture,1,144.83,48.90
ORD-02079,2024-06-15,"Seth Booker",West,PROD-0044,"Bookshelf Unit (Furnishings)",Furniture,15,1737.96,568.94
ORD-02116,2024-10-03,"Jennifer Conley",South,PROD-0044,"Bookshelf Unit (Furnishings)",Furniture,7,912.43,208.88
ORD-02274,2024-06-24,"Melissa Gates",North,PROD-0044,"Bookshelf Unit (Furnishings)",Furniture,12,1737.96,569.18
ORD-02327,2023-02-23,"Christopher Lewis",North,PROD-0044,"Bookshelf Unit (Furnishings)",Furniture,12,1651.06,558.88
ORD-02428,2025-05-28,"Julie Grant",South,PROD-0044,"Bookshelf Unit (Furnishings)",Furniture,3,369.32,122.94
ORD-02587,2024-02-15,"Michelle Lewis",Central,PROD-0044,"Bookshelf Unit (Furnishings)",Furniture,8,1100.71,399.55
ORD-02632,2023-03-14,"Ms. Susan Vargas",East,PROD-0044,"Bookshelf Unit (Furnishings)",Furniture,6,868.98,143.41
ORD-02683,2023-12-24,"Tracy Phillips",Central,PROD-0044,"Bookshelf Unit (Furnishings)",Furniture,3,347.59,91.98
ORD-02698,2023-11-04,"Diane Garcia",West,PROD-0044,"Bookshelf Unit (Furnishings)",Furniture,7,811.05,122.19
ORD-02702,2025-06-22,"Steven Houston",North,PROD-0044,"Bookshelf Unit (Furnishings)",Furniture,6,868.98,340.20
ORD-02784,2025-02-12,"Michael Miles",South,PROD-0044,"Bookshelf Unit (Furnishings)",Furniture,11,1513.47,621.49
ORD-02792,2025-04-12,"Sierra Johnson",East,PROD-0044,"Bookshelf Unit (Furnishings)",Furniture,9,1303.47,397.55
ORD-02812,2025-05-06,"Anna Henderson",East,PROD-0044,"Bookshelf Unit (Furnishings)",Furniture,7,1013.81,365.96
ORD-02830,2024-07-21,"Kimberly Dudley",Central,PROD-0044,"Bookshelf Unit (Furnishings)",Furniture,13,1600.37,301.83
ORD-02856,2023-07-19,"Thomas Cunningham",Central,PROD-0044,"Bookshelf Unit (Furnishings)",Furniture,14,1824.86,669.28
ORD-02880,2024-07-04,"Mark Brennan",North,PROD-0044,"Bookshelf Unit (Furnishings)",Furniture,2,260.69,56.82
ORD-02897,2023-10-17,"Robert Robinson",East,PROD-0044,"Bookshelf Unit (Furnishings)",Furniture,13,1882.79,588.16
ORD-02966,2024-08-15,"Mr. Nathaniel Khan",North,PROD-0044,"Bookshelf Unit (Furnishings)",Furniture,3,347.59,139.82
ORD-00021,2023-08-05,"Shannon Ray",North,PROD-0045,"Standing Desk (Copiers)",Technology,7,3136.98,813.50
ORD-00022,2025-07-30,"Noah Brown",North,PROD-0045,"Standing Desk (Copiers)",Technology,12,5377.68,1717.38
ORD-00043,2023-04-22,"Marie Moody",West,PROD-0045,"Standing Desk (Copiers)",Technology,9,4033.26,971.11
ORD-00060,2023-05-03,"Sandra Gilbert",West,PROD-0045,"Standing Desk (Copiers)",Technology,3,1075.54,384.74
ORD-00291,2023-06-29,"Mr. Donald Fischer",Central,PROD-0045,"Standing Desk (Copiers)",Technology,13,4951.95,790.98
ORD-00480,2024-10-26,"Michael Miles",South,PROD-0045,"Standing Desk (Copiers)",Technology,14,5960.26,2660.05
ORD-00651,2023-12-11,"Sean Rasmussen",West,PROD-0045,"Standing Desk (Copiers)",Technology,15,6049.89,1936.29
ORD-00666,2024-03-25,"Laurie Hoffman",North,PROD-0045,"Standing Desk (Copiers)",Technology,10,3585.12,556.41
ORD-00823,2023-01-26,"Sara Johnston",East,PROD-0045,"Standing Desk (Copiers)",Technology,12,4302.14,1061.00
ORD-00882,2024-09-08,"Destiny Riggs",South,PROD-0045,"Standing Desk (Copiers)",Technology,8,2868.10,797.90
ORD-01100,2024-12-29,"Monica Logan",North,PROD-0045,"Standing Desk (Copiers)",Technology,11,4929.54,1181.13
ORD-01204,2025-02-04,"Michelle James",West,PROD-0045,"Standing Desk (Copiers)",Technology,3,1075.54,358.97
ORD-01347,2023-11-06,"Belinda Miller",East,PROD-0045,"Standing Desk (Copiers)",Technology,11,4683.06,1587.88
ORD-01532,2025-12-12,"Kerry Smith",North,PROD-0045,"Standing Desk (Copiers)",Technology,14,5646.56,1333.92
ORD-01572,2023-10-03,"Amanda Lutz",East,PROD-0045,"Standing Desk (Copiers)",Technology,1,448.14,102.47
ORD-01573,2023-05-20,"Nancy Gonzalez",Central,PROD-0045,"Standing Desk (Copiers)",Technology,8,3047.35,1346.85
ORD-01643,2025-04-12,"Robert Montgomery",East,PROD-0045,"Standing Desk (Copiers)",Technology,13,5825.82,2142.67
ORD-01675,2024-09-11,"Noah Brown",North,PROD-0045,"Standing Desk (Copiers)",Technology,7,2666.43,903.20
ORD-01718,2024-06-02,"Ashley James",Central,PROD-0045,"Standing Desk (Copiers)",Technology,6,2688.84,737.63
ORD-01761,2025-11-21,"Michelle James",West,PROD-0045,"Standing Desk (Copiers)",Technology,10,3809.19,1595.13
ORD-01953,2024-07-16,"Vincent Mueller",East,PROD-0045,"Standing Desk (Copiers)",Technology,4,1523.68,409.55
ORD-02096,2024-10-28,"Matthew Harvey",South,PROD-0045,"Standing Desk (Copiers)",Technology,11,4683.06,1779.25
ORD-02138,2024-02-05,"Monica Logan",North,PROD-0045,"Standing Desk (Copiers)",Technology,12,4571.03,2044.44
ORD-02286,2024-01-05,"Matthew Williams",South,PROD-0045,"Standing Desk (Copiers)",Technology,11,4929.54,2187.17
ORD-02367,2024-08-28,"Amanda Lutz",East,PROD-0045,"Standing Desk (Copiers)",Technology,3,1344.42,492.01
ORD-02380,2025-08-12,"Angie Henderson",East,PROD-0045,"Standing Desk (Copiers)",Technology,8,3047.35,882.10
ORD-02444,2025-04-27,"Julie Grant",South,PROD-0045,"Standing Desk (Copiers)",Technology,2,851.47,138.14
ORD-02508,2024-06-30,"Ms. Teresa Wilson",West,PROD-0045,"Standing Desk (Copiers)",Technology,1,425.73,107.04
ORD-02514,2024-07-19,"Olivia Moore",North,PROD-0045,"Standing Desk (Copiers)",Technology,9,3629.93,1095.93
ORD-02516,2024-03-25,"Kimberly Smith",North,PROD-0045,"Standing Desk (Copiers)",Technology,2,896.28,162.66
ORD-02526,2025-08-29,"Tony Saunders",East,PROD-0045,"Standing Desk (Copiers)",Technology,7,3136.98,1392.04
ORD-02539,2025-06-01,"Paul Hudson",North,PROD-0045,"Standing Desk (Copiers)",Technology,6,2688.84,609.53
ORD-02600,2025-09-17,"Scott Branch",West,PROD-0045,"Standing Desk (Copiers)",Technology,7,2980.13,799.41
ORD-02606,2024-04-29,"Crystal Whitehead",North,PROD-0045,"Standing Desk (Copiers)",Technology,2,896.28,207.53
ORD-02747,2025-11-16,"Connor Greene",West,PROD-0045,"Standing Desk (Copiers)",Technology,11,3943.63,1686.98
ORD-02764,2023-08-21,"Cameron Fisher",Central,PROD-0045,"Standing Desk (Copiers)",Technology,6,2285.51,755.53
ORD-02797,2024-09-28,"Reginald Williams",West,PROD-0045,"Standing Desk (Copiers)",Technology,6,2688.84,556.85
ORD-02876,2025-12-07,"Robin Young",Central,PROD-0045,"Standing Desk (Copiers)",Technology,8,2868.10,747.69
ORD-02924,2024-01-02,"Rodney Trujillo",Central,PROD-0045,"Standing Desk (Copiers)",Technology,7,2823.28,627.10
ORD-02990,2025-12-29,"Nicole Parrish",North,PROD-0045,"Standing Desk (Copiers)",Technology,12,5377.68,1712.49
ORD-00034,2024-05-13,"Kyle Preston",South,PROD-0046,"Ergonomic Keyboard (Furnishings)",Furniture,5,2729.05,751.94
ORD-00038,2023-09-02,"Cheryl Allen",North,PROD-0046,"Ergonomic Keyboard (Furnishings)",Furniture,12,6935.00,1142.45
ORD-00086,2024-11-27,"Anna Henderson",East,PROD-0046,"Ergonomic Keyboard (Furnishings)",Furniture,15,7705.56,2293.78
ORD-00140,2023-03-09,"Michelle James",West,PROD-0046,"Ergonomic Keyboard (Furnishings)",Furniture,12,7705.56,2965.25
ORD-00149,2023-10-24,"Christopher Schwartz",North,PROD-0046,"Ergonomic Keyboard (Furnishings)",Furniture,3,1733.75,649.82
ORD-00225,2025-02-10,"Kimberly Dudley",Central,PROD-0046,"Ergonomic Keyboard (Furnishings)",Furniture,11,5650.74,1985.99
ORD-00295,2024-02-16,"Michelle Miles",South,PROD-0046,"Ergonomic Keyboard (Furnishings)",Furniture,13,8347.69,3163.60
ORD-00341,2023-02-24,"Mark Brennan",North,PROD-0046,"Ergonomic Keyboard (Furnishings)",Furniture,10,6100.24,2259.17
ORD-00378,2025-05-25,"Theresa Clark",Central,PROD-0046,"Ergonomic Keyboard (Furnishings)",Furniture,9,5779.17,2450.24
ORD-00430,2024-09-12,"Kristen Willis",West,PROD-0046,"Ergonomic Keyboard (Furnishings)",Furniture,15,9631.95,3722.34
ORD-00447,2025-11-01,"Jacob Anderson",West,PROD-0046,"Ergonomic Keyboard (Furnishings)",Furniture,8,5137.04,2218.51
ORD-00563,2024-10-23,"Sherry Wood",North,PROD-0046,"Ergonomic Keyboard (Furnishings)",Furniture,14,8989.82,3134.51
ORD-00577,2023-07-29,"Sheila Sawyer",North,PROD-0046,"Ergonomic Keyboard (Furnishings)",Furniture,2,1284.26,436.30
ORD-00610,2024-06-06,"Shawn Baker",South,PROD-0046,"Ergonomic Keyboard (Furnishings)",Furniture,13,8347.69,1516.94
ORD-00634,2025-07-16,"Cheryl Williams",South,PROD-0046,"Ergonomic Keyboard (Furnishings)",Furniture,5,3210.65,1372.85
ORD-00825,2023-07-15,"Sharon James",North,PROD-0046,"Ergonomic Keyboard (Furnishings)",Furniture,7,3820.67,886.41
ORD-00848,2023-09-10,"Stephen Johnston",North,PROD-0046,"Ergonomic Keyboard (Furnishings)",Furniture,13,7930.31,2480.47
ORD-00850,2023-04-10,"Michael Martinez",East,PROD-0046,"Ergonomic Keyboard (Furnishings)",Furniture,9,5490.21,1089.01
ORD-00945,2024-10-25,"Michelle Lewis",Central,PROD-0046,"Ergonomic Keyboard (Furnishings)",Furniture,2,1091.62,174.08
ORD-00976,2024-04-21,"Amanda Patel",Central,PROD-0046,"Ergonomic Keyboard (Furnishings)",Furniture,15,7705.56,3273.74
ORD-00985,2024-09-20,"Kelly Foster",East,PROD-0046,"Ergonomic Keyboard (Furnishings)",Furniture,10,6421.30,1398.18
ORD-01022,2024-01-10,"Barry Welch",West,PROD-0046,"Ergonomic Keyboard (Furnishings)",Furniture,13,7512.92,2749.13
ORD-01083,2025-10-17,"Lori Guerrero",East,PROD-0046,"Ergonomic Keyboard (Furnishings)",Furniture,6,3660.14,881.80
ORD-01126,2024-01-02,"Shane Henderson",Central,PROD-0046,"Ergonomic Keyboard (Furnishings)",Furniture,9,4912.29,1388.00
ORD-01137,2023-02-03,"Jordan Wilson",North,PROD-0046,"Ergonomic Keyboard (Furnishings)",Furniture,9,5779.17,878.30
ORD-01170,2025-08-22,"Michelle Miles",South,PROD-0046,"Ergonomic Keyboard (Furnishings)",Furniture,1,642.13,248.70
ORD-01518,2025-06-12,"Suzanne Walker",South,PROD-0046,"Ergonomic Keyboard (Furnishings)",Furniture,14,8989.82,2351.75
ORD-01520,2024-06-15,"Mr. Donald Fischer",Central,PROD-0046,"Ergonomic Keyboard (Furnishings)",Furniture,3,1733.75,749.75
ORD-01526,2024-10-09,"Brenda Snyder PhD",Central,PROD-0046,"Ergonomic Keyboard (Furnishings)",Furniture,14,7191.86,1758.48
ORD-01545,2024-02-14,"Donald Wright",Central,PROD-0046,"Ergonomic Keyboard (Furnishings)",Furniture,3,1637.43,564.16
ORD-01549,2023-01-29,"Mr. Philip Cannon",East,PROD-0046,"Ergonomic Keyboard (Furnishings)",Furniture,9,5779.17,1359.59
ORD-01577,2025-10-16,"Amy Hernandez",South,PROD-0046,"Ergonomic Keyboard (Furnishings)",Furniture,8,4623.34,1717.57
ORD-01588,2023-02-25,"Bryan Zamora",East,PROD-0046,"Ergonomic Keyboard (Furnishings)",Furniture,13,7095.54,2466.57
ORD-01591,2023-06-23,"Patrick Ryan",South,PROD-0046,"Ergonomic Keyboard (Furnishings)",Furniture,15,8187.16,3523.34
ORD-01608,2024-01-05,"Kara Schmidt",South,PROD-0046,"Ergonomic Keyboard (Furnishings)",Furniture,15,9631.95,2520.17
ORD-01744,2024-12-11,"Deborah Figueroa",Central,PROD-0046,"Ergonomic Keyboard (Furnishings)",Furniture,8,4366.48,1393.48
ORD-01763,2023-08-16,"Allison Smith",South,PROD-0046,"Ergonomic Keyboard (Furnishings)",Furniture,2,1027.41,274.14
ORD-01929,2023-09-25,"Lauren Keller",Central,PROD-0046,"Ergonomic Keyboard (Furnishings)",Furniture,13,8347.69,3276.43
ORD-02166,2024-03-05,"Shannon Ray",North,PROD-0046,"Ergonomic Keyboard (Furnishings)",Furniture,12,7705.56,1935.75
ORD-02183,2025-09-29,"Mr. Nathaniel Khan",North,PROD-0046,"Ergonomic Keyboard (Furnishings)",Furniture,2,1155.83,399.14
ORD-02216,2025-04-21,"Cheryl Allen",North,PROD-0046,"Ergonomic Keyboard (Furnishings)",Furniture,2,1220.05,546.49
ORD-02226,2025-10-24,"Melissa Gates",North,PROD-0046,"Ergonomic Keyboard (Furnishings)",Furniture,12,6549.73,1290.83
ORD-02243,2024-10-17,"Angie Henderson",East,PROD-0046,"Ergonomic Keyboard (Furnishings)",Furniture,15,9631.95,3809.19
ORD-02281,2024-02-22,"Robert Costa",South,PROD-0046,"Ergonomic Keyboard (Furnishings)",Furniture,10,5458.10,1133.54
ORD-02303,2025-10-04,"Samantha Pollard",South,PROD-0046,"Ergonomic Keyboard (Furnishings)",Furniture,3,1926.39,737.12
ORD-02308,2024-08-10,"Justin Baxter",East,PROD-0046,"Ergonomic Keyboard (Furnishings)",Furniture,6,3852.78,1420.41
ORD-02321,2024-02-21,"Kyle Mcdonald",North,PROD-0046,"Ergonomic Keyboard (Furnishings)",Furniture,14,8989.82,3068.05
ORD-02363,2023-06-03,"Lisa Gibbs",Central,PROD-0046,"Ergonomic Keyboard (Furnishings)",Furniture,3,1733.75,453.66
ORD-02413,2025-06-14,"Jennifer Powers",North,PROD-0046,"Ergonomic Keyboard (Furnishings)",Furniture,11,7063.43,1690.79
ORD-02464,2024-06-02,"Lisa Gibbs",Central,PROD-0046,"Ergonomic Keyboard (Furnishings)",Furniture,10,6100.24,2208.03
ORD-02576,2023-10-07,"Cheryl Williams",South,PROD-0046,"Ergonomic Keyboard (Furnishings)",Furniture,4,2183.24,563.49
ORD-02651,2024-03-27,"Michael Warner",East,PROD-0046,"Ergonomic Keyboard (Furnishings)",Furniture,8,4366.48,1568.37
ORD-02690,2024-02-22,"Deborah Figueroa",Central,PROD-0046,"Ergonomic Keyboard (Furnishings)",Furniture,6,3467.50,1174.07
ORD-02762,2024-08-11,"Walter Rush",West,PROD-0046,"Ergonomic Keyboard (Furnishings)",Furniture,7,4270.16,1504.72
ORD-02776,2023-05-10,"Curtis Johnson",West,PROD-0046,"Ergonomic Keyboard (Furnishings)",Furniture,11,7063.43,2079.51
ORD-02780,2023-01-28,"Mary Thompson",North,PROD-0046,"Ergonomic Keyboard (Furnishings)",Furniture,1,513.70,228.08
ORD-02936,2024-05-14,"Reginald Williams",West,PROD-0046,"Ergonomic Keyboard (Furnishings)",Furniture,15,7705.56,1378.72
ORD-02940,2024-11-22,"Scott Cole",North,PROD-0046,"Ergonomic Keyboard (Furnishings)",Furniture,15,8187.16,1843.91
ORD-02981,2023-12-25,"Christopher Schwartz",North,PROD-0046,"Ergonomic Keyboard (Furnishings)",Furniture,8,4366.48,757.95
ORD-00171,2025-05-16,"Victoria Valdez",South,PROD-0047,"Bulletin Board (Machines)",Technology,14,8492.79,3690.68
ORD-00193,2023-05-28,"Nicholas Sheppard",East,PROD-0047,"Bulletin Board (Machines)",Technology,7,3996.61,908.78
ORD-00214,2024-10-20,"Rebecca Jackson",West,PROD-0047,"Bulletin Board (Machines)",Technology,10,6779.96,2031.21
ORD-00215,2025-07-11,"Jordan Wilson",North,PROD-0047,"Bulletin Board (Machines)",Technology,2,1141.89,205.84
ORD-00247,2024-11-17,"Thomas Jones",North,PROD-0047,"Bulletin Board (Machines)",Technology,13,9277.84,3792.04
ORD-00285,2025-01-21,"Robert Robinson",East,PROD-0047,"Bulletin Board (Machines)",Technology,7,4995.76,1274.58
ORD-00307,2023-12-12,"Mr. Nathaniel Khan",North,PROD-0047,"Bulletin Board (Machines)",Technology,10,6423.12,2593.28
ORD-00336,2024-11-02,"Richard Romero",East,PROD-0047,"Bulletin Board (Machines)",Technology,15,9634.68,3414.93
ORD-00442,2025-10-01,"Olivia Moore",North,PROD-0047,"Bulletin Board (Machines)",Technology,8,5709.44,1314.13
ORD-00491,2024-02-16,"Rodney Trujillo",Central,PROD-0047,"Bulletin Board (Machines)",Technology,8,5709.44,2264.99
ORD-00565,2023-04-10,"Theresa Clark",Central,PROD-0047,"Bulletin Board (Machines)",Technology,1,713.68,187.09
ORD-00676,2023-10-18,"Mr. Philip Cannon",East,PROD-0047,"Bulletin Board (Machines)",Technology,13,9277.84,1818.97
ORD-00749,2024-02-28,"Thomas Jones",North,PROD-0047,"Bulletin Board (Machines)",Technology,5,3033.14,992.29
ORD-00769,2024-09-20,"Joshua Perry",East,PROD-0047,"Bulletin Board (Machines)",Technology,7,3996.61,735.16
ORD-00783,2025-12-23,"Vincent Mueller",East,PROD-0047,"Bulletin Board (Machines)",Technology,4,2854.72,705.05
ORD-00790,2025-04-06,"Jordan Edwards",North,PROD-0047,"Bulletin Board (Machines)",Technology,1,713.68,273.13
ORD-00821,2023-09-25,"Andrea Davis",East,PROD-0047,"Bulletin Board (Machines)",Technology,8,5423.97,2257.02
ORD-00901,2023-06-29,"Joshua Smith",Central,PROD-0047,"Bulletin Board (Machines)",Technology,2,1427.36,566.09
ORD-00917,2024-06-01,"Angel Miller",North,PROD-0047,"Bulletin Board (Machines)",Technology,4,2854.72,1129.31
ORD-01077,2023-10-07,"Kimberly Gibson",West,PROD-0047,"Bulletin Board (Machines)",Technology,5,3568.40,923.97
ORD-01147,2025-02-20,"Melanie Taylor",South,PROD-0047,"Bulletin Board (Machines)",Technology,2,1141.89,494.69
ORD-01159,2024-02-06,"Nicole Parrish",North,PROD-0047,"Bulletin Board (Machines)",Technology,9,5780.81,872.19
ORD-01215,2023-04-11,"Christopher Schwartz",North,PROD-0047,"Bulletin Board (Machines)",Technology,4,2854.72,908.18
ORD-01227,2023-11-04,"Justin Baxter",East,PROD-0047,"Bulletin Board (Machines)",Technology,3,1712.83,696.47
ORD-01296,2024-11-07,"Nicholas Sheppard",East,PROD-0047,"Bulletin Board (Machines)",Technology,13,7422.27,1375.19
ORD-01359,2023-03-26,"Haley Hartman",East,PROD-0047,"Bulletin Board (Machines)",Technology,2,1284.62,332.42
ORD-01367,2024-01-31,"Justin Baxter",East,PROD-0047,"Bulletin Board (Machines)",Technology,1,713.68,188.54
ORD-01409,2024-07-14,"Linda Dodson DVM",West,PROD-0047,"Bulletin Board (Machines)",Technology,3,1712.83,557.45
ORD-01433,2024-03-27,"Brenda Bailey",Central,PROD-0047,"Bulletin Board (Machines)",Technology,2,1355.99,372.18
ORD-01465,2024-03-05,"Anna Henderson",East,PROD-0047,"Bulletin Board (Machines)",Technology,13,7886.16,1748.63
ORD-01540,2023-08-17,"Darrell Patterson",North,PROD-0047,"Bulletin Board (Machines)",Technology,2,1427.36,310.58
ORD-01676,2023-03-26,"Thomas Jones",North,PROD-0047,"Bulletin Board (Machines)",Technology,10,7136.80,2654.27
ORD-01678,2023-07-03,"James Harmon",East,PROD-0047,"Bulletin Board (Machines)",Technology,6,3639.77,1058.71
ORD-01768,2025-01-14,"Richard Romero",East,PROD-0047,"Bulletin Board (Machines)",Technology,6,3425.66,1399.96
ORD-01797,2024-08-05,"Kyle Mcdonald",North,PROD-0047,"Bulletin Board (Machines)",Technology,11,6280.38,1290.47
ORD-02051,2024-08-03,"Denise King",South,PROD-0047,"Bulletin Board (Machines)",Technology,7,4496.18,1205.84
ORD-02056,2023-05-26,"Julie Spencer",North,PROD-0047,"Bulletin Board (Machines)",Technology,7,4995.76,760.65
ORD-02173,2024-07-05,"Michael Evans",South,PROD-0047,"Bulletin Board (Machines)",Technology,11,6672.91,1710.46
ORD-02193,2025-12-02,"Alison Buchanan",Central,PROD-0047,"Bulletin Board (Machines)",Technology,12,6851.33,2612.90
ORD-02307,2025-05-20,"Andrea Davis",East,PROD-0047,"Bulletin Board (Machines)",Technology,3,1819.88,443.78
ORD-02406,2023-01-30,"Christopher Collins",Central,PROD-0047,"Bulletin Board (Machines)",Technology,6,3425.66,1167.68
ORD-02483,2025-10-08,"Melissa Gates",North,PROD-0047,"Bulletin Board (Machines)",Technology,10,7136.80,2369.43
ORD-02507,2023-08-14,"Alison Buchanan",Central,PROD-0047,"Bulletin Board (Machines)",Technology,4,2854.72,518.90
ORD-02666,2024-11-19,"Stephen Potter",West,PROD-0047,"Bulletin Board (Machines)",Technology,15,8564.16,1522.41
ORD-02705,2024-05-08,"Anna Henderson",East,PROD-0047,"Bulletin Board (Machines)",Technology,8,4853.02,789.67
ORD-02709,2024-05-16,"Mark Brennan",North,PROD-0047,"Bulletin Board (Machines)",Technology,13,8813.95,2183.82
ORD-02717,2023-09-29,"Andrea Davis",East,PROD-0047,"Bulletin Board (Machines)",Technology,9,5138.50,1496.37
ORD-02748,2024-10-06,"Brent Jordan",East,PROD-0047,"Bulletin Board (Machines)",Technology,15,10705.20,3425.52
ORD-02783,2024-05-21,"Brent Jordan",East,PROD-0047,"Bulletin Board (Machines)",Technology,1,713.68,160.60
ORD-02927,2025-07-20,"Joseph Hill",Central,PROD-0047,"Bulletin Board (Machines)",Technology,7,4995.76,1551.54
ORD-02930,2023-02-18,"Patrick Ryan",South,PROD-0047,"Bulletin Board (Machines)",Technology,9,6423.12,2546.01
ORD-00004,2023-02-25,"Lori Guerrero",East,PROD-0048,"Cubicle Panel (Copiers)",Technology,2,1234.12,396.67
ORD-00076,2025-10-17,"Tracy Phillips",Central,PROD-0048,"Cubicle Panel (Copiers)",Technology,11,7586.18,1684.15
ORD-00228,2024-11-30,"Nathan Cortez",East,PROD-0048,"Cubicle Panel (Copiers)",Technology,13,8965.48,3518.04
ORD-00251,2025-12-16,"Thomas Cunningham",Central,PROD-0048,"Cubicle Panel (Copiers)",Technology,7,5081.65,1103.47
ORD-00292,2024-12-12,"Jordan Wilson",North,PROD-0048,"Cubicle Panel (Copiers)",Technology,12,8711.40,2482.76
ORD-00331,2023-09-01,"Randy Strickland",Central,PROD-0048,"Cubicle Panel (Copiers)",Technology,3,2177.85,722.67
ORD-00407,2025-05-18,"Anna Gay",Central,PROD-0048,"Cubicle Panel (Copiers)",Technology,9,6206.87,1259.94
ORD-00420,2025-12-10,"Kyle Preston",South,PROD-0048,"Cubicle Panel (Copiers)",Technology,6,3702.35,1203.64
ORD-00455,2024-04-07,"Michael Martinez",East,PROD-0048,"Cubicle Panel (Copiers)",Technology,5,3085.29,621.94
ORD-00553,2025-04-22,"Cheryl Allen",North,PROD-0048,"Cubicle Panel (Copiers)",Technology,15,10889.25,1657.93
ORD-00590,2023-05-26,"Christian Martinez",East,PROD-0048,"Cubicle Panel (Copiers)",Technology,9,6533.55,1005.74
ORD-00815,2024-12-02,"Brittney Olson",South,PROD-0048,"Cubicle Panel (Copiers)",Technology,3,2177.85,718.18
ORD-00831,2025-04-05,"Kara Schmidt",South,PROD-0048,"Cubicle Panel (Copiers)",Technology,14,10163.30,4333.13
ORD-00913,2023-09-10,"Kimberly Dudley",Central,PROD-0048,"Cubicle Panel (Copiers)",Technology,1,725.95,201.95
ORD-00953,2024-01-18,"Jesse Brown",South,PROD-0048,"Cubicle Panel (Copiers)",Technology,3,2177.85,586.70
ORD-00964,2025-11-12,"Olivia Moore",North,PROD-0048,"Cubicle Panel (Copiers)",Technology,5,3629.75,844.80
ORD-01157,2025-10-24,"Monica Logan",North,PROD-0048,"Cubicle Panel (Copiers)",Technology,7,4065.32,978.27
ORD-01188,2025-12-02,"Derek Thomas",Central,PROD-0048,"Cubicle Panel (Copiers)",Technology,11,7186.91,1352.50
ORD-01194,2023-10-25,"Jacob Fitzpatrick",South,PROD-0048,"Cubicle Panel (Copiers)",Technology,11,7186.91,1256.75
ORD-01269,2025-01-31,"Darrell Patterson",North,PROD-0048,"Cubicle Panel (Copiers)",Technology,8,4646.08,765.59
ORD-01352,2023-12-09,"Michelle Lewis",Central,PROD-0048,"Cubicle Panel (Copiers)",Technology,4,2613.42,600.28
ORD-01427,2025-07-17,"Jordan Edwards",North,PROD-0048,"Cubicle Panel (Copiers)",Technology,1,725.95,165.43
ORD-01550,2023-12-18,"James Harmon",East,PROD-0048,"Cubicle Panel (Copiers)",Technology,15,8711.40,2516.39
ORD-01867,2024-07-29,"Richard Romero",East,PROD-0048,"Cubicle Panel (Copiers)",Technology,11,6787.63,2325.81
ORD-01885,2024-02-08,"Belinda Mccullough",East,PROD-0048,"Cubicle Panel (Copiers)",Technology,3,2177.85,776.97
ORD-02044,2025-07-07,"Jesse Brown",South,PROD-0048,"Cubicle Panel (Copiers)",Technology,11,7985.45,2942.17
ORD-02080,2023-08-12,"John Hernandez",East,PROD-0048,"Cubicle Panel (Copiers)",Technology,14,8638.80,3456.92
ORD-02228,2023-11-15,"Matthew Harvey",South,PROD-0048,"Cubicle Panel (Copiers)",Technology,6,3920.13,1748.01
ORD-02282,2025-03-20,"Kyle Preston",South,PROD-0048,"Cubicle Panel (Copiers)",Technology,3,2068.96,787.20
ORD-02331,2025-05-02,"Brenda Thornton",North,PROD-0048,"Cubicle Panel (Copiers)",Technology,3,1742.28,688.68
ORD-02449,2023-01-11,"Julie Grant",South,PROD-0048,"Cubicle Panel (Copiers)",Technology,3,1960.07,445.90
ORD-02542,2024-12-15,"John Hernandez",East,PROD-0048,"Cubicle Panel (Copiers)",Technology,15,10889.25,3622.77
ORD-02603,2025-04-06,"Laura Mckinney",South,PROD-0048,"Cubicle Panel (Copiers)",Technology,2,1451.90,640.50
ORD-02634,2024-07-08,"Noah Brown",North,PROD-0048,"Cubicle Panel (Copiers)",Technology,12,8711.40,3648.17
ORD-02674,2024-11-22,"Jennifer Smith",West,PROD-0048,"Cubicle Panel (Copiers)",Technology,10,6896.52,3023.56
ORD-02677,2024-06-25,"Cameron Fisher",Central,PROD-0048,"Cubicle Panel (Copiers)",Technology,14,10163.30,3220.32
ORD-02734,2024-08-12,"Charles Schultz",Central,PROD-0048,"Cubicle Panel (Copiers)",Technology,5,3448.26,1097.67
ORD-02778,2024-04-14,"Angela Hernandez",West,PROD-0048,"Cubicle Panel (Copiers)",Technology,5,2903.80,1166.10
ORD-02809,2023-09-06,"Melissa Lee",North,PROD-0048,"Cubicle Panel (Copiers)",Technology,3,2177.85,694.12
ORD-02814,2025-01-31,"Laurie Hoffman",North,PROD-0048,"Cubicle Panel (Copiers)",Technology,10,6170.58,2469.57
ORD-02815,2025-12-07,"Courtney Jones",North,PROD-0048,"Cubicle Panel (Copiers)",Technology,11,7985.45,1670.20
ORD-02866,2025-08-06,"Mr. Donald Fischer",Central,PROD-0048,"Cubicle Panel (Copiers)",Technology,2,1451.90,253.50
ORD-02933,2025-12-24,"Sandra Gilbert",West,PROD-0048,"Cubicle Panel (Copiers)",Technology,12,8275.83,3106.85
ORD-02958,2023-06-10,"Amanda Lutz",East,PROD-0048,"Cubicle Panel (Copiers)",Technology,11,7586.18,2136.29
ORD-00008,2023-06-17,"Melissa Bryant",South,PROD-0049,"Copier Machine (Paper)","Office Supplies",8,5519.12,1243.42
ORD-00085,2023-05-23,"Julia Torres",East,PROD-0049,"Copier Machine (Paper)","Office Supplies",5,2759.56,587.78
ORD-00111,2024-08-12,"Anna Henderson",East,PROD-0049,"Copier Machine (Paper)","Office Supplies",11,6829.91,2749.77
ORD-00113,2024-05-27,"Julie Grant",South,PROD-0049,"Copier Machine (Paper)","Office Supplies",8,4415.30,1586.70
ORD-00269,2023-04-08,"Jacob Anderson",West,PROD-0049,"Copier Machine (Paper)","Office Supplies",14,8209.69,2876.86
ORD-00507,2025-11-28,"Jesse Brown",South,PROD-0049,"Copier Machine (Paper)","Office Supplies",9,5588.11,1361.83
ORD-00522,2023-05-09,"Stephen Johnston",North,PROD-0049,"Copier Machine (Paper)","Office Supplies",10,6898.90,1449.80
ORD-00568,2024-02-19,"Crystal Whitehead",North,PROD-0049,"Copier Machine (Paper)","Office Supplies",12,8278.68,1534.50
ORD-00755,2025-02-05,"Sherry Wood",North,PROD-0049,"Copier Machine (Paper)","Office Supplies",9,5277.66,1434.83
ORD-00864,2025-12-06,"Cheryl Williams",South,PROD-0049,"Copier Machine (Paper)","Office Supplies",2,1379.78,463.25
ORD-00900,2023-11-11,"April Booth",North,PROD-0049,"Copier Machine (Paper)","Office Supplies",1,655.40,153.98
ORD-00907,2023-08-06,"Nicholas Sheppard",East,PROD-0049,"Copier Machine (Paper)","Office Supplies",5,2759.56,673.99
ORD-01297,2025-09-25,"Cameron Fisher",Central,PROD-0049,"Copier Machine (Paper)","Office Supplies",1,689.89,212.07
ORD-01306,2025-09-23,"Justin Baxter",East,PROD-0049,"Copier Machine (Paper)","Office Supplies",2,1241.80,336.75
ORD-01425,2023-04-21,"Scott Cole",North,PROD-0049,"Copier Machine (Paper)","Office Supplies",11,7588.79,2765.97
ORD-01468,2025-09-22,"Shane Henderson",Central,PROD-0049,"Copier Machine (Paper)","Office Supplies",9,5588.11,1123.95
ORD-01684,2025-06-20,"James Harmon",East,PROD-0049,"Copier Machine (Paper)","Office Supplies",1,689.89,279.69
ORD-01858,2024-11-30,"Stephanie Gardner",East,PROD-0049,"Copier Machine (Paper)","Office Supplies",4,2621.58,425.49
ORD-01876,2025-12-27,"Michael Miles",South,PROD-0049,"Copier Machine (Paper)","Office Supplies",10,6898.90,1695.72
ORD-01969,2025-12-30,"Tony Saunders",East,PROD-0049,"Copier Machine (Paper)","Office Supplies",7,4829.23,1485.31
ORD-02006,2023-04-08,"Joseph Hill",Central,PROD-0049,"Copier Machine (Paper)","Office Supplies",14,8209.69,1695.68
ORD-02031,2024-05-02,"Kara Schmidt",South,PROD-0049,"Copier Machine (Paper)","Office Supplies",15,8796.10,2380.03
ORD-02041,2024-02-23,"Denise King",South,PROD-0049,"Copier Machine (Paper)","Office Supplies",4,2483.60,1059.38
ORD-02135,2023-04-21,"Phillip Dorsey",South,PROD-0049,"Copier Machine (Paper)","Office Supplies",14,8209.69,2945.45
ORD-02220,2023-10-14,"Patrick Ryan",South,PROD-0049,"Copier Machine (Paper)","Office Supplies",6,3518.44,1125.24
ORD-02446,2025-07-12,"Brenda Snyder PhD",Central,PROD-0049,"Copier Machine (Paper)","Office Supplies",13,8968.57,3552.07
ORD-02452,2023-08-24,"Vincent Dalton",North,PROD-0049,"Copier Machine (Paper)","Office Supplies",15,10348.35,4565.18
ORD-02458,2024-07-29,"Kevin Mills",East,PROD-0049,"Copier Machine (Paper)","Office Supplies",7,4829.23,1327.58
ORD-02556,2025-03-02,"Sandra Parker",West,PROD-0049,"Copier Machine (Paper)","Office Supplies",7,4587.77,733.71
ORD-02687,2023-02-03,"Victoria Valdez",South,PROD-0049,"Copier Machine (Paper)","Office Supplies",11,6071.03,1170.21
ORD-02821,2023-07-12,"Angela Hernandez",West,PROD-0049,"Copier Machine (Paper)","Office Supplies",9,5898.56,2068.56
ORD-02920,2025-04-02,"Lauren Keller",Central,PROD-0049,"Copier Machine (Paper)","Office Supplies",7,3863.38,1675.34
ORD-02963,2023-02-17,"Kelly Foster",East,PROD-0049,"Copier Machine (Paper)","Office Supplies",13,8968.57,2538.72
ORD-02969,2025-01-13,"Sean Rasmussen",West,PROD-0049,"Copier Machine (Paper)","Office Supplies",11,7588.79,1902.73
ORD-02999,2024-06-16,"Monica Logan",North,PROD-0049,"Copier Machine (Paper)","Office Supplies",6,4139.34,1006.86
ORD-00078,2025-09-19,"James Harmon",East,PROD-0050,"Bulletin Board (Storage)","Office Supplies",2,403.12,63.72
ORD-00122,2025-01-17,"Thomas Cunningham",Central,PROD-0050,"Bulletin Board (Storage)","Office Supplies",12,2418.72,1023.02
ORD-00125,2023-12-03,"Jennifer Conley",South,PROD-0050,"Bulletin Board (Storage)","Office Supplies",5,806.24,134.44
ORD-00227,2025-01-11,"Andrew Johnson",North,PROD-0050,"Bulletin Board (Storage)","Office Supplies",1,201.56,72.03
ORD-00233,2023-12-06,"Gina French",Central,PROD-0050,"Bulletin Board (Storage)","Office Supplies",12,2297.78,1003.88
ORD-00259,2025-08-20,"Michael Martinez",East,PROD-0050,"Bulletin Board (Storage)","Office Supplies",1,171.33,57.21
ORD-00308,2024-11-22,"Tracy Phillips",Central,PROD-0050,"Bulletin Board (Storage)","Office Supplies",14,2539.66,1111.46
ORD-00314,2023-11-20,"Jesse Perry",North,PROD-0050,"Bulletin Board (Storage)","Office Supplies",8,1531.86,466.80
ORD-00412,2023-04-10,"Brent Jordan",East,PROD-0050,"Bulletin Board (Storage)","Office Supplies",4,685.30,299.29
ORD-00456,2023-03-06,"Marie Moody",West,PROD-0050,"Bulletin Board (Storage)","Office Supplies",2,382.96,128.76
ORD-00482,2024-05-12,"Jake Campbell",Central,PROD-0050,"Bulletin Board (Storage)","Office Supplies",10,1814.04,724.03
ORD-00629,2025-11-30,"Kimberly Dudley",Central,PROD-0050,"Bulletin Board (Storage)","Office Supplies",7,1199.28,217.46
ORD-00690,2023-05-19,"John Hamilton",South,PROD-0050,"Bulletin Board (Storage)","Office Supplies",6,1209.36,258.67
ORD-00702,2023-04-12,"Carol Lawson",South,PROD-0050,"Bulletin Board (Storage)","Office Supplies",7,1269.83,362.03
ORD-00817,2025-05-13,"Michelle Miles",South,PROD-0050,"Bulletin Board (Storage)","Office Supplies",11,1773.73,709.43
ORD-00833,2023-09-01,"George Shelton",Central,PROD-0050,"Bulletin Board (Storage)","Office Supplies",8,1370.61,348.12
ORD-00849,2025-10-29,"Stephanie Gardner",East,PROD-0050,"Bulletin Board (Storage)","Office Supplies",3,574.45,257.75
ORD-00868,2025-07-15,"April Booth",North,PROD-0050,"Bulletin Board (Storage)","Office Supplies",2,362.81,68.78
ORD-01008,2025-07-28,"Andrew Johnson",North,PROD-0050,"Bulletin Board (Storage)","Office Supplies",11,2106.30,381.33
ORD-01061,2025-09-02,"Olivia Moore",North,PROD-0050,"Bulletin Board (Storage)","Office Supplies",8,1289.98,371.29
ORD-01089,2023-03-10,"Mr. Nathaniel Khan",North,PROD-0050,"Bulletin Board (Storage)","Office Supplies",4,765.93,175.71
ORD-01241,2023-05-19,"Lori Hill",West,PROD-0050,"Bulletin Board (Storage)","Office Supplies",13,2489.27,490.40
ORD-01249,2024-01-04,"Melissa Gates",North,PROD-0050,"Bulletin Board (Storage)","Office Supplies",15,2721.06,1034.50
ORD-01309,2025-02-15,"Kimberly Gibson",West,PROD-0050,"Bulletin Board (Storage)","Office Supplies",6,1148.89,294.69
ORD-01360,2025-06-03,"Bryan Zamora",East,PROD-0050,"Bulletin Board (Storage)","Office Supplies",10,1713.26,329.79
ORD-01582,2023-10-03,"Katrina Hill",East,PROD-0050,"Bulletin Board (Storage)","Office Supplies",5,856.63,285.49
ORD-01598,2025-10-26,"Matthew Williams",South,PROD-0050,"Bulletin Board (Storage)","Office Supplies",13,2096.22,523.60
ORD-01637,2024-05-05,"Cameron Fisher",Central,PROD-0050,"Bulletin Board (Storage)","Office Supplies",5,907.02,303.48
ORD-01653,2024-10-16,"Christopher Jenkins",South,PROD-0050,"Bulletin Board (Storage)","Office Supplies",8,1531.86,287.91
ORD-01663,2023-08-31,"Eric Byrd",North,PROD-0050,"Bulletin Board (Storage)","Office Supplies",4,685.30,266.62
ORD-01682,2024-06-24,"Brent Jordan",East,PROD-0050,"Bulletin Board (Storage)","Office Supplies",9,1814.04,579.16
ORD-01721,2023-06-20,"Michael Evans",South,PROD-0050,"Bulletin Board (Storage)","Office Supplies",7,1199.28,432.59
ORD-01811,2023-08-14,"Shane Henderson",Central,PROD-0050,"Bulletin Board (Storage)","Office Supplies",2,403.12,112.26
ORD-01839,2025-02-08,"Kathleen Ramos",North,PROD-0050,"Bulletin Board (Storage)","Office Supplies",14,2821.84,1225.91
ORD-01846,2025-10-21,"Joshua Smith",Central,PROD-0050,"Bulletin Board (Storage)","Office Supplies",4,644.99,102.96
ORD-01886,2023-07-18,"Teresa Rodriguez",West,PROD-0050,"Bulletin Board (Storage)","Office Supplies",1,191.48,61.35
ORD-02005,2023-03-12,"Marie Christian",West,PROD-0050,"Bulletin Board (Storage)","Office Supplies",15,2569.89,746.07
ORD-02082,2023-03-02,"Cheryl Allen",North,PROD-0050,"Bulletin Board (Storage)","Office Supplies",10,2015.60,618.05
ORD-02146,2023-07-03,"Patrick Ryan",South,PROD-0050,"Bulletin Board (Storage)","Office Supplies",13,2489.27,474.28
ORD-02162,2023-12-18,"Sierra Johnson",East,PROD-0050,"Bulletin Board (Storage)","Office Supplies",7,1199.28,539.65
ORD-02208,2023-08-30,"Nicole Parrish",North,PROD-0050,"Bulletin Board (Storage)","Office Supplies",5,1007.80,307.44
ORD-02211,2025-11-21,"Randy Strickland",Central,PROD-0050,"Bulletin Board (Storage)","Office Supplies",14,2821.84,477.95
ORD-02252,2024-01-26,"Anna Gay",Central,PROD-0050,"Bulletin Board (Storage)","Office Supplies",4,685.30,216.74
ORD-02328,2023-08-06,"Seth Booker",West,PROD-0050,"Bulletin Board (Storage)","Office Supplies",11,1995.44,853.79
ORD-02347,2024-09-25,"Deborah Figueroa",Central,PROD-0050,"Bulletin Board (Storage)","Office Supplies",4,725.62,282.62
ORD-02390,2023-10-18,"Shannon Ray",North,PROD-0050,"Bulletin Board (Storage)","Office Supplies",2,403.12,132.42
ORD-02434,2023-11-10,"David Murphy",East,PROD-0050,"Bulletin Board (Storage)","Office Supplies",1,181.40,43.12
ORD-02553,2023-11-14,"Cynthia Wallace",Central,PROD-0050,"Bulletin Board (Storage)","Office Supplies",2,342.65,126.37
ORD-02591,2025-07-25,"Katrina Hill",East,PROD-0050,"Bulletin Board (Storage)","Office Supplies",2,362.81,120.88
ORD-02643,2024-05-02,"Curtis Johnson",West,PROD-0050,"Bulletin Board (Storage)","Office Supplies",4,806.24,220.44
ORD-02685,2025-11-03,"Samantha Pollard",South,PROD-0050,"Bulletin Board (Storage)","Office Supplies",14,2680.75,739.97
ORD-02772,2023-12-08,"Matthew Harvey",South,PROD-0050,"Bulletin Board (Storage)","Office Supplies",9,1814.04,392.08
ORD-02909,2025-01-25,"Mark Lynch",South,PROD-0050,"Bulletin Board (Storage)","Office Supplies",6,1209.36,362.28
ORD-02938,2025-02-02,"Benjamin Smith",South,PROD-0050,"Bulletin Board (Storage)","Office Supplies",1,201.56,53.86
ORD-02959,2023-06-20,"Deborah Figueroa",Central,PROD-0050,"Bulletin Board (Storage)","Office Supplies",4,685.30,105.91
ORD-02961,2025-08-15,"Benjamin Smith",South,PROD-0050,"Bulletin Board (Storage)","Office Supplies",1,201.56,52.92
ORD-00052,2023-05-04,"Melissa Gates",North,PROD-0051,"Bulletin Board (Machines)",Technology,10,5297.62,2226.22
ORD-00236,2025-08-18,"Tony Saunders",East,PROD-0051,"Bulletin Board (Machines)",Technology,15,7479.00,2930.24
ORD-00268,2023-03-16,"Sandra Parker",West,PROD-0051,"Bulletin Board (Machines)",Technology,13,6886.91,2704.28
ORD-00281,2023-03-13,"Lori Guerrero",East,PROD-0051,"Bulletin Board (Machines)",Technology,3,1869.75,709.01
ORD-00479,2023-02-23,"Laura Mckinney",South,PROD-0051,"Bulletin Board (Machines)",Technology,2,1246.50,353.67
ORD-00484,2023-10-26,"Jordan Wilson",North,PROD-0051,"Bulletin Board (Machines)",Technology,2,1246.50,398.38
ORD-00574,2024-04-08,"Stephanie Gardner",East,PROD-0051,"Bulletin Board (Machines)",Technology,9,4767.86,1508.93
ORD-00682,2025-02-13,"Allison Hill",North,PROD-0051,"Bulletin Board (Machines)",Technology,5,2648.81,644.85
ORD-00700,2024-11-09,"Thomas Jones",North,PROD-0051,"Bulletin Board (Machines)",Technology,4,2493.00,815.75
ORD-00713,2024-04-10,"Sandra Gilbert",West,PROD-0051,"Bulletin Board (Machines)",Technology,9,5609.25,1109.29
ORD-00741,2023-04-29,"Cheryl Williams",South,PROD-0051,"Bulletin Board (Machines)",Technology,4,2493.00,780.47
ORD-00912,2025-02-03,"Daniel Salinas",East,PROD-0051,"Bulletin Board (Machines)",Technology,1,560.93,105.21
ORD-01006,2024-05-27,"Jake Campbell",Central,PROD-0051,"Bulletin Board (Machines)",Technology,12,7105.05,1138.11
ORD-01158,2023-10-04,"Mr. Nathaniel Khan",North,PROD-0051,"Bulletin Board (Machines)",Technology,8,4487.40,1752.63
ORD-01202,2024-04-20,"Kelsey Parker",Central,PROD-0051,"Bulletin Board (Machines)",Technology,4,2119.05,936.99
ORD-01248,2025-10-13,"Robert Robinson",East,PROD-0051,"Bulletin Board (Machines)",Technology,9,4767.86,1241.75
ORD-01303,2025-09-14,"Jennifer Conley",South,PROD-0051,"Bulletin Board (Machines)",Technology,7,4362.75,1517.30
ORD-01316,2025-04-07,"Destiny Riggs",South,PROD-0051,"Bulletin Board (Machines)",Technology,14,8725.50,1694.91
ORD-01365,2023-05-20,"Charles Schultz",Central,PROD-0051,"Bulletin Board (Machines)",Technology,1,592.09,249.09
ORD-01445,2025-06-08,"Jesse Perry",North,PROD-0051,"Bulletin Board (Machines)",Technology,10,6232.50,1137.14
ORD-01469,2025-12-25,"Mr. Nathaniel Khan",North,PROD-0051,"Bulletin Board (Machines)",Technology,11,5484.60,1591.32
ORD-01658,2024-04-13,"Kimberly Smith",North,PROD-0051,"Bulletin Board (Machines)",Technology,15,9348.75,1474.87
ORD-01716,2023-04-08,"Roger Vargas",Central,PROD-0051,"Bulletin Board (Machines)",Technology,9,5609.25,980.55
ORD-01732,2024-01-21,"Kyle Preston",South,PROD-0051,"Bulletin Board (Machines)",Technology,14,8725.50,3378.79
ORD-01795,2024-04-28,"Brenda Bailey",Central,PROD-0051,"Bulletin Board (Machines)",Technology,13,6886.91,1055.76
ORD-01805,2025-05-17,"Tony Saunders",East,PROD-0051,"Bulletin Board (Machines)",Technology,8,4238.10,723.40
ORD-01834,2023-07-23,"John Hernandez",East,PROD-0051,"Bulletin Board (Machines)",Technology,9,5609.25,2043.98
ORD-01972,2023-02-24,"Deborah Figueroa",Central,PROD-0051,"Bulletin Board (Machines)",Technology,3,1869.75,802.41
ORD-02087,2025-05-29,"Kristine Garcia",East,PROD-0051,"Bulletin Board (Machines)",Technology,6,3739.50,917.83
ORD-02178,2025-04-13,"Nicholas Sheppard",East,PROD-0051,"Bulletin Board (Machines)",Technology,2,1246.50,321.53
ORD-02213,2024-11-03,"Ms. Teresa Wilson",West,PROD-0051,"Bulletin Board (Machines)",Technology,5,3116.25,1302.13
ORD-02341,2023-06-08,"Gina French",Central,PROD-0051,"Bulletin Board (Machines)",Technology,14,7416.68,2295.23
ORD-02365,2024-09-25,"Stephen Potter",West,PROD-0051,"Bulletin Board (Machines)",Technology,9,4487.40,714.91
ORD-02517,2024-06-29,"Brenda Snyder PhD",Central,PROD-0051,"Bulletin Board (Machines)",Technology,4,2493.00,723.87
ORD-02595,2025-10-22,"Kelly Foster",East,PROD-0051,"Bulletin Board (Machines)",Technology,14,6980.40,2087.41
ORD-02777,2024-02-11,"Monica Logan",North,PROD-0051,"Bulletin Board (Machines)",Technology,3,1495.80,432.72
ORD-02817,2024-03-07,"Kerry Smith",North,PROD-0051,"Bulletin Board (Machines)",Technology,15,9348.75,1606.83
ORD-02831,2025-08-27,"Rita Adams",South,PROD-0051,"Bulletin Board (Machines)",Technology,4,2493.00,1119.85
ORD-02979,2025-03-08,"Christopher Lewis",North,PROD-0051,"Bulletin Board (Machines)",Technology,9,5048.32,964.07
ORD-00093,2025-02-19,"Shawn Baker",South,PROD-0052,"Conference Table (Paper)","Office Supplies",7,2110.46,448.01
ORD-00271,2024-11-25,"Melissa Gates",North,PROD-0052,"Conference Table (Paper)","Office Supplies",3,1010.89,245.02
ORD-00382,2023-01-24,"Casey James",East,PROD-0052,"Conference Table (Paper)","Office Supplies",5,1507.48,515.76
ORD-00439,2025-05-05,"Kyle Mcdonald",North,PROD-0052,"Conference Table (Paper)","Office Supplies",5,1773.50,693.69
ORD-00460,2023-03-29,"Allison Smith",South,PROD-0052,"Conference Table (Paper)","Office Supplies",4,1418.80,254.84
ORD-00477,2024-07-06,"Angie Henderson",East,PROD-0052,"Conference Table (Paper)","Office Supplies",2,709.40,300.65
ORD-00488,2025-03-21,"Theresa Clark",Central,PROD-0052,"Conference Table (Paper)","Office Supplies",6,1702.56,449.38
ORD-00528,2023-06-23,"Casey Stone",Central,PROD-0052,"Conference Table (Paper)","Office Supplies",11,3901.70,1389.18
ORD-00529,2024-09-17,"Christopher Collins",Central,PROD-0052,"Conference Table (Paper)","Office Supplies",2,709.40,239.78
ORD-00560,2023-07-10,"Michael Miles",South,PROD-0052,"Conference Table (Paper)","Office Supplies",12,4043.58,1049.50
ORD-00628,2024-07-27,"Mark Lynch",South,PROD-0052,"Conference Table (Paper)","Office Supplies",2,709.40,123.16
ORD-00885,2025-05-01,"John Hernandez",East,PROD-0052,"Conference Table (Paper)","Office Supplies",9,2873.07,945.17
ORD-00892,2023-02-20,"Kristine Garcia",East,PROD-0052,"Conference Table (Paper)","Office Supplies",15,4788.45,973.81
ORD-01013,2024-12-01,"Amanda Lutz",East,PROD-0052,"Conference Table (Paper)","Office Supplies",2,638.46,108.91
ORD-01025,2023-12-24,"Charles Schultz",Central,PROD-0052,"Conference Table (Paper)","Office Supplies",8,2837.60,682.52
ORD-01096,2025-03-21,"Anna Henderson",East,PROD-0052,"Conference Table (Paper)","Office Supplies",13,4611.10,2062.64
ORD-01129,2023-12-08,"Ms. Susan Vargas",East,PROD-0052,"Conference Table (Paper)","Office Supplies",13,4611.10,1314.21
ORD-01139,2023-02-14,"Belinda Miller",East,PROD-0052,"Conference Table (Paper)","Office Supplies",13,3688.88,616.03
ORD-01168,2023-10-30,"John Hamilton",South,PROD-0052,"Conference Table (Paper)","Office Supplies",14,3972.64,810.26
ORD-01176,2023-05-17,"Courtney Jones",North,PROD-0052,"Conference Table (Paper)","Office Supplies",7,2110.46,777.93
ORD-01254,2024-06-05,"Darrell Patterson",North,PROD-0052,"Conference Table (Paper)","Office Supplies",13,4611.10,1649.24
ORD-01313,2024-02-05,"Gina French",Central,PROD-0052,"Conference Table (Paper)","Office Supplies",4,1205.98,225.24
ORD-01405,2024-03-27,"David Davidson",East,PROD-0052,"Conference Table (Paper)","Office Supplies",2,567.52,220.88
ORD-01412,2025-02-09,"Jesse Brown",South,PROD-0052,"Conference Table (Paper)","Office Supplies",13,4611.10,2053.37
ORD-01417,2023-03-19,"Samantha Pollard",South,PROD-0052,"Conference Table (Paper)","Office Supplies",10,3547.00,832.98
ORD-01541,2025-06-02,"Eric Byrd",North,PROD-0052,"Conference Table (Paper)","Office Supplies",1,354.70,148.14
ORD-01564,2023-07-28,"Anna Henderson",East,PROD-0052,"Conference Table (Paper)","Office Supplies",12,4256.40,1832.75
ORD-01594,2025-11-20,"Alexis Herrera",South,PROD-0052,"Conference Table (Paper)","Office Supplies",15,5054.47,1870.23
ORD-01604,2025-12-23,"Jeremy Turner",Central,PROD-0052,"Conference Table (Paper)","Office Supplies",8,2695.72,1043.45
ORD-01612,2025-12-05,"Laura Mckinney",South,PROD-0052,"Conference Table (Paper)","Office Supplies",4,1418.80,441.61
ORD-01840,2024-04-29,"Stephanie Dalton",South,PROD-0052,"Conference Table (Paper)","Office Supplies",8,2553.84,572.78
ORD-01854,2023-10-14,"Robert Montgomery",East,PROD-0052,"Conference Table (Paper)","Office Supplies",12,3830.76,575.97
ORD-01865,2023-01-18,"Angie Henderson",East,PROD-0052,"Conference Table (Paper)","Office Supplies",2,673.93,228.37
ORD-01869,2025-01-13,"Katherine Mcguire",East,PROD-0052,"Conference Table (Paper)","Office Supplies",1,354.70,107.17
ORD-01977,2023-05-21,"Austin Smith",West,PROD-0052,"Conference Table (Paper)","Office Supplies",7,1986.32,770.80
ORD-02058,2025-06-12,"Tony Saunders",East,PROD-0052,"Conference Table (Paper)","Office Supplies",5,1418.80,249.81
ORD-02107,2024-07-28,"Anna Lozano",West,PROD-0052,"Conference Table (Paper)","Office Supplies",4,1205.98,449.48
ORD-02126,2024-03-17,"James Howard",West,PROD-0052,"Conference Table (Paper)","Office Supplies",8,2837.60,677.50
ORD-02145,2023-12-20,"Richard Romero",East,PROD-0052,"Conference Table (Paper)","Office Supplies",11,3316.44,1118.93
ORD-02206,2024-12-24,"Patrick Fox",Central,PROD-0052,"Conference Table (Paper)","Office Supplies",1,336.96,101.54
ORD-02295,2023-06-24,"Joseph Hill",Central,PROD-0052,"Conference Table (Paper)","Office Supplies",4,1418.80,433.97
ORD-02377,2023-01-17,"Haley Hartman",East,PROD-0052,"Conference Table (Paper)","Office Supplies",3,851.28,356.18
ORD-02564,2024-12-26,"Jesse Perry",North,PROD-0052,"Conference Table (Paper)","Office Supplies",7,2358.76,763.88
ORD-02594,2025-07-27,"Kelsey Parker",Central,PROD-0052,"Conference Table (Paper)","Office Supplies",5,1773.50,275.73
ORD-02605,2025-09-02,"Jeremy Lowe",East,PROD-0052,"Conference Table (Paper)","Office Supplies",6,1702.56,647.89
ORD-02644,2025-04-25,"Mark Brennan",North,PROD-0052,"Conference Table (Paper)","Office Supplies",12,3405.12,624.84
ORD-02779,2024-11-09,"Jacob Fitzpatrick",South,PROD-0052,"Conference Table (Paper)","Office Supplies",7,2482.90,705.43
ORD-02905,2023-10-01,"Kimberly Smith",North,PROD-0052,"Conference Table (Paper)","Office Supplies",7,1986.32,698.92
ORD-02964,2024-04-25,"Kelsey Parker",Central,PROD-0052,"Conference Table (Paper)","Office Supplies",7,2234.61,917.29
ORD-02993,2025-06-20,"Rebecca Jackson",West,PROD-0052,"Conference Table (Paper)","Office Supplies",7,1986.32,819.92
ORD-00024,2025-09-17,"Vincent Dalton",North,PROD-0053,"Bookshelf Unit (Machines)",Technology,8,1679.68,339.77
ORD-00136,2025-10-05,"Robert Montgomery",East,PROD-0053,"Bookshelf Unit (Machines)",Technology,2,442.02,167.77
ORD-00155,2025-07-14,"Thomas Jones",North,PROD-0053,"Bookshelf Unit (Machines)",Technology,9,1989.09,330.94
ORD-00270,2025-01-23,"James Howard",West,PROD-0053,"Bookshelf Unit (Machines)",Technology,7,1469.72,333.64
ORD-00322,2023-11-23,"Andrea Davis",East,PROD-0053,"Bookshelf Unit (Machines)",Technology,8,1591.27,493.22
ORD-00326,2025-08-21,"James Mayo",Central,PROD-0053,"Bookshelf Unit (Machines)",Technology,5,994.54,445.10
ORD-00375,2025-07-28,"Robert Montgomery",East,PROD-0053,"Bookshelf Unit (Machines)",Technology,11,2431.11,569.90
ORD-00538,2024-03-27,"Cheryl Williams",South,PROD-0053,"Bookshelf Unit (Machines)",Technology,5,1105.05,406.15
ORD-00689,2024-11-18,"Thomas Cunningham",Central,PROD-0053,"Bookshelf Unit (Machines)",Technology,8,1768.08,654.96
ORD-00723,2023-01-26,"Belinda Mccullough",East,PROD-0053,"Bookshelf Unit (Machines)",Technology,13,2442.16,642.49
ORD-00829,2025-10-03,"Sharon James",North,PROD-0053,"Bookshelf Unit (Machines)",Technology,6,1326.06,465.09
ORD-01038,2023-04-08,"Kimberly Dudley",Central,PROD-0053,"Bookshelf Unit (Machines)",Technology,7,1547.07,375.69
ORD-01323,2024-08-13,"Mark Lynch",South,PROD-0053,"Bookshelf Unit (Machines)",Technology,14,2630.02,1084.45
ORD-01348,2024-06-19,"Patrick Fox",Central,PROD-0053,"Bookshelf Unit (Machines)",Technology,13,2442.16,925.92
ORD-01368,2024-03-20,"Ms. Teresa Wilson",West,PROD-0053,"Bookshelf Unit (Machines)",Technology,10,1878.58,776.72
ORD-01384,2025-09-06,"Jordan Edwards",North,PROD-0053,"Bookshelf Unit (Machines)",Technology,7,1469.72,289.22
ORD-01553,2023-08-08,"Victoria Valdez",South,PROD-0053,"Bookshelf Unit (Machines)",Technology,3,530.42,182.23
ORD-01571,2023-08-10,"Kathleen Ramos",North,PROD-0053,"Bookshelf Unit (Machines)",Technology,2,442.02,134.02
ORD-01720,2024-01-03,"Stephanie Gardner",East,PROD-0053,"Bookshelf Unit (Machines)",Technology,13,2873.13,566.37
ORD-01920,2025-06-20,"Kyle Mcdonald",North,PROD-0053,"Bookshelf Unit (Machines)",Technology,4,751.43,206.11
ORD-01979,2025-08-30,"Courtney Jones",North,PROD-0053,"Bookshelf Unit (Machines)",Technology,3,596.73,165.58
ORD-01997,2024-02-03,"Gina French",Central,PROD-0053,"Bookshelf Unit (Machines)",Technology,7,1547.07,691.20
ORD-02023,2023-12-26,"Courtney Jones",North,PROD-0053,"Bookshelf Unit (Machines)",Technology,11,1944.89,359.43
ORD-02072,2025-03-26,"Jordan Edwards",North,PROD-0053,"Bookshelf Unit (Machines)",Technology,12,2652.12,1188.35
ORD-02077,2025-07-11,"Kyle Mcdonald",North,PROD-0053,"Bookshelf Unit (Machines)",Technology,10,1768.08,682.88
ORD-02091,2025-04-02,"Crystal Whitehead",North,PROD-0053,"Bookshelf Unit (Machines)",Technology,12,2121.70,389.56
ORD-02189,2025-02-14,"Mr. Philip Cannon",East,PROD-0053,"Bookshelf Unit (Machines)",Technology,10,1878.58,694.68
ORD-02200,2025-12-26,"Nathan Cortez",East,PROD-0053,"Bookshelf Unit (Machines)",Technology,12,2652.12,870.85
ORD-02210,2024-03-21,"Jordan Wilson",North,PROD-0053,"Bookshelf Unit (Machines)",Technology,15,3315.15,567.78
ORD-02223,2023-11-25,"Rickey Li",Central,PROD-0053,"Bookshelf Unit (Machines)",Technology,11,2431.11,402.32
ORD-02276,2024-12-29,"Jordan Wilson",North,PROD-0053,"Bookshelf Unit (Machines)",Technology,4,751.43,120.55
ORD-02388,2025-08-27,"Mark Brennan",North,PROD-0053,"Bookshelf Unit (Machines)",Technology,4,884.04,341.73
ORD-02418,2024-04-01,"Carol Lawson",South,PROD-0053,"Bookshelf Unit (Machines)",Technology,13,2729.47,776.60
ORD-02442,2023-07-10,"Haley Hartman",East,PROD-0053,"Bookshelf Unit (Machines)",Technology,2,419.92,82.56
ORD-02480,2024-11-21,"Derek Thomas",Central,PROD-0053,"Bookshelf Unit (Machines)",Technology,11,2431.11,1043.34
ORD-02736,2023-08-06,"Eric Byrd",North,PROD-0053,"Bookshelf Unit (Machines)",Technology,15,3315.15,829.02
ORD-02834,2023-04-17,"Victoria Valdez",South,PROD-0053,"Bookshelf Unit (Machines)",Technology,3,596.73,124.02
ORD-02882,2025-11-24,"Christopher Lewis",North,PROD-0053,"Bookshelf Unit (Machines)",Technology,11,2066.44,814.33
ORD-02922,2025-07-11,"Michael Martinez",East,PROD-0053,"Bookshelf Unit (Machines)",Technology,9,1989.09,429.04
ORD-02942,2023-06-12,"Anna Henderson",East,PROD-0053,"Bookshelf Unit (Machines)",Technology,14,2939.43,471.64
ORD-00064,2024-10-22,"Ashley Smith",South,PROD-0054,"Wireless Mouse (Labels)","Office Supplies",10,1150.10,508.62
ORD-00081,2025-08-03,"Stephanie Gardner",East,PROD-0054,"Wireless Mouse (Labels)","Office Supplies",2,195.52,39.17
ORD-00103,2023-07-05,"Michael Miles",South,PROD-0054,"Wireless Mouse (Labels)","Office Supplies",7,805.07,178.64
ORD-00104,2023-07-25,"David Cox",West,PROD-0054,"Wireless Mouse (Labels)","Office Supplies",8,920.08,222.48
ORD-00363,2024-11-07,"Dawn Hensley",West,PROD-0054,"Wireless Mouse (Labels)","Office Supplies",12,1311.11,550.45
ORD-00410,2023-02-02,"Jesse Brown",South,PROD-0054,"Wireless Mouse (Labels)","Office Supplies",4,460.04,197.73
ORD-00534,2025-01-05,"Michael Miles",South,PROD-0054,"Wireless Mouse (Labels)","Office Supplies",1,109.26,44.69
ORD-00544,2024-05-21,"Allison Hill",North,PROD-0054,"Wireless Mouse (Labels)","Office Supplies",5,460.04,69.10
ORD-00661,2024-07-07,"Deborah Figueroa",Central,PROD-0054,"Wireless Mouse (Labels)","Office Supplies",3,345.03,122.26
ORD-00731,2025-02-01,"Marie Moody",West,PROD-0054,"Wireless Mouse (Labels)","Office Supplies",1,115.01,23.55
ORD-00733,2023-07-21,"Nancy Gonzalez",Central,PROD-0054,"Wireless Mouse (Labels)","Office Supplies",14,1610.14,659.65
ORD-00750,2023-01-19,"Dawn Hensley",West,PROD-0054,"Wireless Mouse (Labels)","Office Supplies",8,920.08,235.35
ORD-00792,2023-09-10,"Casey James",East,PROD-0054,"Wireless Mouse (Labels)","Office Supplies",6,586.55,149.48
ORD-00814,2024-07-03,"Kevin Mills",East,PROD-0054,"Wireless Mouse (Labels)","Office Supplies",15,1466.38,618.98
ORD-00890,2024-05-14,"Jake Campbell",Central,PROD-0054,"Wireless Mouse (Labels)","Office Supplies",1,97.76,18.02
ORD-00905,2023-01-13,"Christopher Schwartz",North,PROD-0054,"Wireless Mouse (Labels)","Office Supplies",11,1075.34,284.42
ORD-00936,2024-04-02,"Andrea Davis",East,PROD-0054,"Wireless Mouse (Labels)","Office Supplies",15,1380.12,376.94
ORD-00955,2023-08-21,"Joshua Mata",North,PROD-0054,"Wireless Mouse (Labels)","Office Supplies",8,782.07,239.59
ORD-00957,2023-03-30,"John Hamilton",South,PROD-0054,"Wireless Mouse (Labels)","Office Supplies",3,310.53,84.56
ORD-00958,2025-11-15,"Robert Carter",North,PROD-0054,"Wireless Mouse (Labels)","Office Supplies",1,103.51,42.02
ORD-01020,2023-03-28,"Dawn Hensley",West,PROD-0054,"Wireless Mouse (Labels)","Office Supplies",14,1529.63,518.00
ORD-01027,2025-02-16,"Angela Hernandez",West,PROD-0054,"Wireless Mouse (Labels)","Office Supplies",10,1150.10,405.26
ORD-01111,2023-05-10,"Shawn Baker",South,PROD-0054,"Wireless Mouse (Labels)","Office Supplies",11,1138.60,232.60
ORD-01112,2025-12-09,"Joseph Hill",Central,PROD-0054,"Wireless Mouse (Labels)","Office Supplies",11,1201.85,264.74
ORD-01141,2023-11-13,"Linda Dodson DVM",West,PROD-0054,"Wireless Mouse (Labels)","Office Supplies",2,230.02,71.74
ORD-01197,2023-03-02,"Sherry Wood",North,PROD-0054,"Wireless Mouse (Labels)","Office Supplies",13,1495.13,278.04
ORD-01210,2025-02-18,"Rebecca Jackson",West,PROD-0054,"Wireless Mouse (Labels)","Office Supplies",12,1380.12,457.86
ORD-01289,2025-07-02,"Crystal Little",East,PROD-0054,"Wireless Mouse (Labels)","Office Supplies",10,1150.10,409.74
ORD-01453,2025-07-29,"Joshua Perry",East,PROD-0054,"Wireless Mouse (Labels)","Office Supplies",14,1449.13,327.23
ORD-01515,2025-05-04,"Kimberly Dudley",Central,PROD-0054,"Wireless Mouse (Labels)","Office Supplies",3,327.78,58.33
ORD-01628,2023-09-08,"Robert Carter",North,PROD-0054,"Wireless Mouse (Labels)","Office Supplies",13,1196.10,425.78
ORD-01644,2025-10-03,"Haley Hartman",East,PROD-0054,"Wireless Mouse (Labels)","Office Supplies",8,782.07,255.04
ORD-01664,2024-06-29,"Mary Thompson",North,PROD-0054,"Wireless Mouse (Labels)","Office Supplies",5,488.79,147.49
ORD-01711,2025-11-17,"Joshua Perry",East,PROD-0054,"Wireless Mouse (Labels)","Office Supplies",6,655.56,161.97
ORD-01743,2025-05-04,"Christopher Schwartz",North,PROD-0054,"Wireless Mouse (Labels)","Office Supplies",15,1638.89,680.00
ORD-01746,2024-04-20,"Austin Smith",West,PROD-0054,"Wireless Mouse (Labels)","Office Supplies",9,1035.09,283.31
ORD-01785,2025-04-08,"Angela Hernandez",West,PROD-0054,"Wireless Mouse (Labels)","Office Supplies",13,1495.13,277.66
ORD-01903,2025-06-29,"Kara Schmidt",South,PROD-0054,"Wireless Mouse (Labels)","Office Supplies",3,345.03,141.01
ORD-01923,2024-05-18,"Sarah Curtis",Central,PROD-0054,"Wireless Mouse (Labels)","Office Supplies",3,345.03,153.04
ORD-01982,2025-03-28,"Kristine Garcia",East,PROD-0054,"Wireless Mouse (Labels)","Office Supplies",10,920.08,345.90
ORD-01996,2025-08-03,"Kimberly Gibson",West,PROD-0054,"Wireless Mouse (Labels)","Office Supplies",7,805.07,182.12
ORD-02040,2023-07-07,"Michelle James",West,PROD-0054,"Wireless Mouse (Labels)","Office Supplies",3,310.53,88.61
ORD-02117,2023-05-07,"Belinda Mccullough",East,PROD-0054,"Wireless Mouse (Labels)","Office Supplies",10,1035.09,406.83
ORD-02172,2025-05-21,"Kristine Garcia",East,PROD-0054,"Wireless Mouse (Labels)","Office Supplies",12,1380.12,399.17
ORD-02239,2025-12-11,"Patrick Ryan",South,PROD-0054,"Wireless Mouse (Labels)","Office Supplies",5,488.79,127.09
ORD-02254,2025-08-29,"Jesse Perry",North,PROD-0054,"Wireless Mouse (Labels)","Office Supplies",13,1495.13,433.49
ORD-02394,2025-05-08,"Grant Watts",West,PROD-0054,"Wireless Mouse (Labels)","Office Supplies",8,874.08,252.91
ORD-02441,2023-08-08,"Laura Mckinney",South,PROD-0054,"Wireless Mouse (Labels)","Office Supplies",3,345.03,128.14
ORD-02574,2025-11-12,"George Shelton",Central,PROD-0054,"Wireless Mouse (Labels)","Office Supplies",12,1173.10,509.24
ORD-02669,2023-04-27,"Cynthia Wallace",Central,PROD-0054,"Wireless Mouse (Labels)","Office Supplies",13,1495.13,424.63
ORD-02688,2023-04-02,"Dr. Steven Martin",South,PROD-0054,"Wireless Mouse (Labels)","Office Supplies",10,1150.10,396.88
ORD-02703,2024-08-23,"Noah Brown",North,PROD-0054,"Wireless Mouse (Labels)","Office Supplies",15,1725.15,606.21
ORD-02795,2025-07-15,"Shawn Baker",South,PROD-0054,"Wireless Mouse (Labels)","Office Supplies",4,414.04,65.19
ORD-02798,2023-07-15,"Jonathan Dougherty",Central,PROD-0054,"Wireless Mouse (Labels)","Office Supplies",9,1035.09,401.30
ORD-02868,2023-12-13,"Kathleen Ramos",North,PROD-0054,"Wireless Mouse (Labels)","Office Supplies",13,1495.13,575.24
ORD-02982,2023-09-29,"Suzanne Walker",South,PROD-0054,"Wireless Mouse (Labels)","Office Supplies",5,575.05,104.47
ORD-00048,2023-04-20,"Melissa Lee",North,PROD-0055,"Desk Organizer (Furnishings)",Furniture,3,379.44,78.41
ORD-00068,2025-06-11,"Steven Houston",North,PROD-0055,"Desk Organizer (Furnishings)",Furniture,11,1113.02,336.67
ORD-00152,2023-02-02,"Joshua Smith",Central,PROD-0055,"Desk Organizer (Furnishings)",Furniture,3,379.44,164.78
ORD-00158,2023-08-10,"Christopher Lewis",North,PROD-0055,"Desk Organizer (Furnishings)",Furniture,8,860.06,152.31
ORD-00312,2024-09-10,"Grant Watts",West,PROD-0055,"Desk Organizer (Furnishings)",Furniture,8,1011.84,211.06
ORD-00440,2025-02-16,"John Hernandez",East,PROD-0055,"Desk Organizer (Furnishings)",Furniture,10,1011.84,380.74
ORD-00489,2024-11-05,"Jennifer Smith",West,PROD-0055,"Desk Organizer (Furnishings)",Furniture,8,1011.84,324.61
ORD-00562,2024-03-22,"Sean Rasmussen",West,PROD-0055,"Desk Organizer (Furnishings)",Furniture,7,708.29,273.71
ORD-00622,2024-02-05,"Eric Byrd",North,PROD-0055,"Desk Organizer (Furnishings)",Furniture,12,1365.98,303.05
ORD-00692,2023-12-07,"Grant Watts",West,PROD-0055,"Desk Organizer (Furnishings)",Furniture,15,1802.34,544.44
ORD-00696,2023-06-01,"Jennifer Powers",North,PROD-0055,"Desk Organizer (Furnishings)",Furniture,6,758.88,139.35
ORD-00734,2025-06-26,"Marie Moody",West,PROD-0055,"Desk Organizer (Furnishings)",Furniture,13,1315.39,465.31
ORD-00744,2025-02-01,"Matthew Williams",South,PROD-0055,"Desk Organizer (Furnishings)",Furniture,8,910.66,287.92
ORD-00941,2025-09-17,"Robin Young",Central,PROD-0055,"Desk Organizer (Furnishings)",Furniture,6,758.88,291.68
ORD-00999,2025-03-20,"Lori Hill",West,PROD-0055,"Desk Organizer (Furnishings)",Furniture,7,796.82,310.69
ORD-01097,2025-08-31,"James Harmon",East,PROD-0055,"Desk Organizer (Furnishings)",Furniture,12,1365.98,551.18
ORD-01113,2024-08-02,"Allison Smith",South,PROD-0055,"Desk Organizer (Furnishings)",Furniture,6,720.94,185.81
ORD-01198,2025-04-22,"Allison Smith",South,PROD-0055,"Desk Organizer (Furnishings)",Furniture,5,600.78,135.97
ORD-01199,2024-07-14,"Mark Brennan",North,PROD-0055,"Desk Organizer (Furnishings)",Furniture,3,303.55,119.48
ORD-01224,2025-02-25,"Lori Guerrero",East,PROD-0055,"Desk Organizer (Furnishings)",Furniture,12,1214.21,191.17
ORD-01265,2025-12-30,"Laura Mckinney",South,PROD-0055,"Desk Organizer (Furnishings)",Furniture,14,1770.72,493.51
ORD-01324,2023-05-27,"Joshua Perry",East,PROD-0055,"Desk Organizer (Furnishings)",Furniture,11,1391.28,565.97
ORD-01366,2025-07-02,"Mrs. Jennifer Morgan",Central,PROD-0055,"Desk Organizer (Furnishings)",Furniture,6,758.88,176.38
ORD-01369,2023-06-26,"Allison Smith",South,PROD-0055,"Desk Organizer (Furnishings)",Furniture,14,1593.65,655.03
ORD-01385,2023-05-24,"Jeremy Lowe",East,PROD-0055,"Desk Organizer (Furnishings)",Furniture,9,1138.32,511.11
ORD-01429,2023-08-26,"Lori Garcia",East,PROD-0055,"Desk Organizer (Furnishings)",Furniture,2,252.96,59.09
ORD-01450,2023-01-26,"Linda Dodson DVM",West,PROD-0055,"Desk Organizer (Furnishings)",Furniture,12,1290.10,423.17
ORD-01490,2025-11-05,"Nathan Cortez",East,PROD-0055,"Desk Organizer (Furnishings)",Furniture,6,645.05,153.76
ORD-01505,2025-05-18,"Nathan Cortez",East,PROD-0055,"Desk Organizer (Furnishings)",Furniture,12,1441.87,588.47
ORD-01511,2025-10-01,"George Shelton",Central,PROD-0055,"Desk Organizer (Furnishings)",Furniture,1,101.18,20.45
ORD-01580,2025-07-30,"Jacob Anderson",West,PROD-0055,"Desk Organizer (Furnishings)",Furniture,1,126.48,50.20
ORD-01614,2025-06-10,"Dwayne Payne",South,PROD-0055,"Desk Organizer (Furnishings)",Furniture,7,885.36,169.94
ORD-01660,2025-05-28,"Benjamin Smith",South,PROD-0055,"Desk Organizer (Furnishings)",Furniture,10,1264.80,512.53
ORD-01735,2025-08-28,"Shannon Ray",North,PROD-0055,"Desk Organizer (Furnishings)",Furniture,7,885.36,367.48
ORD-02070,2023-07-02,"Ashley James",Central,PROD-0055,"Desk Organizer (Furnishings)",Furniture,2,215.02,59.82
ORD-02078,2023-05-01,"Melanie Taylor",South,PROD-0055,"Desk Organizer (Furnishings)",Furniture,12,1517.76,314.55
ORD-02148,2023-01-24,"Katherine Mcguire",East,PROD-0055,"Desk Organizer (Furnishings)",Furniture,2,252.96,107.56
ORD-02149,2025-11-09,"James Mayo",Central,PROD-0055,"Desk Organizer (Furnishings)",Furniture,4,505.92,138.59
ORD-02151,2024-01-06,"Angel Miller",North,PROD-0055,"Desk Organizer (Furnishings)",Furniture,7,841.09,126.18
ORD-02154,2025-04-10,"Mark Lynch",South,PROD-0055,"Desk Organizer (Furnishings)",Furniture,14,1505.11,668.38
ORD-02255,2023-03-31,"Suzanne Walker",South,PROD-0055,"Desk Organizer (Furnishings)",Furniture,3,379.44,123.14
ORD-02275,2024-08-26,"John Hernandez",East,PROD-0055,"Desk Organizer (Furnishings)",Furniture,6,758.88,198.99
ORD-02316,2024-11-13,"Tracy Phillips",Central,PROD-0055,"Desk Organizer (Furnishings)",Furniture,3,303.55,50.63
ORD-02322,2023-10-01,"Kevin Mills",East,PROD-0055,"Desk Organizer (Furnishings)",Furniture,15,1897.20,819.83
ORD-02411,2023-12-29,"Alison Buchanan",Central,PROD-0055,"Desk Organizer (Furnishings)",Furniture,9,1024.49,411.03
ORD-02459,2024-09-30,"Thomas Jones",North,PROD-0055,"Desk Organizer (Furnishings)",Furniture,3,303.55,117.85
ORD-02505,2024-07-23,"Kimberly Gibson",West,PROD-0055,"Desk Organizer (Furnishings)",Furniture,7,885.36,216.13
ORD-02527,2023-06-07,"Joshua Mata",North,PROD-0055,"Desk Organizer (Furnishings)",Furniture,3,322.52,71.57
ORD-02575,2025-11-23,"Vincent Dalton",North,PROD-0055,"Desk Organizer (Furnishings)",Furniture,3,341.50,77.82
ORD-02740,2025-01-26,"Bryan Zamora",East,PROD-0055,"Desk Organizer (Furnishings)",Furniture,4,505.92,84.72
ORD-02771,2023-04-04,"Lauren Keller",Central,PROD-0055,"Desk Organizer (Furnishings)",Furniture,5,600.78,196.49
ORD-02796,2024-04-20,"Nicole Parrish",North,PROD-0055,"Desk Organizer (Furnishings)",Furniture,8,1011.84,310.59
ORD-02835,2025-08-24,"Rebecca Jackson",West,PROD-0055,"Desk Organizer (Furnishings)",Furniture,6,758.88,227.58
ORD-02869,2025-07-31,"Angie Henderson",East,PROD-0055,"Desk Organizer (Furnishings)",Furniture,2,215.02,35.91
ORD-02891,2024-09-06,"Derek Thomas",Central,PROD-0055,"Desk Organizer (Furnishings)",Furniture,1,126.48,27.96
ORD-00006,2024-03-09,"Jordan Wilson",North,PROD-0056,"Office Phone (Chairs)",Furniture,8,2632.32,918.02
ORD-00031,2025-04-12,"Suzanne Walker",South,PROD-0056,"Office Phone (Chairs)",Furniture,8,2369.09,527.24
ORD-00058,2024-02-10,"Dwayne Payne",South,PROD-0056,"Office Phone (Chairs)",Furniture,7,2303.28,660.19
ORD-00115,2024-08-28,"David Davidson",East,PROD-0056,"Office Phone (Chairs)",Furniture,12,3948.48,1750.83
ORD-00132,2024-04-23,"Mr. Philip Cannon",East,PROD-0056,"Office Phone (Chairs)",Furniture,8,2632.32,695.29
ORD-00241,2023-07-30,"Mrs. Jennifer Morgan",Central,PROD-0056,"Office Phone (Chairs)",Furniture,12,3158.78,932.56
ORD-00277,2024-12-23,"Matthew Harvey",South,PROD-0056,"Office Phone (Chairs)",Furniture,10,3125.88,1149.18
ORD-00299,2023-06-01,"Thomas Jones",North,PROD-0056,"Office Phone (Chairs)",Furniture,3,987.12,253.98
ORD-00359,2025-09-08,"Seth Booker",West,PROD-0056,"Office Phone (Chairs)",Furniture,4,1316.16,265.36
ORD-00361,2024-05-05,"Destiny Riggs",South,PROD-0056,"Office Phone (Chairs)",Furniture,4,1316.16,327.79
ORD-00426,2025-07-10,"Joshua Perry",East,PROD-0056,"Office Phone (Chairs)",Furniture,14,4606.56,1945.17
ORD-00527,2023-12-20,"Linda Dodson DVM",West,PROD-0056,"Office Phone (Chairs)",Furniture,14,3915.58,932.70
ORD-00614,2025-05-08,"Katherine Mcguire",East,PROD-0056,"Office Phone (Chairs)",Furniture,4,1316.16,494.25
ORD-00763,2024-01-24,"Destiny Riggs",South,PROD-0056,"Office Phone (Chairs)",Furniture,6,1678.10,396.01
ORD-00839,2025-08-26,"Gina French",Central,PROD-0056,"Office Phone (Chairs)",Furniture,12,3356.21,1144.51
ORD-00883,2023-05-30,"Shannon Ray",North,PROD-0056,"Office Phone (Chairs)",Furniture,13,3635.89,1289.44
ORD-00970,2023-08-29,"Brittney Olson",South,PROD-0056,"Office Phone (Chairs)",Furniture,2,625.18,157.66
ORD-01041,2025-01-07,"Jennifer Powers",North,PROD-0056,"Office Phone (Chairs)",Furniture,9,2665.22,454.28
ORD-01084,2024-11-07,"Noah Brown",North,PROD-0056,"Office Phone (Chairs)",Furniture,2,526.46,118.36
ORD-01087,2025-02-20,"Ashley Smith",South,PROD-0056,"Office Phone (Chairs)",Furniture,14,4606.56,1904.41
ORD-01121,2025-05-01,"Sheila Sawyer",North,PROD-0056,"Office Phone (Chairs)",Furniture,14,4606.56,975.32
ORD-01183,2024-12-11,"Phillip Dorsey",South,PROD-0056,"Office Phone (Chairs)",Furniture,11,3619.44,1242.87
ORD-01225,2023-11-24,"Lori Garcia",East,PROD-0056,"Office Phone (Chairs)",Furniture,7,2072.95,696.13
ORD-01243,2024-07-16,"Andrea Davis",East,PROD-0056,"Office Phone (Chairs)",Furniture,6,1776.82,579.02
ORD-01282,2023-08-29,"Mr. Nathaniel Khan",North,PROD-0056,"Office Phone (Chairs)",Furniture,5,1645.20,662.61
ORD-01288,2023-04-21,"Kimberly Gibson",West,PROD-0056,"Office Phone (Chairs)",Furniture,2,625.18,207.83
ORD-01339,2024-11-09,"Robin Young",Central,PROD-0056,"Office Phone (Chairs)",Furniture,7,2303.28,372.73
ORD-01340,2024-08-26,"Brenda Snyder PhD",Central,PROD-0056,"Office Phone (Chairs)",Furniture,5,1645.20,722.90
ORD-01426,2024-05-29,"Daniel Salinas",East,PROD-0056,"Office Phone (Chairs)",Furniture,6,1776.82,370.39
ORD-01482,2023-04-07,"Dawn Hensley",West,PROD-0056,"Office Phone (Chairs)",Furniture,3,987.12,359.99
ORD-01611,2025-06-07,"Kimberly Dudley",Central,PROD-0056,"Office Phone (Chairs)",Furniture,15,4442.04,1030.62
ORD-01621,2023-12-27,"Jesse Brown",South,PROD-0056,"Office Phone (Chairs)",Furniture,11,2895.55,1266.31
ORD-01630,2024-03-22,"Kristen Willis",West,PROD-0056,"Office Phone (Chairs)",Furniture,3,987.12,392.33
ORD-01729,2025-01-08,"Darrell Patterson",North,PROD-0056,"Office Phone (Chairs)",Furniture,12,3356.21,540.54
ORD-01824,2023-07-01,"James Mayo",Central,PROD-0056,"Office Phone (Chairs)",Furniture,14,4606.56,1095.61
ORD-01922,2023-12-23,"Jonathan Dougherty",Central,PROD-0056,"Office Phone (Chairs)",Furniture,4,1316.16,308.44
ORD-01963,2024-09-17,"Justin Baxter",East,PROD-0056,"Office Phone (Chairs)",Furniture,12,3948.48,1184.78
ORD-02000,2025-06-15,"Brittney Olson",South,PROD-0056,"Office Phone (Chairs)",Furniture,3,937.76,191.18
ORD-02002,2023-12-29,"Phillip Dorsey",South,PROD-0056,"Office Phone (Chairs)",Furniture,5,1645.20,476.46
ORD-02009,2024-05-26,"Robert Robinson",East,PROD-0056,"Office Phone (Chairs)",Furniture,6,1974.24,769.96
ORD-02028,2024-04-29,"Barry Welch",West,PROD-0056,"Office Phone (Chairs)",Furniture,12,3751.06,835.83
ORD-02052,2024-11-13,"Stephanie Dalton",South,PROD-0056,"Office Phone (Chairs)",Furniture,3,839.05,259.45
ORD-02174,2025-02-01,"Sarah Curtis",Central,PROD-0056,"Office Phone (Chairs)",Furniture,10,2796.84,715.06
ORD-02231,2023-06-19,"Dwayne Payne",South,PROD-0056,"Office Phone (Chairs)",Furniture,13,4063.64,1526.61
ORD-02302,2025-02-26,"Julie Spencer",North,PROD-0056,"Office Phone (Chairs)",Furniture,11,3076.52,625.04
ORD-02314,2024-01-08,"Mr. Philip Cannon",East,PROD-0056,"Office Phone (Chairs)",Furniture,13,4063.64,1398.78
ORD-02371,2025-09-26,"Julia Torres",East,PROD-0056,"Office Phone (Chairs)",Furniture,1,329.04,63.27
ORD-02404,2025-05-10,"Anna Henderson",East,PROD-0056,"Office Phone (Chairs)",Furniture,12,3553.63,773.57
ORD-02408,2025-10-19,"Katherine Mcguire",East,PROD-0056,"Office Phone (Chairs)",Furniture,11,3438.47,1120.20
ORD-02509,2024-12-21,"Andrea Davis",East,PROD-0056,"Office Phone (Chairs)",Furniture,5,1645.20,282.85
ORD-02515,2023-08-12,"Nancy Gonzalez",Central,PROD-0056,"Office Phone (Chairs)",Furniture,11,3619.44,926.93
ORD-02520,2024-07-03,"Kathleen Ramos",North,PROD-0056,"Office Phone (Chairs)",Furniture,8,2632.32,1049.48
ORD-02548,2023-11-30,"Kimberly Gibson",West,PROD-0056,"Office Phone (Chairs)",Furniture,5,1562.94,568.16
ORD-02549,2024-08-26,"Gina French",Central,PROD-0056,"Office Phone (Chairs)",Furniture,1,312.59,136.83
ORD-02562,2025-06-13,"Vincent Dalton",North,PROD-0056,"Office Phone (Chairs)",Furniture,2,658.08,192.18
ORD-02593,2025-06-29,"Olivia Moore",North,PROD-0056,"Office Phone (Chairs)",Furniture,1,329.04,53.03
ORD-02664,2025-06-01,"Allison Smith",South,PROD-0056,"Office Phone (Chairs)",Furniture,9,2961.36,745.91
ORD-02711,2024-10-04,"Jesse Perry",North,PROD-0056,"Office Phone (Chairs)",Furniture,2,658.08,215.49
ORD-02720,2024-11-20,"Cynthia Wallace",Central,PROD-0056,"Office Phone (Chairs)",Furniture,10,2961.36,784.79
ORD-02721,2023-04-03,"Mr. Donald Fischer",Central,PROD-0056,"Office Phone (Chairs)",Furniture,2,559.37,97.21
ORD-02738,2023-12-12,"Mark Lynch",South,PROD-0056,"Office Phone (Chairs)",Furniture,1,296.14,53.08
ORD-02745,2023-06-11,"Mark Lynch",South,PROD-0056,"Office Phone (Chairs)",Furniture,12,3158.78,1210.66
ORD-02757,2025-02-17,"Ms. Susan Vargas",East,PROD-0056,"Office Phone (Chairs)",Furniture,11,3257.50,1236.50
ORD-02829,2025-02-23,"Lisa Gibbs",Central,PROD-0056,"Office Phone (Chairs)",Furniture,6,1776.82,388.07
ORD-02894,2024-09-07,"Stephen Potter",West,PROD-0056,"Office Phone (Chairs)",Furniture,15,4442.04,712.63
ORD-02943,2024-01-28,"Paul Hudson",North,PROD-0056,"Office Phone (Chairs)",Furniture,10,3290.40,498.58
ORD-02947,2024-07-20,"Victoria Valdez",South,PROD-0056,"Office Phone (Chairs)",Furniture,9,2517.16,1098.18
ORD-00013,2025-01-25,"Robert Robinson",East,PROD-0057,"Office Phone (Copiers)",Technology,3,147.15,39.41
ORD-00018,2023-09-05,"Allison Smith",South,PROD-0057,"Office Phone (Copiers)",Technology,13,637.65,137.23
ORD-00023,2025-12-04,"Gina French",Central,PROD-0057,"Office Phone (Copiers)",Technology,11,599.50,159.00
ORD-00089,2024-12-07,"Jennifer Powers",North,PROD-0057,"Office Phone (Copiers)",Technology,6,294.30,65.08
ORD-00238,2025-10-26,"Brenda Snyder PhD",Central,PROD-0057,"Office Phone (Copiers)",Technology,9,465.98,74.61
ORD-00282,2025-01-20,"Cheryl Williams",South,PROD-0057,"Office Phone (Copiers)",Technology,6,310.65,51.31
ORD-00427,2024-01-26,"David Davidson",East,PROD-0057,"Office Phone (Copiers)",Technology,1,54.50,18.36
ORD-00463,2024-01-03,"Kristine Garcia",East,PROD-0057,"Office Phone (Copiers)",Technology,15,654.00,232.60
ORD-00496,2025-08-03,"Mrs. Jennifer Morgan",Central,PROD-0057,"Office Phone (Copiers)",Technology,12,654.00,208.28
ORD-00573,2023-01-03,"Kimberly Gibson",West,PROD-0057,"Office Phone (Copiers)",Technology,4,207.10,88.35
ORD-00579,2023-09-30,"Kim Brown",East,PROD-0057,"Office Phone (Copiers)",Technology,11,509.58,207.47
ORD-00619,2024-09-28,"Ashley Smith",South,PROD-0057,"Office Phone (Copiers)",Technology,6,327.00,92.89
ORD-00625,2024-11-17,"Kerry Smith",North,PROD-0057,"Office Phone (Copiers)",Technology,1,43.60,11.02
ORD-00648,2023-06-03,"Kimberly Dudley",Central,PROD-0057,"Office Phone (Copiers)",Technology,1,54.50,21.29
ORD-00678,2025-03-21,"Robert Montgomery",East,PROD-0057,"Office Phone (Copiers)",Technology,10,545.00,190.22
ORD-00795,2023-02-10,"Andrew Johnson",North,PROD-0057,"Office Phone (Copiers)",Technology,1,46.32,19.23
ORD-00838,2024-04-01,"Sarah Curtis",Central,PROD-0057,"Office Phone (Copiers)",Technology,14,724.85,253.99
ORD-00854,2024-05-23,"Kristine Garcia",East,PROD-0057,"Office Phone (Copiers)",Technology,5,258.88,41.66
ORD-00924,2024-09-18,"Christopher Schwartz",North,PROD-0057,"Office Phone (Copiers)",Technology,12,588.60,237.96
ORD-00974,2025-02-19,"Kevin Mills",East,PROD-0057,"Office Phone (Copiers)",Technology,6,294.30,61.40
ORD-00982,2025-01-18,"Robert Costa",South,PROD-0057,"Office Phone (Copiers)",Technology,10,545.00,83.09
ORD-01184,2024-04-28,"Vincent Mueller",East,PROD-0057,"Office Phone (Copiers)",Technology,9,490.50,101.25
ORD-01189,2024-04-10,"Courtney Jones",North,PROD-0057,"Office Phone (Copiers)",Technology,7,381.50,106.11
ORD-01279,2025-12-02,"Brenda Bailey",Central,PROD-0057,"Office Phone (Copiers)",Technology,13,602.22,136.30
ORD-01281,2024-08-09,"Sharon James",North,PROD-0057,"Office Phone (Copiers)",Technology,5,245.25,86.88
ORD-01401,2025-08-23,"Brittney Olson",South,PROD-0057,"Office Phone (Copiers)",Technology,15,735.75,320.98
ORD-01420,2025-12-21,"Michelle Lewis",Central,PROD-0057,"Office Phone (Copiers)",Technology,2,98.10,33.49
ORD-01485,2023-09-17,"Michael Miles",South,PROD-0057,"Office Phone (Copiers)",Technology,8,436.00,147.85
ORD-01548,2024-05-10,"Melissa Lee",North,PROD-0057,"Office Phone (Copiers)",Technology,9,441.45,189.60
ORD-01569,2024-12-30,"Paul Hudson",North,PROD-0057,"Office Phone (Copiers)",Technology,8,370.60,99.71
ORD-01576,2025-10-05,"Shawn Baker",South,PROD-0057,"Office Phone (Copiers)",Technology,13,673.08,262.11
ORD-01705,2023-11-12,"Crystal Whitehead",North,PROD-0057,"Office Phone (Copiers)",Technology,2,109.00,33.00
ORD-01745,2024-08-12,"Kyle Mcdonald",North,PROD-0057,"Office Phone (Copiers)",Technology,12,654.00,202.24
ORD-01806,2025-05-03,"Kelsey Parker",Central,PROD-0057,"Office Phone (Copiers)",Technology,14,763.00,310.31
ORD-01861,2025-09-28,"Mr. Donald Fischer",Central,PROD-0057,"Office Phone (Copiers)",Technology,13,673.08,194.22
ORD-01870,2024-03-04,"Connor Greene",West,PROD-0057,"Office Phone (Copiers)",Technology,1,54.50,8.43
ORD-02008,2023-01-10,"Monica Logan",North,PROD-0057,"Office Phone (Copiers)",Technology,1,43.60,14.68
ORD-02037,2025-02-20,"Brenda Bailey",Central,PROD-0057,"Office Phone (Copiers)",Technology,9,490.50,193.72
ORD-02118,2025-05-17,"Kimberly Gibson",West,PROD-0057,"Office Phone (Copiers)",Technology,6,261.60,89.07
ORD-02164,2025-06-30,"Rita Adams",South,PROD-0057,"Office Phone (Copiers)",Technology,3,147.15,44.57
ORD-02194,2023-06-28,"Jennifer Smith",West,PROD-0057,"Office Phone (Copiers)",Technology,5,258.88,56.65
ORD-02230,2023-01-17,"Darrell Patterson",North,PROD-0057,"Office Phone (Copiers)",Technology,7,362.42,131.62
ORD-02336,2023-01-23,"Benjamin Smith",South,PROD-0057,"Office Phone (Copiers)",Technology,7,305.20,98.55
ORD-02350,2024-10-06,"Walter Rush",West,PROD-0057,"Office Phone (Copiers)",Technology,2,109.00,48.77
ORD-02372,2025-04-17,"Brittney Webster",West,PROD-0057,"Office Phone (Copiers)",Technology,14,686.70,120.07
ORD-02473,2025-06-10,"Mrs. Jennifer Morgan",Central,PROD-0057,"Office Phone (Copiers)",Technology,6,261.60,92.60
ORD-02597,2023-11-07,"Kerry Smith",North,PROD-0057,"Office Phone (Copiers)",Technology,6,277.95,65.11
ORD-02706,2025-01-11,"Marie Christian",West,PROD-0057,"Office Phone (Copiers)",Technology,2,109.00,30.72
ORD-02844,2024-01-27,"Amy Hernandez",South,PROD-0057,"Office Phone (Copiers)",Technology,7,381.50,151.19
ORD-02956,2025-10-18,"Amanda Patel",Central,PROD-0057,"Office Phone (Copiers)",Technology,4,196.20,47.22
ORD-00010,2023-03-24,"Michael Martinez",East,PROD-0058,"Wireless Headset (Art)","Office Supplies",13,8020.87,1324.38
ORD-00071,2025-10-11,"Shawn Baker",South,PROD-0058,"Wireless Headset (Art)","Office Supplies",5,2622.21,436.45
ORD-00098,2025-08-19,"Teresa Rodriguez",West,PROD-0058,"Wireless Headset (Art)","Office Supplies",13,8020.87,2794.72
ORD-00138,2025-05-08,"Derek Thomas",Central,PROD-0058,"Wireless Headset (Art)","Office Supplies",10,5244.42,1216.81
ORD-00346,2023-11-07,"Michael Warner",East,PROD-0058,"Wireless Headset (Art)","Office Supplies",7,3671.09,1427.44
ORD-00653,2023-12-20,"Derek Thomas",Central,PROD-0058,"Wireless Headset (Art)","Office Supplies",6,3701.94,657.13
ORD-00686,2024-03-28,"Cameron Fisher",Central,PROD-0058,"Wireless Headset (Art)","Office Supplies",11,6108.20,2557.91
ORD-00781,2025-05-28,"Vincent Dalton",North,PROD-0058,"Wireless Headset (Art)","Office Supplies",8,4689.12,2103.54
ORD-00798,2024-09-08,"Noah Brown",North,PROD-0058,"Wireless Headset (Art)","Office Supplies",7,3671.09,1540.78
ORD-00800,2023-08-03,"Anna Henderson",East,PROD-0058,"Wireless Headset (Art)","Office Supplies",9,4719.97,1249.33
ORD-00828,2025-08-19,"Denise King",South,PROD-0058,"Wireless Headset (Art)","Office Supplies",14,8205.97,1552.37
ORD-00858,2024-03-21,"Richard Romero",East,PROD-0058,"Wireless Headset (Art)","Office Supplies",4,2467.96,648.46
ORD-00875,2025-01-23,"Christopher Lewis",North,PROD-0058,"Wireless Headset (Art)","Office Supplies",13,7218.78,2064.68
ORD-00933,2023-03-05,"Michael Warner",East,PROD-0058,"Wireless Headset (Art)","Office Supplies",14,7774.07,2148.21
ORD-00960,2023-02-08,"Jesse Perry",North,PROD-0058,"Wireless Headset (Art)","Office Supplies",15,7866.62,1821.97
ORD-00989,2023-04-17,"Angie Henderson",East,PROD-0058,"Wireless Headset (Art)","Office Supplies",3,1758.42,282.45
ORD-00995,2025-11-27,"Michael Martinez",East,PROD-0058,"Wireless Headset (Art)","Office Supplies",5,3084.95,1357.12
ORD-01095,2023-01-31,"Jesse Santiago",West,PROD-0058,"Wireless Headset (Art)","Office Supplies",3,1480.78,543.70
ORD-01166,2024-04-23,"Vincent Mueller",East,PROD-0058,"Wireless Headset (Art)","Office Supplies",4,2097.77,708.74
ORD-01343,2024-08-20,"Mr. Philip Cannon",East,PROD-0058,"Wireless Headset (Art)","Office Supplies",13,6817.74,1791.05
ORD-01388,2023-07-05,"Jesse Perry",North,PROD-0058,"Wireless Headset (Art)","Office Supplies",6,3331.75,646.35
ORD-01503,2023-06-29,"Mrs. Jennifer Morgan",Central,PROD-0058,"Wireless Headset (Art)","Office Supplies",4,2097.77,385.27
ORD-01510,2023-10-08,"Mark Brennan",North,PROD-0058,"Wireless Headset (Art)","Office Supplies",4,2467.96,494.37
ORD-01589,2025-05-26,"Cameron Fisher",Central,PROD-0058,"Wireless Headset (Art)","Office Supplies",6,3701.94,1208.39
ORD-01691,2024-07-12,"Lori Guerrero",East,PROD-0058,"Wireless Headset (Art)","Office Supplies",10,5244.42,1438.53
ORD-01694,2024-11-04,"Mark Brennan",North,PROD-0058,"Wireless Headset (Art)","Office Supplies",1,616.99,151.54
ORD-01719,2025-10-28,"Kerry Smith",North,PROD-0058,"Wireless Headset (Art)","Office Supplies",1,616.99,140.58
ORD-01829,2024-01-04,"Allison Hill",North,PROD-0058,"Wireless Headset (Art)","Office Supplies",1,616.99,132.02
ORD-01847,2023-12-11,"Mrs. Jennifer Morgan",Central,PROD-0058,"Wireless Headset (Art)","Office Supplies",13,8020.87,2315.94
ORD-01967,2023-10-12,"Amanda Patel",Central,PROD-0058,"Wireless Headset (Art)","Office Supplies",3,1850.97,517.43
ORD-02123,2024-08-03,"Sandra Parker",West,PROD-0058,"Wireless Headset (Art)","Office Supplies",3,1573.32,393.95
ORD-02238,2024-02-13,"Samantha Pollard",South,PROD-0058,"Wireless Headset (Art)","Office Supplies",2,987.18,429.14
ORD-02249,2025-12-19,"Brittney Olson",South,PROD-0058,"Wireless Headset (Art)","Office Supplies",10,6169.90,2335.46
ORD-02299,2024-08-30,"Teresa Rodriguez",West,PROD-0058,"Wireless Headset (Art)","Office Supplies",2,1110.58,204.42
ORD-02352,2025-03-11,"Brent Jordan",East,PROD-0058,"Wireless Headset (Art)","Office Supplies",12,7403.88,1168.66
ORD-02355,2025-02-21,"Olivia Moore",North,PROD-0058,"Wireless Headset (Art)","Office Supplies",8,4442.33,841.18
ORD-02373,2025-06-21,"Kathleen Ramos",North,PROD-0058,"Wireless Headset (Art)","Office Supplies",6,3331.75,654.85
ORD-02430,2024-04-18,"Rodney Trujillo",Central,PROD-0058,"Wireless Headset (Art)","Office Supplies",2,1048.88,219.90
ORD-02488,2025-01-25,"Joshua Smith",Central,PROD-0058,"Wireless Headset (Art)","Office Supplies",14,7774.07,1190.45
ORD-02531,2023-10-28,"Christian Martinez",East,PROD-0058,"Wireless Headset (Art)","Office Supplies",13,8020.87,3368.78
ORD-02582,2024-09-06,"Jesse Perry",North,PROD-0058,"Wireless Headset (Art)","Office Supplies",7,4102.98,636.75
ORD-02636,2024-09-13,"Jennifer Powers",North,PROD-0058,"Wireless Headset (Art)","Office Supplies",13,6416.70,1200.34
ORD-02670,2024-08-11,"Sierra Johnson",East,PROD-0058,"Wireless Headset (Art)","Office Supplies",14,7774.07,2417.34
ORD-02804,2023-01-12,"Alexis Herrera",South,PROD-0058,"Wireless Headset (Art)","Office Supplies",5,2622.21,1015.41
ORD-02840,2025-06-23,"Walter Rush",West,PROD-0058,"Wireless Headset (Art)","Office Supplies",8,4195.53,894.95
ORD-02896,2024-11-13,"Nicole Parrish",North,PROD-0058,"Wireless Headset (Art)","Office Supplies",13,8020.87,1274.54
ORD-02903,2025-08-25,"Phillip Dorsey",South,PROD-0058,"Wireless Headset (Art)","Office Supplies",11,6447.55,1293.35
ORD-02907,2025-09-27,"Andrew Johnson",North,PROD-0058,"Wireless Headset (Art)","Office Supplies",11,5768.86,916.86
ORD-02912,2023-07-10,"Kristen Willis",West,PROD-0058,"Wireless Headset (Art)","Office Supplies",6,3516.84,892.53
ORD-02931,2025-05-04,"Nathan Cortez",East,PROD-0058,"Wireless Headset (Art)","Office Supplies",1,586.14,206.68
ORD-02972,2025-07-09,"Roger Vargas",Central,PROD-0058,"Wireless Headset (Art)","Office Supplies",3,1480.78,587.44
ORD-00017,2024-05-12,"Melissa Bryant",South,PROD-0059,"LED Desk Lamp (Phones)",Technology,2,1198.70,261.62
ORD-00105,2023-04-05,"Suzanne Walker",South,PROD-0059,"LED Desk Lamp (Phones)",Technology,6,3384.58,1466.08
ORD-00170,2024-11-06,"Jesse Brown",South,PROD-0059,"LED Desk Lamp (Phones)",Technology,11,7756.32,2534.44
ORD-00213,2023-03-26,"Angela Hernandez",West,PROD-0059,"LED Desk Lamp (Phones)",Technology,8,4512.77,1256.82
ORD-00288,2024-06-17,"Michael Warner",East,PROD-0059,"LED Desk Lamp (Phones)",Technology,12,8038.37,3099.83
ORD-00293,2024-09-06,"Brittney Webster",West,PROD-0059,"LED Desk Lamp (Phones)",Technology,14,9871.68,2334.23
ORD-00327,2025-06-01,"James Mayo",Central,PROD-0059,"LED Desk Lamp (Phones)",Technology,3,2115.36,490.23
ORD-00411,2023-03-10,"Darrell Patterson",North,PROD-0059,"LED Desk Lamp (Phones)",Technology,8,5076.86,1261.06
ORD-00452,2025-12-09,"Rickey Li",Central,PROD-0059,"LED Desk Lamp (Phones)",Technology,3,2115.36,830.11
ORD-00549,2024-02-28,"Nicole Parrish",North,PROD-0059,"LED Desk Lamp (Phones)",Technology,13,9166.56,2557.27
ORD-00646,2024-03-31,"Katrina Hill",East,PROD-0059,"LED Desk Lamp (Phones)",Technology,3,2115.36,429.20
ORD-00729,2025-04-02,"Laura Mckinney",South,PROD-0059,"LED Desk Lamp (Phones)",Technology,1,669.86,122.67
ORD-00801,2023-08-22,"Kevin Mills",East,PROD-0059,"LED Desk Lamp (Phones)",Technology,13,9166.56,2756.19
ORD-00816,2024-07-10,"Daniel Salinas",East,PROD-0059,"LED Desk Lamp (Phones)",Technology,14,9378.10,2279.15
ORD-00824,2024-04-03,"Kara Schmidt",South,PROD-0059,"LED Desk Lamp (Phones)",Technology,11,6205.06,2162.52
ORD-00846,2024-01-26,"Brent Jordan",East,PROD-0059,"LED Desk Lamp (Phones)",Technology,12,8461.44,3534.09
ORD-01090,2025-12-03,"Crystal Little",East,PROD-0059,"LED Desk Lamp (Phones)",Technology,11,7756.32,2390.13
ORD-01291,2023-06-10,"Mr. Donald Fischer",Central,PROD-0059,"LED Desk Lamp (Phones)",Technology,15,8461.44,1867.20
ORD-01363,2024-02-04,"Dawn Hensley",West,PROD-0059,"LED Desk Lamp (Phones)",Technology,9,6346.08,1565.48
ORD-01419,2025-05-07,"Thomas Cunningham",Central,PROD-0059,"LED Desk Lamp (Phones)",Technology,1,634.61,240.71
ORD-01559,2025-06-28,"Mr. Philip Cannon",East,PROD-0059,"LED Desk Lamp (Phones)",Technology,4,2538.43,832.14
ORD-01595,2025-08-19,"Kimberly Dudley",Central,PROD-0059,"LED Desk Lamp (Phones)",Technology,10,7051.20,1087.79
ORD-01655,2024-07-31,"Nicole Parrish",North,PROD-0059,"LED Desk Lamp (Phones)",Technology,4,2820.48,918.49
ORD-01700,2023-09-22,"Sara Johnston",East,PROD-0059,"LED Desk Lamp (Phones)",Technology,4,2256.38,982.42
ORD-01774,2025-05-28,"Ashley Smith",South,PROD-0059,"LED Desk Lamp (Phones)",Technology,7,4689.05,846.75
ORD-01783,2023-10-28,"Brittney Webster",West,PROD-0059,"LED Desk Lamp (Phones)",Technology,12,8038.37,2541.28
ORD-01817,2023-04-02,"Ms. Susan Vargas",East,PROD-0059,"LED Desk Lamp (Phones)",Technology,7,4689.05,1303.94
ORD-01874,2023-09-18,"Rodney Trujillo",Central,PROD-0059,"LED Desk Lamp (Phones)",Technology,5,3173.04,613.53
ORD-01892,2024-10-03,"Michael Warner",East,PROD-0059,"LED Desk Lamp (Phones)",Technology,15,8461.44,2047.59
ORD-01895,2023-04-17,"Mary Thompson",North,PROD-0059,"LED Desk Lamp (Phones)",Technology,5,2820.48,946.45
ORD-02013,2023-08-09,"Brittney Olson",South,PROD-0059,"LED Desk Lamp (Phones)",Technology,14,9871.68,3486.64
ORD-02196,2023-07-11,"Crystal Whitehead",North,PROD-0059,"LED Desk Lamp (Phones)",Technology,3,1903.82,823.93
ORD-02248,2023-09-24,"Belinda Mccullough",East,PROD-0059,"LED Desk Lamp (Phones)",Technology,6,4230.72,962.96
ORD-02489,2023-04-18,"David Cox",West,PROD-0059,"LED Desk Lamp (Phones)",Technology,5,2820.48,1232.77
ORD-02528,2024-12-22,"Allison Hill",North,PROD-0059,"LED Desk Lamp (Phones)",Technology,8,5076.86,2283.05
ORD-02563,2024-10-03,"Michelle Lewis",Central,PROD-0059,"LED Desk Lamp (Phones)",Technology,9,5394.17,1274.21
ORD-02598,2025-07-30,"Shawn Baker",South,PROD-0059,"LED Desk Lamp (Phones)",Technology,12,6769.15,1448.54
ORD-02718,2025-05-14,"Eric Byrd",North,PROD-0059,"LED Desk Lamp (Phones)",Technology,6,4230.72,1393.20
ORD-02746,2024-10-31,"Katherine Mcguire",East,PROD-0059,"LED Desk Lamp (Phones)",Technology,3,1903.82,665.19
ORD-02749,2025-12-03,"Nancy Gonzalez",Central,PROD-0059,"LED Desk Lamp (Phones)",Technology,6,4230.72,835.87
ORD-02806,2024-04-27,"Robert Robinson",East,PROD-0059,"LED Desk Lamp (Phones)",Technology,6,4019.18,953.91
ORD-00033,2023-02-05,"Anna Gay",Central,PROD-0060,"Storage Box (Copiers)",Technology,2,19.38,7.43
ORD-00069,2025-08-20,"Gina French",Central,PROD-0060,"Storage Box (Copiers)",Technology,6,55.23,19.33
ORD-00164,2024-03-16,"Sandra Gilbert",West,PROD-0060,"Storage Box (Copiers)",Technology,7,64.44,11.83
ORD-00232,2023-09-26,"Melissa Lee",North,PROD-0060,"Storage Box (Copiers)",Technology,10,92.06,37.17
ORD-00586,2024-08-06,"Lori Guerrero",East,PROD-0060,"Storage Box (Copiers)",Technology,13,107.07,47.32
ORD-00639,2023-07-05,"Paul Hudson",North,PROD-0060,"Storage Box (Copiers)",Technology,3,23.26,5.68
ORD-00674,2024-02-17,"Randy Strickland",Central,PROD-0060,"Storage Box (Copiers)",Technology,13,125.97,43.81
ORD-00703,2023-11-11,"Belinda Miller",East,PROD-0060,"Storage Box (Copiers)",Technology,1,9.69,4.35
ORD-00722,2024-10-29,"David Murphy",East,PROD-0060,"Storage Box (Copiers)",Technology,14,135.66,39.90
ORD-00822,2025-06-21,"Sarah Curtis",Central,PROD-0060,"Storage Box (Copiers)",Technology,1,9.69,3.60
ORD-00909,2025-03-20,"Dwayne Payne",South,PROD-0060,"Storage Box (Copiers)",Technology,14,115.31,50.82
ORD-00954,2023-08-31,"Christopher Schwartz",North,PROD-0060,"Storage Box (Copiers)",Technology,11,106.59,34.71
ORD-01216,2024-08-08,"Jesse Perry",North,PROD-0060,"Storage Box (Copiers)",Technology,8,77.52,25.06
ORD-01221,2025-07-20,"Jennifer Smith",West,PROD-0060,"Storage Box (Copiers)",Technology,2,19.38,6.84
ORD-01260,2024-11-17,"Mary Thompson",North,PROD-0060,"Storage Box (Copiers)",Technology,8,62.02,12.76
ORD-01373,2024-10-24,"Sandra Parker",West,PROD-0060,"Storage Box (Copiers)",Technology,5,48.45,10.45
ORD-01472,2024-01-02,"Michelle Lewis",Central,PROD-0060,"Storage Box (Copiers)",Technology,5,48.45,20.21
ORD-01486,2023-03-13,"Tony Saunders",East,PROD-0060,"Storage Box (Copiers)",Technology,11,106.59,16.69
ORD-01620,2023-10-07,"David Cox",West,PROD-0060,"Storage Box (Copiers)",Technology,1,9.69,2.06
ORD-01838,2024-10-17,"Vincent Mueller",East,PROD-0060,"Storage Box (Copiers)",Technology,3,27.62,5.03
ORD-01863,2025-06-30,"Mr. Nathaniel Khan",North,PROD-0060,"Storage Box (Copiers)",Technology,11,106.59,36.68
ORD-01881,2024-04-04,"Eric Byrd",North,PROD-0060,"Storage Box (Copiers)",Technology,1,9.69,1.69
ORD-01889,2025-11-30,"Ms. Teresa Wilson",West,PROD-0060,"Storage Box (Copiers)",Technology,13,125.97,21.03
ORD-01928,2025-06-07,"Curtis Johnson",West,PROD-0060,"Storage Box (Copiers)",Technology,15,123.55,53.17
ORD-02001,2023-11-27,"Casey James",East,PROD-0060,"Storage Box (Copiers)",Technology,3,23.26,10.34
ORD-02035,2024-11-09,"Christopher Jenkins",South,PROD-0060,"Storage Box (Copiers)",Technology,6,58.14,22.57
ORD-02115,2024-01-21,"Kim Brown",East,PROD-0060,"Storage Box (Copiers)",Technology,12,116.28,32.34
ORD-02155,2025-12-21,"Marie Moody",West,PROD-0060,"Storage Box (Copiers)",Technology,8,77.52,22.82
ORD-02195,2023-07-04,"Jacob Fitzpatrick",South,PROD-0060,"Storage Box (Copiers)",Technology,11,106.59,45.51
ORD-02382,2025-03-23,"Jordan Edwards",North,PROD-0060,"Storage Box (Copiers)",Technology,13,119.67,46.69
ORD-02416,2023-07-24,"Angel Miller",North,PROD-0060,"Storage Box (Copiers)",Technology,11,101.26,30.28
ORD-02481,2025-04-30,"Charles Schultz",Central,PROD-0060,"Storage Box (Copiers)",Technology,12,116.28,42.74
ORD-02572,2023-07-19,"Shawn Baker",South,PROD-0060,"Storage Box (Copiers)",Technology,14,135.66,38.03
ORD-02589,2025-03-12,"Alexis Herrera",South,PROD-0060,"Storage Box (Copiers)",Technology,7,57.66,12.11
ORD-02665,2024-12-13,"Sean Rasmussen",West,PROD-0060,"Storage Box (Copiers)",Technology,15,145.35,25.72
ORD-02726,2025-01-27,"Matthew Williams",South,PROD-0060,"Storage Box (Copiers)",Technology,11,90.60,28.44
ORD-02741,2025-05-23,"Rita Adams",South,PROD-0060,"Storage Box (Copiers)",Technology,12,110.47,32.45
ORD-02917,2023-07-27,"Cameron Fisher",Central,PROD-0060,"Storage Box (Copiers)",Technology,11,85.27,28.02
ORD-02968,2025-05-06,"Katrina Hill",East,PROD-0060,"Storage Box (Copiers)",Technology,15,130.82,47.92
ORD-02973,2023-01-07,"Lori Garcia",East,PROD-0060,"Storage Box (Copiers)",Technology,9,69.77,24.40
